Number	Forenames	Surname	Job / Trade	Business / Entity	Layout / Notes
Aberthaw Road, E 2		
	4	Rosser	Henry E.			
	8	Boucher	George,	packer		
	6	Duusford	Geo.,	quarryman		
	4	Edden	Thos.	eng. driver		
	2	Bernard	John,	quarryman		
Near Lime works, Lliswerry.				
Adam Street, B 4		
Albany-street towards river.				
Adelaide Street, B 4		
East side, Albany-street.				
[LEFT HAND SIDE.]		
	1	Palmer	Mrs. M.	shopk'p'r		
	3	Thomas	David			
	5	Cleverley	Joseph			
	7	Moore	Alfred	Edw.		
	9	Curtis	Thos.	glassworker		
	11	Dowding	Chas.	glass wkr		
	13	Hayward	John,	labourer		
	15	Purnell	Frank,	bottlemkr		
	17	Price	Moses,	labourer		
	19	Sweet	Rbt.	brewery hand		
	Charles	John,	steam joinery		
works				
	(return)		
	6	Brunt	Arthur,	carman		
	4	Harris	Chas.	crane driver		
	2	Belch	William			
Adeline Street, E 5		
From 16 Alexandra-road.				
	1	Pollock	William	E.		
	2	Parsons	W.	sailmaker		
	3	Griffiths	Jas.	shipwright		
	52	Garrett	J. E.	boilermakr
	54	Burrows	James,	B.T.
	56	Edwards	Morris,	inspectr
	58	Clayton	F.	engine driver
	60	Hughes	W. R.	trimmer
	62	Void	
(return)				
	77	Bigerstaff	John,	mariner
	75	Powell	Edmund,	boatman
	73	Thomas	Philip,	weigher
	71	Spooner	Ashwin,	blksmith
	69	Hulbert	O.	weighman
	67	Bright	Geo.	labourer
	65	Perchard	John,	shipper
	63	Nash	Geo.	boatman
	61	O'Brien	Wm.	fitter
	59	Taylor	Henry,	carpenter
	57	Pring	Edwd.	dk. labourer
	55	Buck	Geo.	boatman
	53	Murphy	Daniel,	trimmer
	51	Boddy	John	H. weighman
	49	Foley	Thomas,	trimmer
	47	Abraham	Hy.	boatman
	45	Carty	G. W.	rigger
	43	Sellars	John	
	41	Webber	Mrs.	Jane L.
	39	Butler	James,	fitter
	37	Evans	Wm. J.	pilot
	35	Pring	Wm.	H. weighman
	33	Gearon	Jos.	railway hand
	31	Morgan	Thomas	L.
	29	Beecham	Issac,	smith
	27	Beecham	Henry,	fitter
	25	Pritchard	Walter	F. fitter
	23	Davies	John	
ALEXANDRA SCHOOLS		
	20	Powell	John,	fitter
	22	Tyldesley	Mrs.	James
	24	Marsh	Benj.	boilermaker
	26	Batstone	Robt.	mas. mar.
	28	Bradbury	Hy.	eng. driver
	30	Littlejohns	Mrs.	F.
	32	Gapper	Clement	Hy.
	34	Vaughan	J. E.	eng. driver
	36	Jones	Wm.	Hy. smith
	38	Waldron	Henry,	fireman
	40	Davies	Nath.	dk. labourer
	42	Thomas	C.	J. boilermaker
	44	Smart	Geo.	stevedore
	46	Rees	L.	M. foreman
	48	Parsell	John	Hy. moulder
	50	Perchard	Edwd.	weigher
Williams & Son, pattern		
makers				
	9	Jones	Mrs.	Sarah
	10	Phillips	David,	mariner
	11	Treagle	Sl.	mariner
	12	Sims	Wm.	H. coal trmr
	13	Collins	J.	P. fitter
	14	Harwin	Wm.	foreman
	15	Gough	Hy.	shipwright
	16	McCarthy	Danl.	dk police
	17	Ratcliffe	Mrs.	E.	A.
	18	Rogers	Wm.	driller
here is Pottery-terrace.				
	5	Richards	D.	J.fitter's hlpr
	6	Whyman	Geo.	dock police
	7	Davies	Mrs.	S. K.
	8	Noakes	Wm.	
The Newport Steam Laundry Co., Bath Street		
Ade
NEWPORT STREET DIRECTORY.
Adeline street—continued
21 Davies John, hoistman
19 Pritchard Hy. berth mas.
Agincourt Street, B 4
[LEFT HAND SIDE.]
1 Cruise Robert, labourer
3 Williams Wm. labourer
7 Baston Wm. labourer
9 Jeffreys Wallace
11 Collins Michael, fitter
13 Jones William, G.W.R.
15 Driscoll Wm. gas worker
17 Leyshon John, labourer
19 Evans George, labourer
21 Hubbard Mrs. R.
23 Lewis Mrs. Mary Ann
25 Dowding J. glass blower
27 Sysum Daniel, labourer
29 Stroud Arthur, labourer
31 Burns Patrick, labourer
33 Michael Thos. J. smith
35 Marrett Albt. bottle wkr
37 Crick Geo. labourer
39 Wheeler Hy. J. glass wkr
41 Basham Wm. labourer
43 White Wm. H. bottlemkr
45 Potts Wm. Jno. labourer
47 Bates Mrs. Mercy, l'ndress
(return)
46 Short Albert, labourer
44 Tutton James, labourer
42 Jones Wm. sampler
40 Ricks Jas. Ed. labourer
38 Thomas Henry, labourer
36 Edwards Herbert
34 Saunders Geo. labourer
32 Rodburn Geo. labourer
30 Paskin Mrs. Elizabeth
28 Fitzgerald Ed. labourer
26 Watson Wm. bricklayer
24 Price John, mason's lab'r
22 Molloy Geo. ironworker
20 Terry Charles, labourer
18 Lurvey Mrs. Louisa
16 Hill John, mason
14 Void
12 Booth John, labourer
10 Davies Mrs. Annie
8 Spritt Thos. labourer
6 Gay Thos. labourer
4 Lewis Mrs. Annie
2 Sheldon Samuel, ironwkr
Ailesbury Street, B 4
FROM 11 ALBANY-STREET.
[LEFT HAND SIDE.]
1 Driscoll Jeremiah
3 Walker Thos. Hy.
5 Miller Lewis, haulier
7 Rosier Wm. labourer
9 Taylor Reuben, agent
11 Rosier James, labourer
13 Crump John, labourer
15 Stevens Henry, labourer
17 Heirene Dennis
19 Hardy George, labourer
21 Morris John, labourer
23 Brewis Joseph, glass wkr
25 James Thomas, labourer
27 Hale Wm. wireman
29 Basham Edw. labourer
31 Crowley Edwd. labourer
33 Smith James, labourer
Vacant sites
(return)
44 Bennett David, fireman
42 Weeks Herbert, haulier
40 Ward Alfred, G.W.R.
38 Richardson John, eng.dvr
36 Williams W. Ed. wireman
34 Owen John
32 Workman Hy. platelayer
30 Huddinott Fred. C. lab'r
28 Bailey Hannibal, labourer
26 Shakeshaft R. platelayer
24 Belcher Wm. Thos. lab'r
22 Mayne George, gardener
20 Biddiscombe Wm. lab'r
18 Workman David
16 Kent John Hy. labourer
14 Benson Ernest, bottle blr
12 Burgess Wm. labourer
10 Hunton Mrs. R. tailoress
8 Hillier Thos. blacksmith
6 Ricketts William
4 Merefield Albt.Geo.ostler
2 Tutton Joseph, haulier
Albany Chambers, C 4
See 1 Commercial-street.
Albany Road, C 4
(Now St. Vincents-road).
3 Taylor Wm. labourer
4 Maggs Alfred, butcher
Here is Agincourt-street.
5 Sullivan Wm. shopkeeper
6 Harding John, mason
7 Miller Mrs. Harriett
8 Murphy Mrs. Ann
9 Oakes Wm. hawker
10 Nelson Mrs. Martha
11 Tutton S. general shop
Here is Ailesbury-street.
12-13 Coronation Club, and
Working Men's Institute
—Geo. Hitchings, steward
14 Page Charles, labourer
15 Thomas Benj. labourer
16 Pope Elisha, plasterer
17 Plain Alfonso, clerk
18 Sims Hy. warehouseman
19 Vinicombe Miss M. grocer
Welford T. H., bootmkr
Here is Argyle-street.
20 Davies Wm. labourer
Robinson Thos. bootmkr
21 Parker Mrs. M.
22 Ovel John, labourer
23 Welsh Mrs. Susan
24 Moulton John, tailor
25 Wilson Robert
26 Morley Chas. decorator
27 Wade James, glassblower
28 Taylor Frank, labourer
29 Perkins James, haulier
30 Shellan John, cabman
31 James Abbott Thomas
32 Davis Jacob, labourer
33 Prior Chas. Ed. labourer
34 Monaghan James
35 Brute Mrs. M.
36 Picton Thos. gas stoker
37 Saunders Hy. labourer
38 White Henry, seaman
39 Dallimore Thos. haulier
40 Manley Wm. labourer
41 Lockyer Chas. foreman
43 Hillman Robt. haulier
45 Mon. Steam Laundry Co.,
Ltd.
47 Isaac Jas. H. wareh'sem'n
Here is Aragon-street.
Gas Co.'s Crindau work
S. Wales Glass Manufac-
turing Co., Ltd.
(return)
Stone & Tinson, chemic
manufacturers
Albany Street, B 4
Malpas-road to Glass works.
[LEFT HAND SIDE.]
1 Ball Frederick, tailor
2 Williams Evan, gasfitter
The Newport Steam Laundry Co., Bath Street
Alb	NEWPORT STREET DIRECTORY.	Alb				
ALBANY TERRACE.			PROVIDENCE PLACE.				
5	Webberley	Jas.	labourer			28	Jenkins	J.	W.	motorman
4	Phillips	Wm.	Rd.	labour'er		29	Stevens	Ernest,	fitter		
4	Hayward	John,	glass	bl.		30	Tuck	John,	driver		
2	Willis	Mrs.	S.	A.		31	Baker	W.	E.	carpenter's asst
	here is Alderney-street.		32	Hodges	Fredk.	carpenter	
	Lovell G. F. & Co. "Mon."		32	Hodges	John,	gardener	
	confectionery works		Hodges	Hy.	paint'r	& dectr	
	Newport Pottery Co., Ltd.		33	Dix	John,	Crown	cottage
1	Scott	Robert,	G.W.R.		CAMBRIA COTTAGES (15)		
2	Bowen	Henry		here is	Fairoak-avenue.		
3	Upton	Wm.	labourer	34	Gough	William	Hy.		
4	Broughton	Hbt.	gas	wkr	35	Davies	Capel,	carpenter	
5	Wilson	Wm.	glass	blower	36	Jones	John	Hy.	assistant
6	Sturmey	Arthur	labourer	37	Jenkins	Mrs.	M.	E.	grocer
7	Thomas	Geo.	E.	carpntr		(return)		
8	Griffin	William		50	Venables	Enoch,	ironwrkr
9	Browning	A.	J.	decorator	51	Edwards	Ernest,	ironwrkr
	here is Lyne-road.		52	Taylor	Stephen,	baker	
	Jones	T.	H.	marine stores	55	Price	Mrs.	A.		
	See also Crindau.		56	Randell	Wm.	inspector	
			57	Loveday	John,	ins.	agent
Albert Avenue, D 3		58	Thomas	Danl.	Hy.	baker	
From 127 Chepstow-road to	59	Biddiscombe	Enos,	labr	
Summerhill-avenue.		60	Warsap	Mark,	smith		
	[LEFT HAND SIDR.]	SUMMERHILL BAP. CHAPEL		
1	Hurley	C.	E.	Royal	Albert	62	Pearce	C.;	Summerhill ho
2	Millington	Miss	Alice	63	Gough	Samuel		
3	Pearce	R.carpntr&joiner	64	Mercy	Samuel,	baker		
4	Wiggett	Thos.	carptr,	&c.	65	Evans	William,	painter	
5	Grove	Thos.	Wm.		66	Gough	Wm.	H.	gas	fitter
6	D'Garty	T.	T.	painter	67	Cook	George,	brewer		
7	Gatehouse	W.	V.conductr	68	Reece	W.J.grocer	& baker
8	Preddy	Albert	H.	groom	69	Bubb	George,	haulier	
9	Gilson	Worthy,	cabman	70	Wiggett	Benj.	mason		
10	Sims	Charles,	haulier	71	Hill	Wm.	Geo.	haulier	
11	Trenchard	Jos.	labourer	72	Stacey	Mrs.	E.	J.		
12	Gough	Thomas			Hobbs	Wm.	Crown	Hotel	
13	Dark	James,	mason		here is	Crown-street.		
14	Wicks	Jos.	Hy.	plasterer	73	Davey	E.	shop		
15	Lawton	Richd.	carpenter	74	Jones	Joseph		
16	Jones	David		75	Parr	Thos.	labourer	
17	Coote	Arthur	G. plumber	76	Trevaskis	J.	bootmaker
18	Hipsley	Rd.	labourer	77			
19	Bastin	Rd.	greengrocer	78	Thorne	G.	F.grocer,&c.
	here is Maindee-parade.		80	Pritchard	W.J.carpenter
20	Deacon	Mrs.	H.	G.shop	81	Newberry	H.	Dos	works
21	Badger	Edgar	C.		82	Poole	Mark,	clerk		
22	Price	Thos.	platelayer	83	Sextone	Mrs.	Jeanette	
24	Bethell	Wm.	painter		84	Baker	Geo.	Hy.	salesman
25	Ingram	I.	A.	cabinetmkr	85	Whittaker	Geo.	H.		
26	Gregory	Montague		86	Brown	Fredk.	Josyan	cot
27	Morris	Griffiths,	fitter	87	Fortey	Frank,	ins.	agent
			88	Bastin	Robt.	H.	labourer
			89	Webb	W.	H.	butcher	
			90	Combs	Fred.	painter	
Albert Street, E 4				
From 32 Commercial-road.				
1	Ponsonby	A.	H.	hairdres'r
2	Francis	Robt.	G.W.R.		
3	Bateman	Fred	W.	eng.	dvr
4	Crosta	Danl.	brushmaker
5	Davies	Jno.	dock	labourer
6	Hathway	Geo.	G.	striker
7	Evans	T.	A.	tug-boatman
Albert Terrace, C 5				
East side of Tunnel.				
1	Porter	Clement.	coal	tipr
2	Brooks	Arthur,	gardener	
3	Witts	Mrs.	E.	S.	Engi-
	neer's	Arms		
	here is East-street.		
4	Taylor	Eli,	labourer	
5	Clayton	Mrs.	Ann		
6	Weight	G.	H.	plumber	
7	Standerwick	Wm.gard'nr
8	Goddard	John,	carpenter
9	Minnett	John,	mason		
10	Legge	Thomas			
11	Tillin	Wm.	J.	bookkeeper
12	Frape	Mrs.	Susan		
13	Wheatland	Wm.gardener
14	Dowdall	Mrs.	Sarah		
15	Nihan	John,	tailor		
16	Johnson	Herbert,	mason	
17	Davies	Charles,	G.W.R.	
18	Powell	Wm.	plumber	
19	Powell	Wm.	B.	& M.R.	
20	Davies	Geo.	Jas.	assistant
21	Bowen	J.	T.	signalman
22	Smart	Chas.	Alfd.	G.W.R.
23	Halse	Mrs.			
Albion Chambers.				
See 21 Commercial-street.	379			
Geo. Greenland & Sons, Proprietors. Nat. Tel. 0180		
Alb	NEWPORT STREET DIRECTORY.	Ale
Albion Street, E 5	Timber berths	Scott Geo. & Co. stevedores
From 189 Commercial-road.	[West-side.]	Cork wharf
1	Hood Thomas, dock labr	Wise H. Harris, timber mea-	
2	Lampre William	surer's office	
3	Ross Richd. pilot's assist	Dock engine office	Alexandra Road, E 5
4	Green Hy. crane driver	Hydraulic power station	Fromend of Commercial-road
5	Strode Henry, labourer	Timber float	[RIGHT HAND SIDE.]
6	Granville Mrs. Catherine	Nicholas & Co.'s, Ltd., steam	2	Leonard W. F. grocer
7	Pope Richard, mason	sawing & mouldin.g mills,	4	Maddocks R.W.hairdrar
8	Cordy Fredk. police	Wills Clifford, engine drvr	6	Hughes Wm. outfitter
9	Butler, James, labourer	Williams H. foreman	8	Evans D. J. butcher
10	Young James, labourer	Burt, Boulton & Haywood, Ltd.,	Casey Thos. dk. labourer
11	Reade George, inspector	Ld.,sleeper mehts.,creosote	10	Pugh Dd. greengrocer
12	O'Connel Danl. trimmer	works,&c. & Port Talbot	12	Marks, Mrs.A. tobaccoist
13	Carrol Wm. labourer	British Wagon Co., Ltd.	14	Baldock W. pork butcher
14	Berry William, boatman	A.D. & R. Ambulance station	16	Harris & Hood,ship chndls
15	Coes Walter J. coal trmr	Post Office telephone office	18	Oakley Edwin, gen. shop
16	Lewis Albt. John, g.w.r.	NationalTelephoneCo.'soffice	20	Powell Duffryn Stm. Coal
17	Burke Cornelius, trimmer	Strick Frank C. & Co., Ltd.	Co.Ltd.–R.T.Martin,agt
18	Oakley Mrs.	Alex. Dk. carpenters' dept.	Parry D. caretaker
19	Harris Henry, painter	Mordey, Carney & Co., Ltd.,	22	Berry Mrs. L. restaurant
20	James Wm. dock labourer	Durham engine works	24	Void
21	Powell Dl. Thos. dk labr	South Dock–Six coal hoists	26	Alexandra (Newport) Dks
22	James Samuel, fitter	and necessary sidings	and Railway Co.–En-
23	Iles Chas. labourer	Gibb (Easton) & Company,	gineer's office
24	Kane Robt. boilermaker	contractors	here is James-street:
25	Wiltshire J. C. bootmkr		28	English & Colonial Meat
26	Pearce Arthur	(return)	Company
	Crandon Tom, labourer	[East-side.]	30	James F. confectioner
27	Gunter Ivor, dock labr	Engine houses & workshops	32	James M. china dealer
28	Neill James, coal trimmer	Alexandra Dry Dock	34	Harris W. D. greengrocer
29	Jones John Henry		St. Stephen's Schools
30	Law John, seaman	DOCK COTTAGES–	36	Fleming James
	Landrey Walter, labourer	13	England Thomas, fitter	38	Evans D. J. butcher
31	Coughlin Owen, labourer	10	Morgan Fredk. dockman	40	Bartlett Wm. J. grocer
	Pritchard Chas. labourer		here is Adeline-street:
32	Blake A. C. blacksmith	9	Watts John	St. Stephen's Church.
33	Houghton Bros. undrktrs	8	Jones E.	here is Pottery-terrace.
	and carriage proprietors	7	Rowland Wm. Hy.	42	Roberts E. baker, etc.
	Houghton Bros. firewood yd.	6	Smith James	44	Hansen L. P.photographr
		5	Hansford Chas. fitter	46	Bowen W.H. greengrocer
Alderney Street, B 4	4	Aldridge John, dockman	48	Gillman & Son, boot strs
From 49 Albany-street.	3	Lloyd John	BAPTIST CHAPEL.
Morgan John, engine driver	2	Soffe William	here is Milman-street.
		1	Ingram Jacob	50	PILLGWENLLY CONSTITU-
Alexandra Docks, F 5		Customs watchhouse	TIONAL CLUB
From end of Watchhouse-par.	here are the North Locks.	52	Dunn Sam. H. coal foremn
[North-end.]	Telephone huts (2)	54	Peters W. J.
Wharfingers, Traffic, and	Dock master's office	56	Holzapfels Composition
Shipping office–W. Strang,	Dock house	Co., Ltd.
wharfinger	Pattison J. dock engineer	Lenahan Maurice
G.W.R. enquiry office	Alexandra (Newport & South	58	Abraham Walter, boatmn
Customs	Wales) Docks & Railway	60	Collins A., Springfield
L. & N.W. Co.'s office	Company – J. Macaulay,	62	Gregory Herbt J. pattern
Cox E. E. outdoor assistant	general manager	maker
A. (N.) D. & R. police &pay o.	Discharging berths	64	Lloyd Ll. engine driver
380		66	Lynch Ernest, boilermkr
The Newport Steam Laundry Co., Bath Street		
68	Hy.	White	enameller		
70	John	Lewis	engine driver		
72	George	Berry	dock pilot		
74	Jas. E.	Elliott	contractor		
76	Void			
78	John	Davies	fish shop		
80	Mrs.	Ducable	greengrocer		
82	Michael	Walsh	trimmer		
84	Mrs. T. A.	Thomas	news-agent and tobacconist		
86	Void			
88	G.S.	Jeffreys	hairdresser		
90	Walter	Bailey	engineer		
92	Sidney	Webb	fitter		
94	Albert John	Edwards		
96	Melbourne	Barrett	clerk		
98	E. Alexandra	Little	office		
	Dock Post Office			
100	Mrs. E.M.	Edwards	grocer		
102	Mrs. J.	Pearce	bootmaker		
102a	J. W.	Gray	plumber		
104	R.	Jenkins	grocer		
106	Void			
108	Albt. Jas.	Kenny	restrmt		
	Channel Dry Docks and Pontoon Co., Ltd., Stores		
110	E.	Evans	newsagent		
112	W.	Stenton	chromon mkr		
114	C. W.	Rosser	outfit		
116	Thos.	Minett	restaurant		
	(return)			
111	W. R.	Howe	mariner		
109	Geo.	Guscott	boilermkr		
107	Henry	Long	mariner		
	Vacant sites			
103	Police station			
	Saml.	Cox	police inspector		
101-99	G.	Elliott	W. & Sons, butchers & greengrocers		
97	Arthur.	Edwards	foreman		
95	Thos.	Morgan	dealer		
93	W. V.	Symonds	eng. dvr		
91	Wm.	Vodden	labourer		
89	Walter Thomas	Truslove		
87	J. A.	Whatley	shop		
	here is Coomassee-street.			
85	Mrs. & Son	Jenkins	grocers		
	here is Milman-street.			
83	Alfd.	Tyldesley	shoemkr		
81	Void			
80	Tom E.	Jackson		
79	S.	Steer	bootmaker		
73	Sidney	Bailey	butcher		
71	John	James	Montrose		
69	Mrs. G.	Evans	charwoman		
67	T. G.	Knowles	Stennicott		
65	Thos.	Harris	fitter		
63	Jas. E.	Matthias	contractor		
61	Edwin	Beer	Clovelly		
59	W. R.	Parker	Whitley		
	here is Carlisle-street.			
55	Clark	Clark Mark	The Hollies		
53	Chas. Fredk.	Parry		
51	Robt.	Chicken	dock labr		
	Chicken Thomas			
49	John	Weaver	platepayer		
47	David	Thomas	joiner		
45	James	George	guard		
43	W. H.	Barrett	Melbourne, clerk		
41	E. Alexandra	Little	police		
39	Jno.	Cook	R.C.S.,L.R.C.P.		
37	Richd.	Dunn	coal trmr		
35	William	Dinan		
33	Chas.	Purnell	tipper		
31	John	Rosser	shipping agt		
29	Saml.	Isaacs	shipwright		
27	Wm.	Bowler		
25	Carroll	John, fitter		
23	Wm. Geo.	Watts	pilot		
21	Harold A.	Smith	boilermrr		
19	Lovett	George, rigger		
17	Trowbridge	E. cab propr		
	here is St. Stephen's-roud.			
15	Collins	Mrs. Ellen		
13	C. E.	Dalton	ship carpatr		
11	Wm. Hy.	Jones	milkman		
9	George H.	Adams	rigger		
7	W. H.	Pembridge	metal merchant		
5	John J.	Sheedy	dock labr		
3	Chas.	Barnett	coal trmr		
1	Mrs. G.	Phillips		
	Alice Street, F		
	[LEFT HAND SIDE.]		
	Alexandraroad.			
1	Roberts	E. baker		
3	Chris	Soffe	dock gateman		
5	John	Manship	labourer		
7	Sidney	Canham	steward		
9	Hy.	Boyles	blacksmith		
11	Chas. J.	Martin	B.T.		
13	Pearce	Chas. J. fitter		
	Hammett	T. R. carpenter		
15	Walter	Mynard	eng dvr		
17	Thos.	Davies	inspector		
19	Williams	Mrs. Annie		
21	J. W.	Gray	tinsmith		
23	Hall	Albert, boilermaker		
25	Thos. Wm.	Burns	fitter		
27	Bowler	William		
29	Thos. Wm.	Wickett C.		
31	Rudd Wm.	trimmer		
	here is Wolseley-street.			
33	Maurice,	Nolan	inspector		
35	Alfred,	Bale	coal trimrr		
37	Taylor	William		
39	Fisher	Mordecai, shipwht		
41	Morgan	Geo. weighman		
43	Attewell	Edmund		
45	Lamprey	Wm. timmer		
47	Simmons	A. W. weighmm		
49	Prince	Dd. boilermaker		
51	Lewis	Gwilym, trimmer		
53	Williams	Ernest		
55	Jones	Frank, trimmer		
	Vacant sites			
	(return)			
56	Geo.	Davies	boilermaker		
54	B. J.	Williams	coal trmr		
52	Michael	Grace	coal trmr		
50	D. G.	Garrett	shipwright		
48	Richd.	Brooks	shipwright		
46	Isaac	Bevan	boilermaker		
44	Alfd. H.	Jukes	water cl'k		
42	Henry	Seer	secretary		
40	David	Thomas	dock lab		
38	Geo. J.	Williams	signalmn		
36	T. H.	Pritchard	weighmn		
34	Daniel	Thomas	driller		
33	Martin H.	Griffiths	eng dr		
30	Geo.	Osborne	Henry		
28	Wm.	McNab	engineer		
26	Mrs. Catherine	Davies		
24	James,	Gorvin	bricklayer		
22	Duncan	Thomas,	fitter	381	
	Alfred Street, C 3		
	[LEFT HAND SIDE.]		
9	Church-rd to Junction-road		
1	Jones	Mrs. L.		
2	Charles	Stretch		
3	Morrison	Wm.		
4	Thos.	Dally	platepayer		
5	John	Marsh	crane driver		
6	Chas.	Danial	jeweller		
7	Wm.	Thomas	greengrocer		
	(return)			
8	Wm. Jas.	Mellree		
9	Chas.	George	fireman		
10	S.	Shipton	labourer		
11	Stephen,	Harris	hawker		
NEWPORT STREET DIRECTORY
Ali
Alice-street—continued
20	Small Ernest H.	water clk
18	Payne Thos.	foreman
16	Swinson	Mrs. J.
14	Bradley John, sig.	fitter
12	Attwood	Mrs. A. D.
10	Watkins Thos.	signalman
8	Hall John W.	boilermakr
6	Cox George, river	pilot
4	Cousins Geo. eng.	diver
2	Dunn Wm. Thos.	trimmer
Jacobs E. pawnbroker &	outfitter
James Saml. A.	miller
Alma Street, E 5
[LEFT HAND SIDE.]
1	Morgan Thos.	clerk
2	Knapman F. W.	carrier
3	Mayne Thos.	storekeeper
4	Hockey James
5	Wiltshire E. wgn repairer
6	Johns Wn.	weighman
7	Ford Arthur	Ll. driver
8	Williams Jas.	coal merch
9	Matthews Albt. H.	sig'lmn
10	Webb Sidney	Samuel
here is Francis-street.
11	Gearon Thos. Jos.	G.W.R.
12	Thomas Arch.	blacksmith
13	Void
14	Field Albt. Geo.	dealer
15	Nash Richd. K.	clerk
16	Nottingham W. H.
17	Parsons Arthur	L. dairymn
18	Lovelock Henry,	weigher
19	Tyas	Mrs. M. H.
20	Clements John H.
21	Morgan C. A.	traveller
22	James Benj. G.	hoistman
23	Jones Edwin,	fitter
here is Charlotte-street.
24	Douglas Josiah,	steward
25	Webb George,	G.W.R.
26	Wall Geo. H.	cab proptr
27	Harding John
28	Driscoll Thomas,	shipper
Pound Samuel,	pilotman
PARTICULAR BAP. CHAPEL
30	Bowden Wm. John,	pilot
31	Williams	Mrs. Esther
32	Screen John,	weighman
33	Phillips	Mrs. Sarah
34	Jones Edwin,	engine dvr
35	Knapp Wm. L.	fitter
382
here is Kirby-street.
36	Liles W. H.	violin teacher
37	Jones	Mrs. Martha
38	Void
39	Clark John,	guard
40	Chicken	Thomas
Pullen	Fred.
41	Graves Wm.	dairyman
Jones W. & Son, builders'	yard
42	Void
43	Morgan Frederick	J.
44	Cox Benj. Jas.	guard
45	Bishop Geo. Jas.	rivetter
46	Leahv Daglen,	assistant
47	Comer	Mrs. M. J.
48	Hall Geo. W.	asst analyst
49	Bowen Fredk.	boilermakr
50	Jones Herbert,	decorator
51	Small Samuel	J. pilot
52	King Thomas
53	Davies H. J.	storekeeper
54	Morgan Chas. A.
55	Vile Bros.	aerated water	manufacturers
Vile James	H.
56	Williams G. P.	cutter
path to Cardiff-road.
(return)
61	Coxon Robt.	shipwright
62	Casburn Percy
63	Wyer Wm.	clerk
64	Ellis Joseph	Robert
Smith James,	fitter
65	Searles Robert	John
66	Boorman Arthur,	engin'r
67	Brown Chas. dock	labr
68	Harris Osmond,	clerk
69	Void
70	Fishwick John,	sailmaker
71	Smart	Mrs. H.
72	Void
73	Popham Rd.	carpenter
74	Brown G. W.	dock pilot
75	Gardner Hy.	dock guard
76	Hughes J. grocer's	asst
here is Rutland-place.
77	Wilcox John,	mariner
78	Hutchins Miss A.
79	Gibbons Ernest,	weighmn
80	Davies William
81	Morris Edward,	fitter
82	James Thos.	mas.mariner
83	Jones Henry,	labourer
84	Price	Mrs. A.
85	Folland George,	smith
86	Abbott C.L.	draughtman
87	Wiggins Louisa,	grocer
here is Daniel-street.
88	Maclean Chas. J.	steward
89	Davies Herbert,	plasterer
Lloyd David,	tipper
90	Ellis Wm.	carpenter
91	Matson Charles,	mason
92	Woodruff Samuel,	labr
93	Davies Walter,	clerk
94	Langmaid Richard,	fitter
95	Weeks E. O.
96	Torrington A.	shipwright
97	Hodge Elon,	shunter
Tregembo W.J.	oil dealer
98	Norman Geo.	cabinetmkr
99	Lewis James,	labourer
100	Hobbs John E.	guard
101	Phillips,	Mrs. Elizabeth
102	Evans Evan	Ralph, ale	and wine merchant
here is Herbert-street.
103	Thatcher & Son,	Ltd.—Bristol Brewery
104	Summers Edwrd.	rigger
105	Davies B. C. eng.	driver
106	Trigg	Mrs. M. A.
107	Johns Lorne, baker
108	Panting W. butcher
109	Young Geo.	labourer
110	Void
111	Richards J. P.	mechanic
112	Waters Wm.	rigger
113	Smith Alf. J.	schoolmstr
114	Bowen Fred.	carpenter
115	Morgan John,	goods grd
116	Cox Alfd. Thos.	dk labr
Alteryn, B 5
From Barrack-hill	to Canal.
Sibbering Geo.	Alteryn house
Pembridge	Thomas
ALT-YR-YN HOSPITAL—
Williams	Miss H. matron
Baldwin Ernest,	head portr
Pope Albert,	labourer
house void
ALTERYN ROAD—
Gibbs John,	labourer
Field	Mrs. M. A.
CANAL BANK—
Williams John,	Grove house
Baker E. & W.	Werndlu farm
Alteryn Brick Co.,	Ld., brick	works
Griffiths	Mrs.
NEWPORT STREET DIRECTORY.
Alt
Teague John, labourer	
Whittaker John, labourer	
Taylor William, labourer	
Newberry Wm. labourer	
Hill George, labourer	
Ellis Enoch, labourer	
Phillips Thos. J. labourer	
Henker William	
Newbury Frank, labourer	
Gillard Walter, fireman	
Shean Mrs. Catherine	
Jones John, boatman	
Jones Joseph, boatman	
Hoskins James, labourer	
Annesley Road, C 3
From 126 Caerleon-road to Leicester-road.
[RIGHT HAND SIDE.]
1	Camfield	Mrs. B.	nurse	
2	Cowling	Herbt. J.	enginr	
3	Cowling	Joseph	
4	Davies	G. F.	
5	Hodggetts	Sidney	
6	Bowen	Thomas	
7	Cherrington	F.	blacksmith	
8	Bailey	Fredk.	confectioner	
9	Worrall	James	comp.	
10	Lloyd	Fred A.	engineer	
11	Brown	A. H.	
12	Edwards	Geo. Hy.	smith	
13	McDaniel	Mrs. M. J.	
14	Ford	G. cab	proprietor	
here is Ronald-road.
15	Lovell	John,	cabinetmkr	
16	Davies	Christopher	
17	Clarke	Fredk J. C.	G.W.R.	
18	Jukes	J. W.	
19	Marrett	Philip J.	mariner	
20	Turner	Mrs. Eliza	
21	Hill	Geo. Albt.	carpenter	
22	Strickland	Wm.	asphalter	
(return)
23	Thomas	Morgan	
24	Harris	Ralph T.	blksmith	
25	Daniel	Montague	carpntr	
26	Harman	Alfd.	carpenter	
27	Hawen	Peter,	shoemaker	
28	Tucker	Benj. J.	comp.	
29	Crane	Wm.	traveller	
30	Evans	F. G.	clerk	
here is Ronald-road.
31	Lloyd	Geo. W.	bootmaker	
32	Hambley	Wm. B.	carpentr	
33	Hockin	Wm.	carriage bldr	
34	Friend	Hy.	police seigt	
Aragon Street, B 4
From 47 Albany-street.
[RIGHT HAND SIDE.]
1	Manley	Michael	gas works	
2	Lenahan	John	
3	Bryant	Seth	
4	Reardon	George	
5	Lacey	Thomas	
6	Willey	Sidney B.	machinist	
(return)
CRINDAU ELEMENTARY SCHOOLS
Arc
NEWPORT ARCADE.
45	High-st. to Cambrian-rd.
Gibbon & Co.	clothers	
:	Wagstaff J.	H.hairdresser	
2	Salisbury	Mrs. A. L.	fancy goods	& china dlr
3-4	Williams	H. S.	bootmkr	
5	Kimpton	F. J.	and Co.	hosiers, &c.
6	Jones	Stanley	stationer, book & music	warehouse	
(return)
7	Jones	Stanley	musical	instruments	
8	Stedman	George	florist and nurseryman	
9-10	Newport	Baby Linen	Co.	
11	Wauters	H.	confectioner	
12	Wagstaff	Jno. H.	hairdrs	
CARLTON CHAMBERS —
[See under High-street.]
Archibald Street, D 3
From Wharf-rd. to Eveswell-st
[RIGHT HAND SIDE.]
1	Cooke	Wm. J.	G.W.R.	
2	Morgan	Francis	collier	
3	Rose	Arthur J.	platelyr	
4	Rose	Charles	haulier	
5	Dowden	Mrs. Emily	
6	Smith	Owen C.	pottery hd	
7	Clayton	Wm.	platelayer	
8	Berridge	Chas.	machinist	
9	Summers	Geo.	ironworkr	
10	Johnson	Mrs. Margaret	
11	Johnson	Mrs. S.	laundress	
12	Merrett	Wm. A.	guard	
13	Martin	John	labourer	
14	Hoare	George	labourer	
15	Watts	Jeffrey	ironworker	
16	Clark	Mrs. T. J.	
17	Dowden	Samuel	mason	
18	Carew	Wm.	labourer	
19	Canberg	Jno. C.	fireman	
20	Flynn	Peter	bricklayer	
21	Dando	David	labourer	
22	Broom	John	haulier	
23	Hocking	W. J.	shopkeeper	
24	Williams	Wm.	labourer	
25	Bradbury	Alfrd.	plasterer	
26	Pugsley	Geo.	haulier	
27	Weston	Geo.	labourer	
28	Taylor	John	carpenter	
29	Hodges	Benj.	ironworker	
30	Jones	William	labourer	
NEWPORT STREET DIRECTORY
Arc
ARCHIBALD-STREET—continued
31	Sims	Geo. Hy.	labourer
32	Pennell	Percy H.	haulier
33	Purnell	John F.	shopkpr
34	Thomas	Wm. H.	labourer
35	Day	Arthur,	railway h'nd
36	Thear	Ernest,	G.W.R.
37	Brooks	William,	foreman
38	Morgan	Evan,	labourer
39	Giulietti	Clem.	ironwrkr
40	Clifford	Fredk.	seaman
41	Bower	John,	G.W.R.
42	Alexander	James,	junr.
43	Willey	George,	mason
44	Davies	Fred. C.	shearer
45	Rudge	Thos. V.	labourer
46	Taylor	Charles,	marker
47	Gray	Frederick,	plasterer
48	Taylor	Wm.,	Mabel cot
49	Jenkins	Edward,	shopkpr
50	Dowden	Albt. C.	bricklayr
51	Moore	Albert,	signalman
52	Hill	Alban,	mason
53	Davies	T. J.	miller
54	Palmer	John A.	cab proprietor
Rowe	Edward,	milkman
(return)
here is Conway-road.
(return.)
here is Eveswell-street.
WESLEYAN MISSION HALL
here is Oxford-street.
55	Small	Chas H.	bricklayer
56	Pope	Joshua
57	Evans	Thomas,	labourer
58	Bowen	Alfred,	puddler
59	Cook	R. H.	carpenter
60	Shipton	Wm.	labourer
61	Richards	Edwin,	baker
62	Sanders	Henry
63	Ford	Edwin,	fitter
64	Duke	Thomas,	labourer
65	Webb	Walter J.	ironwkr
66	Gunter	James,	shoemakr
67	Enos	John,	labourer
68	Williams	Wm.	agent
69	Gibbs	Thos.	ii	onworker
70	Devlin	Joseph
Argyle Street, B 4
From 19 Albany-street.
[LEFT HAND SIDE.]
1	Dix	John,	labourer
3	Hennesy	Richard,	stoker
5	Griffiths	Hugh,	stoker
7	Rumsey	G. H.	labourer
9	Williams	J.	bottle blowr
11	Franklin	Arthur,	lab'rer
13	Sprudd	Edwd.	labourer
15	Powell	Arthur,	labourer
17	Trigg	Albt. Hy.	gas wkr
18	Uzzell	Wm. G.	ins. agent
21	Mitchell	Henry,	labourer
23	Orphan	James,	ins. agent
Vacant	sites
(return)
50	Neill	James
48	Durham	John,	plasterer
46	Metcalfe	Geo.	labourer
44	Brooks	Alex.	Thos.
42	Kirk	H. P.	manager
40	Phillips	Miss	H. M.
38	Williams	A. G.	driver
36	Twomer	Geo.	plateleyer
34	Williams	Henry	E.	labr
32	Moss	John,	drayman
30	Desmond	Osmond,	labr
28	Hinksman	Albt.	brewer
26	Bowsher	Mrs.	A.
24	Fox	William,	labourer
22	Pybus	Ernest,	glass wrkr
20	Mathers	Dd.	bottle wrkr
18	Pybus	Joseph,	glass wrkr
16	Blackwell	George
14	Clarke	Francis	C.	platealayr
12	Baldwin	H. E.	striker
10	Phillips	Tom,	bottler
8	Strickland	Mrs.
6	Jones	Thomas	Henry
4	Ridler	Chas.	Nat.	Tel.
2	Chappell	Mrs.	Martha
Arlington Chambers
See 4 Commercial-street.
Arthur Street, E 5
From Courtbybela-terrace to
Mendalgief-road.
[LEFT HAND SIDE.]
1	Williams	Thos.	labourer
2	Radnage	R.	goods guard
3	Collins	John,	dock labr
4	Grace	Thomas,	foreman
5	Hammett	T. P.	mas. mar.
6	Campbell	Fredk.	eng.	drvr
7	Abraham	Geo.	labourer
8	Thomas	Mrs.	E.	shopkeepr
9	Rogers	J. E.	boilermaker
10	Cook	Hy.	N.	eng.	drvr
11	Niblett	Wm.	H.	eng.	dvr
12	Smith	J.	H.	engine	drvr
13	Wren	Edwin	J.	deal	car
14	Walkley	Albert,	conductor
15	Maddicks	G.	J.
16	Dance	Wm.	coal trimmer
17	Williams	Evan,	labourer
18	Lewison	James,	trimmer
19	Ashworth	C.	H.	fitter
20	Lilley	W.	foreman	platelr
21	Hobbs	Alfd.	eng.	driver
22	Williams	Wm.	H.	eng.	drvr
23	Mockridge	Wm.H.	eng.	trimmr
24	O'Neill	Mich.	Coal	trimr
(return)
SPRING GARD'NS SCHOOLS
26	Preece	Mrs.	A.	J.
27	Manley	Tom
28	Donovan	John,	foreman
29	Lawrence	G.	J.	eng.	drvr
30	Daniel	Jabez,	guard
31	Stratton	John,	guard
32	Wyatt	Geo.	guard
33	Wellington	James,	G.W.R.
34	Void
35	King	Thos.	Jos.	painter
Artillery Place, C 4
From Clarence-place.
Davies Bros. (Newport), Ltd.
London wharf,	builders'
merchants
Morris	Benjamin,	restaurant,
Bridge	house
Drill	hall-Headquarters	4th
Welsh Brigade R.F.A.
Drill	Hall	house
Commissioners' landing stage
Campbell P. & A., Ltd.—
R. S. Roberts, agent
Roberts	&	Johns,	wagon
owners, Rodney house
Arundel Road, D 2
Right hand side, Chepstow-rd
near Eveswell.
[LEFT HAND SIDE.]
1	Jones	T.	S.
3	Jones	J.	C.	S.
5	Doell	Wm.	Jas.	att.officer
7	Evans	Fredk.	gym.instr
9	Martin	Geo.	stocktaker
11	Taylor	Chas.	carpenter
13	Kitchin	John,	H.M.C.
15	Davies	Mrs.
17	Richards	Thos.	ironwkr
19	Lewis	Edgar,	fitter
21	James	John,	boilermaker
Aru
28	Bristow	Frank	carpenter		(return)
Vacant sites
12	Shone	Chas.	carpenter
10	Young	George
9	Senior	Albert
6	Kovachich	Geo. B.	smith
4	Parkes	Wyndham
2	Mordecai	Ivor	accountant
NEWPORT STREET DIRECTORY.
Aston Crescent.
Off Brynglas-road.
[RIGHT HAND SIDE.]
Vacant sites
Coughlin	John, Glen view
Sims	Thos. Hy., Rosllyn
Vivian	Alfred, Bryn
Brister	William, Glaslyn
Aston-void
Levi	Benjamin, Mount view
2	houses	building
George	William
Williams	Watkip
Vacant sites
(return)
Vacant sites
1	Jewell	Wm. Robert
Bal
4	Francis	Matthew, agent
5	Sergeant	Wm. mason
6	Williams	Miss R.
7	Gibbs	George, haulier
8	Coles	Mrs. P.
9	Meese	Wm. H. blacksmith
10	Ingleson	Walt. boilermkr
11	Jones	Miss R.
12	Evans	Saml. Jas. haulier
13	Cook	G. J., London Inn
here is Scard-street.
14	Pickering	C.H.A.dk police
15	Crowther	Mrs. E.
16	Bailey	Mrs. Elizabeth
17	Clarke	Fredk. postman
18	Burcher	J. D. hay cutter
19	Darw	Mrs. Selina
20	Winkett	James, fireman
21	Hodges	E. warehouseman
22	Williams	Wm. painter
23	Ridd	Thomas, stamper
24	Oakey	Leonard J. carppntr
25	Swallow	Henry, painter
(return)
St. Woolos School
Pitson	Miss
Winnacott	Geo. blrmakr
here is Victoria-crescent.
Auckland Terrace, C3	26	Chivers	Ed. greengrocer
Nos. 104-114 Duckpool-road	27	Martin	Alex. A. assisnt
28	White	Henry
Auckland Villas, C3	29	Fowler	William
Nos. 1-13 Christchurch-road.	30	Browning	Albt. carpenter
31	Coney	Miss Mary Ann
Austin Friars.	32	Richards	Wm. Thomas
From 23 Commercial-street.	33	Woodman	Fredk. blrmkr
Health	Department-Dr. J.	34	Mahoney	Nich. porter
Howard	Jones	35	Morgan	E. labourer
Education Authority-Treas.	36	Rossiter	Wm. sawyer
Department	37	Pullinger	Mrs. Annie
Overseers'	Offices - George	38	Lester	Geo. P. eng. driver
Beeston,	asst. overseer	39	Lewis	Mrs. Hannah
Mullock	& Sons Ltd. printers	40	Organ	John, machinist
METROPOLITAN	BANK CHAM-	Organ	M. coal merchant
BERS-(see	Commercial-st.)	41	Meese	Alfd T. asphalter
Austin Friars	42	Taylor	Wm. gardener
Chambers.	43	Saysill	Mrs. Eliza
See 26	Dock-street.	44	Richards	Herbt. manager
The National Dairy Co.
Bailey Street, D 5	Baldwin	Street, E 5
From 6	Baneswell-road.	From 24	Courtbyella-terrace.
[LEFT HAND SIDE.]	[LEFT HAND SIDE.]
1	Lewis	Mrs. L. greengrocer	5	Manship	Chas. groundmn
2	Marshall	Mrs. Maria	here is	James-street.
3	Jones	Albert, labourer	7	Grenville	Henry, dk. lab
9	Betts	Mrs. A.
11	Weston	Henry, eng. drvr
13	Herbert	John, machinist
15	Manship	Wm. Robt. labr
17	Upton	Rd. dock labourer
19	Goodwin	John, labourer
21	Joyce	John, labourer
23	Bruce	Wm. stonemason
25	Fleming	John, seaman
27	Void
29	Powell	Wm. dk. labourer
31	Lyons	John, rigger
33	Pitman	William, haulier
35	Garwood	Wm. coal trimr
37	Hind	Mrs. Mary
39	Lampre	Robt. boilermkr
41	Taylor	William, haulier
43	Pictor	George, mason
45	Young	David, dresser
47	Prosser	Alfred, labourer
49	Burton	Michael G. dk. lab
51	Rand	Mrs. Emily
53	Hockey	F. grocer, etc.
here is Pottery-terrace.
55	Essery	Mrs. Rosina
57	Morris	Charles, trimmer
59	Quarterly	John
61	Pope	Elijah, dealer
63	Fairfax	Alfred, labourer
65	Clarke	Fredk. labourer
67	Taylor	Mrs. Ellen
69	Hale	Richar¹, dock labr
71	Lyes	Walter, dock labr
73	Betts	Alfred, labourer
75	Davies	George, labourer
77	Nolan	Michael, trimmer
79	Beal	Joseph, dock labr
81	Shorney	Francis G. dk. lbr
83	Williams	Saml. carpenter
85	Casey	Mrs. Catherine
87	Zarb	John, labourer
89	Kerrell	Alfred, dock labr
91	Pitman	Thos. labourer
93	Gregory	John, labourer
95	Roberts	George, dk labr
97	Shorney	Frank, labourer
99	Yendoll	Francis, labourer
(return)
90	Matthias	Wm. seaman
88	Grace	James, trimmer
86	Wring	Thomas, dk labr
84	Jacobson	Wm. labourer
82	Heaven	Joseph, labourer
80	Jeremy	Wm. labourer
78	Galloway	Charles
76	Murray	Eugene, labourer
385
For Good Family Washing at Reasonable Charges
NEWPORT STREET DIRECTORY.
Bal
BALDWIN-STREET-continued
74	Brunnock	Thos.	striker	
72	Pope	Jacob,	dk	labourer	
70	Hill	Wm.	dock	labourer	
68	Fairfax	John,	labourer	
66	Waggett	Mrs.	Elizabeth	
64	Carter	Rd.	Jas.	labourer	
62	Hathaway	Francis,	labr	
60	Jones	Joseph,	labourer	
58	Punchard	Mrs.	M.	A.	
56	Morgan	Sydney	
here is Pottery-terrace.
54	Munck	Wm.	dock	labr	
52	St. Clair	Harry,	dock	lab	
50	Evans	Joseph,	haulier	
48	Swinson	Henry,	dk	labr	
46	Smith	Mrs.	Ellen	
44	Smith	Joseph,	labourer	
42	Corton	Frank,	dock	labr	
40	Dennis	James,	engineer	
38	Powell	Wm.	labourer	
36	Pitman	John,	labourer	
34	Picton	Wm.	labourer	
32	Groves	Geo.	blacksmith	
30	Lewis	Mrs.	Mary	
28	Bale	Edward,	dock	labr	
26	Smith	Herbert,	dk	labr	
24	Brown	James	
22	Johnson	Allan,	eng.	drvr	
20	Sheppard	Henry,	labr	
18	Berry	Cuthbert,	guard	
16	Dryman	Richd.,	dock	lab	
14	Hatch	James,	labourer	
12	Rice	Mrs.	Mary	
10	Tasker	Percival,	labr	
8	Pembridge	Mrs.	Elizbth.	
6	Beckett	W.	J.	pilot's	asst	
4	Marshall	Mrs.	Mary	
2	Game	Mrs.	Mary	Ann	
Balmoral Road.
Off Chepstow-road.
Baneswell
is that part of the town extending from the foot of Stow Hill (Bridge Street) to the railway tunnel, and derives its name from the Well at the end of Queen's Buildings, but which has been closed, the spot being marked by an iron ring let into the pavement.
386
Baneswell Road, C 5
[LEFT HAND SIDE.]
QUEEN'S BUILDINGS.—
1	Whittaker	Alfred,	Ltd.,	printers	
2	Wellsteed	Thos.	purveyor	grocers,	etc.	
3	Phillips	Charles	&	Sons,	grocers,	etc.	
4	Lewis	H.	P.,	baker,	grocer	and	confectioner	
5	Morgan	W.	tobacconist	and	newsagent	
6-6a	English	and	Colonial	Meat	Co.	butchers	
here is Bailey-street.
7	Perry	W.	H.	hairdresser	
8	Watkins	S.	butcher	
9	Grande	&	son,	greengrocrs	
10	Truscott	E.	C.	hairdresser	
11	Joyce	Mrs.	Adelaide	
12	Davies	J.	grocer	
here is West-street.
(return)
13	May	David,	shopkeeper	
14	Hicks	Alfred,	haulier	
Coombs	Mrs.	R.	confectnr	
14a	Lewis	Hbt.	W.	bootmaker	
BOLTON TERRACE.—
15	Hardick	Geo.	yeast	merchant	
16	Ponting	Wm.	E.	stationer	
17	Coulson	W.	watchmaker	
18	Cross	Geo.	E.	fitter	
19	Dight	H.	bookbinder,	&c.	
20	Hawkesford	W.	G.	bootmaker	
Baneswell Square, D 5
See Victoria-square.
Bank Chambers.
See 85 Bridge-street.
Bank Street, B 2
From 323 Caerleon-road to Durham-road.
[LEFT HAND SIDE.]
1	Riding	Geo.	carpenter	
3	Bishop	Chas.	horsebreaker	
5	Chambers	Jas.H.	puddler	
7	Carpenter	John,	mason	
9	Fereday	David,	moulder	
11	Mayne	Chas.	J.	labourer	
13	Bradley	Wm.	carpenter	
15	Greenaway	Ernest	
17	Shore	T.	H.	coal	merchant	
Bar
(return)
10	Griffiths	Sid.	labourer	
8	Kirkland	Edwin,	porter	
6	Duncombe	Geo.	painter	
4	Carpenter	Wm.	J.	
2	Willett	Mathew	
Barnard Town
is a district lying between Caerleon-road and Maindee, and embraces the numerous streets each side of Church-road.
Barnard Street, C 3
From Whi:by-place.
1	Andrews	Mark,	greenger	
2	Hazell	Geo.	tram	condctr	
3	Price	John,	blacksmith	
4	Davey	Mrs.	Jane	
5	Hine	George,	haulier	
6	Price	Albert	E.	labourer	
7	Gumm	Wm.	G.W.R.	
8	Giddy	F.	E.	plumber	
9	Dovey	Edwin,	gardener	
10	Nethercott	Alfred,	mason	
11	Howells	Fredk.	labourer	
12	Reakes	Harry,	labourer	
13	Rowe	Alfred,	wireman	
14	Porter	Thos.	labourer	
15	Jones	James,	G.W.R.	
16	Bailey	Robert,	G.W.R.	
17	Ryan	John,	painter	
18	Pugh	Edwin,	labourer	
19	Hopkins	George,	haulier	
Barrack Hill, B 4
Shaftesbury-street to Barracks
[LEFT HAND SIDE.]
1	O'Brien	Wm.	stoker	
3	Hayward	Mrs.	A.,	Greenfield	house	
here is Belvedere-terrace.
[LEFT HAND SIDE.]
5	Houchin	F.A.,	Sunnybank	
7	Jewell	Chas.,	Bradford	ho	
9	Symons	T.,	Alltwen	villa	
11	Whitefield	J.,	Lyndhurst	
13	Kirby	Albt.J.,1	Glen	view	
15	Jewell	Wm.,	2	Glen	view	Jewell	&	Sons,	builders	
17	Collier	Frank	J.	builder	
19	Collier	C.	C.,	The	Waldens	
here	is	Lambert-street.
21	Kirby	John,	Highfield	
NEWPORT STREET DIRECTORY.
Bat
28	Butler	Thos. Wm.	fitter		
25	Marshall	George	porter		
27	Waters	J. J.	bath attndnt		
29	Jones	J. W.	Piercefield		
31	Dibdon	F. clerk	Belmont		
33	Gallivan	Mrs. M.		Caldicot James, police	
35	Collins	Edwin	butcher		
37	Mann	George	waterman		
39	Kirby	Edwin Wm.	tailor		
37	Mann	John Thos.	grocer		
39	Kirby	Edwin Wm.	tailor		
41	Jones	Alfd. James	G.W.R.		
43	Duffin	Albt. Geo.	G.W.R.		
45	Loade	Alfd. James	G.W.R.		
47	Dear	Walter	carpenter		
49	Higgins	Mrs. M. J.		
51	Wayland	Thos. carpenter		
	The Barracks. — See	24	Allen	Mrs. L. M.	
	Local information			
	Barrack farm			22	Hobbs	Harry	butcher
	Williams	Chas. cowman		20	Stiles	John	haulier
	(return)			18	Bagg	Mrs. A.		
	Jones	George	haulier		16	Burrows	Joseph	postman
	Lewis	John Wm.	R.F.A.		14	Howells	Hy.	upholsterer
146	Void				12	Gay	Wm. John	labourer
144	Void				10	Jeffs	Mrs. Elizabeth	
142	Bright	Chas.	labourer		(return)	
140	Smith	John	grocer		33	Bailey	Mrs. C. H.	Stelvio
138	Edwards	Wm.	photogr		31	Hornby	L. H.	Quarleston
136	Lockley	Reuben				29	Latch	Miss	Quantock
134	Williams	G.	glass blwr		27	Parry	A. C.	Bronwydd
132	Void				25	Foreman	Ed.	Hazlemere
130	Brant	James	linesman		23	Howard	Fredk.	Tynmawr
128	Pearce	O. G.	labourer		21	Elliott	R.	Haldon
126	Void				19	Langlands	Rbt.	Lismore
124	Blute	Henry	R.G.A.		17	Sully	Geo. Ernest	
122	Fox	H. J.	ship's steward		15	Roberts	D. W.	Chingford
120	Taylor	James	labourer		13	Collier	Chas.	Hill crest
118	Jobling	Arthur	seamen		11	Eaves	T. Arthur	Lustleigh
116	Connell	Mrs. E.				9	Railton	T. H.	The Rylands
114	Void				Vacant	sites		
112	Rawlinson	Arthur			7	Banks	Geo. E.	St. Heliers
110	Jones	George	labourer		5	Lonnon	A. F.	Verulam
	Vacant	sites			3	Clark	Hy. C.	Royston
102	Clarke	Robert	labourer		1	Ford	Wm. S.	Culross
100	Baker	Robt.	ironworker			Bachelor Road, D 4	
	Small	Alfred	mason			From 193	Caerleon-road.	
	Wood	Thos.	labourer				[LEFT HAND SIDE.]	
	Collins	Geo. foundryman			1	Brewer	William		
	Sawyer	Mrs. E.				3	Lydeard	Maurice A.	
	Fox	Albert	mason			5	Chapman	Charles	clerk
	Crowhurst	Hy. staff-sgt			7	Pugsley	Anthony	
	Pratt	Chas.	Eschowe			9	Pugsley	C. F.	clerk	
	Attewell	T.	Penylan farm		11	Case	H. E.		
58	Melton	George			13	Evans	Evan	insp.Alex.dk
56	Boorman	A. H.				15	Vacant	site		
54	Charles	W.	sanitary insp.		17	Woolley	J. T.		
							19	Woolley	W. E.	Mount view
							21	Morris	H. E.	clerk	
							387		
10	Johnson	Vernon N.			
12	Yates	Chas. R.	Monway		
14	Pullin	Thos.	Wentwood		
16	Sims	F. R.				
18	Dix	Percy C.				
20	O'Sullivan	J.	St. Albans		
22	Newcombe	Ribbesford		
24	May	F. S.	Cartref		
26	Jones	David	Penlee		
28	Richardson	Mrs. S. J.			
	Kenton				
30	Price	Mrs. A.	Hefred		
32	Hayes	Alfred S.	Penrhiw		
34	Mitcalfe	R. D.	Homewood		
36	Dix	H. B.	Sunnyside		
	here is West	Park-road.		
38	Davis	H.	West Park ho	
40	Davis	Hy. W.	Usk view		
42	Harvey	A. C.	Wanstead		
44	Pearse	G. G.	Gatchel		
46	Pearse	Godfrey	Chas.	
	THE CEMETERY				
Bar				
NEWPORT STREET DIRECTORY.
Bat
Bachelor-road—continued
23	Collett	James	(return)
20	Ross	William
18	England	Arch. A.
16	Lewis	Roger
14	Grose	William
12	Evans	Mrs. E.M., Westfield
10	Grindle	H. J.
8	Spear	Frederick, clerk
6	Jones	Lewis Robert, clerk
4	Griffiths	Mrs. A. M.
2	Mills	Evan	Roland
Bath Street, C 3
Caerleon-road to Trostrey-st.
[LEFT HAND SIDE.]
1	Wilkinson	Mrs. A.
2	Lewis	Mrs. J.
3	Pickford	James, eng. drvr
4	Brockington	R. W.motor-man
5	Edwards	Wm. engineer
6	Newport Stm	LaundryCo.	(return)
7	Wren	Samuel, mason
8	Parry	Wm. ins. agent
9	Osborn	Saml. C. postmn
10	Mann	Arthur, G.W.R.
11	Ward	Chas. Wm. painter
12	Murphy	Pierce, saddler
13	Byard	John, plasterer	here is Usk-street.
14	Brice	Chas. G.W.R.
15	Luxton	Wm. eng. driver
16	Brown	Harry, G.P.O.
17	Hunt	Wm. Geo. G.W.R.
18	White	John, mason
Beaufort Chambers.
See High Street.
Beaufort Terrace.
See West-street.
Bedford Road, C 4
Corporation-rd. to Eton-rd.
[LEFT HAND SIDE.]
1	Barnfield	Thos.contractor
3	Williams	Jas. M., Erminie
5	Austwick	Edward
7	Morgan	David, Glen Teifi
9	Francis	D., Carnringli	here is Cedur-rd.
11	Harris	Wm., Belmont
13	Roberts	Edward, Penyvai
15	White	Harry, Oxford ho
17	Fletcher	Wm. A. traveller
19	Howe	William, clerk
21	Groves	Mrs. M., Ewenny
23	Wilson	George, Wavertree
25	Lee	James, carpenter
27	Hadley	Ed.S., The Laurels
29	Cossick	L., Pembroke ho
Vacant	sites	here is Harrow-road.
Bere	H. G., Selwood
33	Jones	T. J., Glanwern
35	Hood	Mrs.S., Hatherleigh
37	Brown	Math., Northfield
39	Monkley	Thos., Bronial	house
41	Vaughan	Benj., Victoria
43	Virgo	William
45	Stevens	Henry
47	Hewett	James
49	Thomas	Walter
51	Jones	David
53	Bowen	Daniel, tailor
55	Wilkinson	Thos. Albert
57	Bown	Byron, carpenter
59	Pugsley	John, blacksmith	(return)
46	Bryant	W. H.
44	Langmaid	Harry
43	Horsfield	James
40	Gould	Mrs., Highbury	Gould	W. J.
38	Rees	Henry, Llandyfan
36	Lawrence	Mrs. E.J., Elles-mere
34	Barrett	Arth. J., Hallow
32	Budding	W.H., Clifford ho
30	Weare	George, Avon
28	Pither	W., Marsden
26	Price	Thos., Cinderford
24	Harris	Francis, Sydenham
22	Dayman	M. C., Kimberley
20	Moreton	F. G., Durban
18	Langmaid	W. J., Appleby
16	Anderson	E. A., Stander-ton	here is Harrow-road.
14	Moores	G. W., Bedford ho
12	Pugsley	P. L.
10	Fry	Miss	F. E.
8	Rees	Wm. Edward, Hem-ingford
6	Edwards	Wm.
4	Morgan	James J., Seaton	house
2	Jones	Mrs. Ann, Clovelly
Beechwood Road, E 2
Chepstow-road to Christ-church-road.
[RIGHT HAND SIDE.]
2	Ward	E. J., Kerry Cory
4	Nathan	Rev. F. Lloyd, Glengariff
6	Hurley	Robert, Rookwood	here is Gibbs-road.
Beechwood Park
Vacant	sites
2	houses	building
2	houses	void
Belle Vue Lane, E 5
Cardiff-road to Friars-road.
Belvedere Terrace, B 4
Barrack-hill to Hopefield.
[LEFT HAND SIDE.]
2	Coughlan	James, gas wkr
3	Woodliffe	Mrs. M. A.
4	Howells	Wm. G. ins.supt
5	Woodliffe	Joseph, fitter
6	Wall	Wm. Edwin
7	Collins	Chas. bridge pntr
8	Pearce	Mrs. M.
9	Rowlands	Mrs. Margaret
10	Voyle	Miss	M. A.
11	Shea	Miss	C.
12	Jones	Wm. W. accountant
13	Peebles	Mrs. Caroline J.
14	Whiting	Miss
15	Snook	Henry, mason
16	Higgs	Francis Jas.	(return)
17	Gomer	Robert, mason
18	Dare	Levi, gardener
19	Craze	James, assistant
20	Ashman	Hy. timekeeper
21	Stevens	Mrs. Mary
22	Marsh	John Alex.
23	Colborne	A. G. police sgt
24	Slade	Albert, G.W.R.
25	Martin	Wm. A. clerk
26	Vawer	Mrs. M. L.
Goodwin	Fredk. labourer
27	Chambers	Mark, smith
28	Jones	James, carpenter
29	Woodfield	Geo. mechanic
30	Morgan	Wm. collector
31	Baggs	Thomas, clerk
Beresford Road, C 4
Grafton-rd.to Athletic Ground
1	Boots	George
The Newport Steam Laundry Co., Bath Street
Ber
3	Davey	W. H.,	Maida vale	 	 
2	Lloyd	Evan,	Allerton ho	 	 
4	Edmunds	Alfred J.	 	 	 
6	Harding	Edgar Wm.	 	 	 
5	Evans	Wm.,	Doldowlod	 	 
NEWPORT STREET DIRECTORY.
Ble
56	Foreman	Wm. A.	wirem.	 	 
54	Williams	Alfred J.	tipper	 	 
52	Richards	Fred,	O. mason	 	 
50	Williams	Thos.	ironwrkr	 	 
48	White	Wm. H.	salesman	 	 
46	Martin	Geo. Hy.	mason	 	 
44	Humphries	Mrs. M.	 	 	 
42	Eynon	Wm. R.	carpenter	 	 
40	Holbrook	Thos,	ironwrkr	 	 
38	Ward	Chas. J. T.	ins. agt	 	 
36	Cousins	Ernest	 	 	 
34	Wilkins	Mrs. A.	 	 	 
32	Pritchard	Timothy	 	 	 
30	Williams	Thos.	ironwrkr	 	 
28	Heath	John W.	ironwrkr	 	 
26	Garvey	Ernest,	shearer	 	 
24	Roberts	T.	enameller	 	 
22	Roberts	G. F.	slate sawyer	 	 
20	Duckham	Henry	 	 	 
18	Phillips	E. D.	waiter	 	 
16	Stevenson	Mrs. Sarah A.	 	 	 
14	Marchand	Louis,	ironwrkr	 	 
12	Prowse	Frederick,	mason	 	 
10	Barnfield	John,	stone-mason	 	 
8	Tilley	Wm. Ed.	ironwrkr	 	 
6	Mason	Robt.	James	 	 
4	Abbott	Jas.	fireman	 	 
2	Pass	Arthur H.	ironwrkr	 	 
Bilston Street, E 3
From Corporation-road.
Off Corporation-road.
2	Redman	Austin,	ironwrkr	 	 
4	Hill	Albert,	seaman	 	 
6	Void	 	 	 	 
8	Pearce	Walter,	plasterer	 	 
Bishop Street, C 3
Church-road to Caerleon-road
[LEFT HAND SIDE.]
1	Sr. Matthew's Mission Room	 	 	 
2	Johns	John,	roadman	 	 
3	Clague	Edward,	labourer	 	 
4	Cartmell	Thos.	cellarman	 	 
5	James	Alfred,	labourer	 	 
6	Bebell	Wm.	H.	roadman	 	 
7	Wall	Walter,	sugar boiler	 	 
8	Whitcombe	Henry	 	 	 
here is Junction-road.
9	Harris	Mrs. Wm.	shop	 	 
10	Wiltshire	Geo.,	Alex,	dk	 	 
11	Stribling	Wm.	tinsmith	 	 
12	Thorne	John,	bricklayer	 	 
13	James	Thomas	J.	 	 
14	Gilbert	Thos.	Rd.	G.W.R.	 	 
15	Watkins	Wm.	labourer	 	 
(return)
18	Baldwin	Henry,	moulder	 	 
19	Morgan	Mrs.	A.	 	 
20	Bush	Geo.	H.	bill distribtr	 	 
21	Watts	Wm.	roadman	 	 
22	Gilbert	Wm.	H.	G.W.R.	 	 
23	Fontaine	Bert,	ironwrkr	 	 
24	Townsend	Ernest	Wm.	 	 
25	Harris	Wm.	labourer	 	 
26	Gale	Frank,	shop	 	 
here is Junction-road.
27	Williams	W.	T.	postman	 	 
28	Rees	John,	platelayer	 	 
29	Sims	Harold,	labourer	 	 
(return)
30	Williams	Thos.	storekpr	 	 
31	Gabb	Wm.	Hy.	labourer	 	 
32	Bond	Wm.	Hy.	warehsmn	 	 
33	Phelps	Walt.	E.	labourer	 	 
Bishton Street, D 3
From Corporation-road to
Jeffrey-street.
[LEFT HAND SIDE.]
1	Toher	James,	inspector	 	 
3	Wall	Saml.	Jas.	ironwrkr	 	 
5	Cainey	Wm.	engine	dvr	 	 
7	Stanley	Herbt.	L.	haulier	 	 
9	Atkins	Mrs.	E.	 	 
11	Perrett	Fred.	G.	moulder	 	 
13	Martin	Sydney,	ironwrkr	 	 
15	Hawkesley	Jas.	H.	painter	 	 
17	Ellis	Walter,	baker	 	 
19	Whittle	Geo.	H.	ironwrkr	 	 
21	Hole	Edwin,	plasterer	 	 
23	Thomas	Wm.	police	 	 
25	Crump	Thomas,	guard	 	 
27	Locke	John,	mason	 	 
29	Palmer	Chas.	S.	signalmn	 	 
31	James	Thomas,	clerk	 	 
33	Marsh	Geo.	ironworker	 	 
35	Manning	Herbert	 	 	 
37	Rowlands	Mrs.	E.	M.	 	 
39	Horlock	Mrs.	C.	 	 
41	Jones	T.	J.	ironworker	 	 
43	Potter	James,	plumber	 	 
45	Richards	Evan,	ironwrkr	 	 
47	Walters	Richard	 	 	 
49	Brazell	Dd.	Wm.	wm. ironwr	 	 
51	Cording	T.	H.	ironworkr	 	 
53	Hurley	Thos.	police	 	 
55	Dyke	Edwin,	ironworker	 	 
57	Royston	A.	G.	painter	 	 
59	Green	Fred.	Mark,	foremn	 	 
61	Cox	Mrs.	Annie	 	 	 
63	Smith	C.	H.	cabinetmakr	 	 
65	Cox	Wm.	Hy.	engine	dvr	 	 
67	Morgan	J.	H.	ironworker	 	 
69	Fowler	Thos.	boilermakr	 	 
71	Inker	Joseph,	furnaceman	 	 
(return)
73	Boyles	Wm.	blacksmith	 	 
74	Osborne	Thos.	painter	 	 
72	Wooley	J.	W.	wiredrwr	 	 
70	Gadd	Mrs.	Phoebe	 	 
68	Wood	Andrew,	assistant	 	 
66	Bryant	John,	ironworker	 	 
64	Andersen	Lars,	ironwrkr	 	 
62	Vallack	Jas.	H.	sampler	 	 
60	Bassett	Wm.	ironworker	 	 
58	Williams	John	 	 	 
Blake Street, E 2
Left-hand side Somerton-road
Blenheim Road.
Off Chepstow-road.
[RIGHT HAND SIDE.]
2	Arkell	Mrs.	E.	A.	 	 
4	Vaughan	W.	L.	 	 	 
6	Magness	William	 	 	 
8	Hawkes	H.	M	 	 	 
10	Williamson	Richard	 	 	 
12	Forrest	Frank	 	 	 
14	Warren	Wm.	 	 	 
(return)
Vacant	sites	 	 	 	 
Houses	building	 	 	 	 
15	Williams	Ernest	W.	 	 	 
13	Ross	Gaythorne	 	 	 
11	Charles	Ernest	B	 	 	 
9	Evans	Samuel	T.	 	 	 
7	Lee	Mrs.	M.	A.	 	 
5	Shepherd	John	Henry	 	 	 
3	Parker	Wm.	Alfred	 	 	 
1	Dayman	John	 	 	 
Bishopsgate Par., D 3
From 200 Commercial-road.
1	Clarke	John,	engine drvr	 	 
2	Hunt	Frank,	mason	 	 
NEWPORT STREET DIRECTORY.
Blewitt Street, C 5
Baneswell-rd. to Clyffard-cres.
[RIGHT HAND SIDE.]
1	Oliver	Evan		
2	Burgoyne	P.	billposter	
3	Dixey	Mrs. M.		
4	Hancock	Chas.	plasterer	
5	Rowsell	Robert	G.W.R.	
6	Swattridge	Wm.	lab'rer	
7	Shaw	William	labourer	
8	Barry	David	labourer	
9	Edwards	Harry	plasterer	
10	Keating	John	labourer	
11	Morgan	Mrs.	laundress	
12	Williams	Arthur,	printing works	
12A	Radford	A. J.	bootmaker	
13	Price	Hy.	Geo.	linesman
14	Coakham	Chas.	W.	labr
15	Rowsell	James	G.W.R.	
16	Parr	Ernest	driver	
17	Ware	Joseph	tailor	
18	Davies	Mrs.	H. M.	
19	Wilcox	Thos.	R.	gasfitter
20	Wilcox	Sidney	police	
21	Daley	Thomas	clerk	
22	Hewinson	Chas.	lampligtr	
23	Williams	Mrs.	E.	
Williams	Arthur	printer	
24	Booth	Mrs.	E.	grocer
25	Read	Walter	sawyer	
26	Lyons	W.	H.	postman
27	Myland	Alfred	Lloyd	
28	Collier	Mrs.	Eliza	
29	Powell	Edwin	donkeymn	
30	Jones	Wm.	Hy.	fireman
31	Tilley	John	gardener	
32	Broom	Fdk.	labourer	
33	Smith	Geo.	engineman	
34	Lander	George		
35	Davies	Edwin	G.W.R.	
36	Cook	Henry	ins. agent	
37	Joseph	Alfred	roller	
38	Sheppard	A.	postman	
39	Tucker	Wm.	carpenter	
40	Charles	Miss	E.	M. grocer
(return)	
41	Lewis	Lewis	grocer	
42	Haines	Tom	gardener	
43	Curtis	Thos.	lamplighter	
44	Morris	W.	J.	grocer
45	Oakley	Paul		
46	Biss	John	guard	
47	Hoskins	Stanley	clerk	
48	Clark	W.	J.	cabinetmaker	
49	Cox	Thomas	labourer	
50	Traynor	Thos.	wireman	
51	Rossiter	Clarence	pickler	
52	Harvey	David	g.w.n.	
53	Jeffreys	Miss	Mary	
54	Cock	Miss	A.	confectioner
here is Victoria-crescent.	
55	Fox	Mrs. Jane	Britannia	
56	Void		
57	Preston	George	platelyr	
58	Jones	D.	F.	bootmaker
59	Samuel	Jubilee	miner	
60	Ludlow	George	agent	
61	Ferris	G.	M.	carriage trmr
62	Bezant	Ralph	T.	
63	Parsons	W.C.	wareho'smn	
64	Parsons	Wm.	J.	labourer	
65	Wright	Chas.	bricklayer	
66	Corbett	Samuel	J.	labr
67	Berrow	Wm.	smith	
68	Bowen	Robt.	hairdresser	
69	Rowe	Wm.	compositor	
70	Barrett	Hy.	tailor	
71	Lee	John	moulder	
72	Flint	Chas.	musician	
73	Davies	James	shop	
74	Powell	Wm.	greengrocer	
Blewitt Terrace, D 5
Now in Clyffard-crescent.
Bolt Street, E 4
From 55 Commercial-road to
Canal-terrace.
[LEFT HAND SIDE.]
1	Lewis	Joseph	labourer	
2	Starr	Thomas		
3	Williams	Fdk.	platelayer	
4	Barnes	Geo.	shipwright	
5	Windows	Alfred	haulier	
6	Sydney	Hy.	tram exam.	
7	Latchford	Thomas		
Hillier	Henry	trimmer	
8	Hembrow	Alfred		
10	Dowd	Wm.	labourer	
11	Lakin	James	G.W.R.	
12	Thomas	T.	E.	shipwright
13	Waters	Alfred	Henry	
14	Powell	Frank	fitter	
15	Channing	J. B.	platelayer	
16	Pullin	Wm.	foreman	
17	Burton	Jas.	eng.	fitter
18	Irvine	Wm.	trimmer	
19	Wilson	John	grocer, etc.	
here is Duke-street.	
Bolt Street Schools.
Boys' entrance
21	Celeno	Harry		
22	Lewis	Alfred	labourer	
23	Noonan	James	seaman	
24	Evans	George	labourer	
25	Griffiths	John	labourer	
26	Morgan	George	Henry	
27	Brown	Edwin	labourer	
28	Seaman	Wm.	carpenter	
29	Williams	Joseph	labr	
30	Wetter	James		
31	Pring	George	helper	
32	Rees	Mrs.	Margaret	
33	Olsen	Thos.	seaman	
34	Morgan	D.	J.	shipwright
35	Thomas	Chas.	hoistman	
36	Perrett	Arthur	H.	guard
37	Wollen	Frank	dock labr	
38	Lindborn	John	seaman	
38A	Moore	Chas.	labourer	
39	Jeffrey	Francis	Robt.	lab
Bolton Road, C 6
From Risca-road.
[RIGHT HAND SIDE.]
1	Prosser	Joseph		
2	Hutchins	Thos.,	Home c
3	Evans	Thos.	Rose cottage	
4	Young	Mrs.	A.	
5	Jesseman	V.,	Hillcote	
6	Morris	Arthur		
7	Freeguard	Joseph	Chas.,
Glyn-caerau
8	Gill	E. J.,	Clarebrook vil
9	Wheeler	J. W.,	Hazelbrae	
10	Herbert	H. J.		
11	Brown	Frederick	
12	Davis	H. G.,	Kenwith
(return)	
13	Gall	Mrs.	Helen,	Shipton
14	Hughes	Mrs.	H.M,	Glenlyn
15	Parry	E. R.,	Belmont	
16	Adams	G. W.,	Fern cot	
17	Nicol	Adam,	Vine cot	
18	Rawlings	Fredk.,	Alltwen	
19	Rees	Daniel,	Penrhyn	
20	Lewis	Wm.	H.,	Forth ho
21	Evans	Mrs.	M.E.,	Elmsdale
Bolton Street, B 4
From Hopefield, Burrack-hill
3	James	John	F.	carpenter
4	Garland	Arthur	J.	lab'rer
NEWPORT STREET DIRECTORY.
Bri
Bon
Bond Street, C 4
From East Usk-road to River
[LEFT HAND SIDE.]
1	Oliver	Arthur	driver		
2	Wilton	John	caretaker		
8	Sullivan	John	labourer		
4	Evans	Thomas	driver		
5	Reed	Jas. A.	greengrocer		
6	Johns	Wm.	haulier		
7	Sanders	John	smith		
8	Davies	Fredk.	smith		
9	Thomas	Henry	labourer		
10	Jones	Wm. brick	setter		
11	Barnett	George	ostler		
12	Powell	Chas. E.	labourer		
13	Coslett	Reg. A.	haulier		
14		Void		
15		Void		
16	Williams	Wm.	blacksmith		
17	Green	David	labourer		
18	Creswell	Joseph	miller		
19	Cording	Charles	sawyer		
20	Amos	Chas. Ed.	labourer		
(return)		
21	Jones	Edward	seaman		
22	Blake	Albert, oil	mercht		
(return)		
23	Moss	Rd. Wm.	carpenter		
24	Townsend	Saml.	mill lab		
25	Bladon	Hy. G. eng.	drvr		
26	Hopkin	Jenkin, G.W.R.		
27	Parr	Robert,	potter		
	here is	Frank-street.		
28	Cooke	George,	labourer		
Borough Chambers.
See 12 Skinner-street.
Bream Place, D 4
[RIGHT HAND SIDE.]
1	Reardon	Mrs. R.		
2	Fitzgerald	G. W.	labr		
3	Donovan	Daniel		
4	Sullivan	Thos.	labourer		
5	Dunn	Alfred		
6	Barrett	Thos.	labourer		
7	Seton	William		
8	Davies	Mrs.		
Abbott & Baker's stores		
(return)		
Ayliffe & Son's motor gar-	age	
9	Wallington	F. R.	haulier		
10	Trump	Hy. J.	storekeepr	
11	Davies	Alfred W.	haulier	
12	Coughlin	William,	paint'r	
13	Horton	James,	labourer		
14	James	Walter,	labourer		
15	Hurley	Christopher,	labr		
16	Hart	John,	labourer		
17	Reardon	Wm.	labourer		
18	Murray	Wm.	labourer		
Brickyard Road, B 2
From 373 Caerleon-road.
[RIGHT HAND SIDE.]
1	James	James,	labourer		
2	Cronk	James, sen.	labr		
3	Jones	John,	driver		
4	Hughes	Thomas,	burner		
5	Jones	Mrs. Susan		
6	Cronk	James,	labourer		
7	Barrett	William,	labourer		
(return)		
8	Cronk	Jonathan,	labourer		
9	Phillip	Wm.	labourer		
St. Julian's Brick Co., Ltd.,	Brickworks and Pottery		
Bridge Street, C 5
Stow-hill to Railway Bridge.
London City & Midland Bank		
MIDLAND BANK CHAMBERS
Newport Chamber of Com-	merce	Incorporated-S.D.
	Williams,	secretary.		
Liscombe	F. R.,	solicitor		
Lloyd & Pratt,	solicitors		
Williams	Samuel D. & Co.,	merchants,	Ecuadorian	Consulate
Corfield	L. C. & Co., iron	merchants		
Swash Alfred,F.R.I.B.A. & Son,	architects and surveyors	
Slape	George,	caretaker		
Robertson	W. E.	tobacconst		
Davies&Sons,	fruiterers,	
poulterers,	florists, and	cycle agents		
Phillips	Mrs.,	Lamb Inn	
7	Davies	Henry,	grocer		
8-10	Smith	H. A.	wine and	spirit stores	
11	Harris	L. L.	cycle agent.	
12	Lewis & Co.	grocers		
13	Newport & County Lib-	steward	
	ERAL CLUB-A. E. Sims,	steward	
14	Brown	Miss C.	florist		
15	Mathias	S. L.	hairdresser	
16	Hovey	Mrs. M.	tobacconist	
17	Griffiths	Thos.		
18	S. Wales Daily News& Echo	offices-T.Griffiths,	mgr
19	Queen's Hotel,	Mrs. E. H.	Morgan,	Manageress
VICTORIA CHAMBERS		
20	Power (TheMessrs) Estate	office-C. A. Miles,	agent
Wood John & Son, Incor-	porated accountants and	auditors
Machen Stone, Lime and	Colliery Co., Ltd		
Principality Per. Invest.	Building Society's office	
Colborne, Coulman and	Lawrence, solicitors		
Colborne	G. F.	solicitor		
DeRees Billposting Co.Ltd.		
H. Longley,	photographer	
Np'l.Lic. Victu'lers&Beer-	house Keepers Associatn	
-F. T. Ellis,	sec.		
Mon. Licensed Trade	Central Protection Soc'y	
-F. T. Ellis,	secretary	
LYCEUM CHAMBERS-		
22	Morgan W. Kinsey,	solicitor	and commis'ner of oaths	
23	Lloyd R.H.,	Lloyd's stores.	here is Caxton-place.	
24	Technical Institute-J.J.-	Stewart, headmaster	
25	Downham	E. T.	hou-e	furnisher		
26	Dally Thos.	cabinet mkr	
27	Jones & Morris,	grocers		
28	Evans A.Gear,	L.D.S.,R.C.S.	(Eng.)	dental surgeon
Smith A. Hy.	L.D.S.,R.C.S.	(Eng.)	dental surgeon
Palmer	W. H.	engraver	
29	Stock Mrs.	registry office	and letter bureau	
30	Capel Geo.	Henry,	house	furnisher	
Mutual Trading Associa-	tion, Ltd.		
31	Phillips	Mrs. H.		
32	Briffett Geo.	inspt. G.W.R.	
Briffett	Mrs. dressmaker	
33	Pride Miss E.		
34	Harris	J. H.		
35	Acomb L. Ernest,	physi-	cian and surgeon
36	Smyth	Mrs.	Elizabeth	391
Bri	NEWPORT STREET DIRECTORY.	NaN	NaN	NaN	NaN
NaN	NaN	NaN	NaN	NaN	Bri
NaN	Bridge-street-continued	NaN	NaN	NaN	NaN
37	Thomas	Miss, dress and mantle maker	NaN	NaN	NaN
38	Perren	E. W. professor of music	NaN	NaN	NaN
39	Alley	C. H. tailor	NaN	NaN	NaN
40	Fargher	Mrs. L.	NaN	NaN	NaN
41-2	James	A. T. W. printer (return)	NaN	NaN	NaN
43	Hoskin	F. jeweller	NaN	NaN	NaN
44	Sully	Misses, milliners and fancy drapers	NaN	NaN	NaN
45	Durston	M. bootmaker	NaN	NaN	NaN
46	Taylor	Mrs.newsagent,&c.	NaN	NaN	NaN
47	Rescue and Preventive Society	Mrs. E. Jones, matron	NaN	NaN	NaN
48	Trace	Edgar, glass mrcht	NaN	NaN	NaN
49	Freeman	R. dairyman	NaN	NaN	NaN
NaN	Chave	Fred.	NaN	NaN	NaN
50	Pinchin	Thos. upholstrer	NaN	NaN	NaN
51	Hazel	Geo. H., New Bridge Inn	NaN	NaN	NaN
NaN	here is Depot-street.	NaN	NaN	NaN
52	Tuplin	Miss L. tobacconist	NaN	NaN	NaN
53	Moss	Mrs. H.	NaN	NaN	NaN
54	Howell	Treharne, high-class dispensing & family chemist	NaN	NaN	NaN
55	Jones	Griffith	W., M.R.C.S., L.R.C.P.(Lond.), L.D.S.	NaN	NaN
56	Williams	J. A. T. house furnisher	NaN	NaN	NaN
57	Victoria	Temperance Hotel	E. Jenkins & Co.	NaN	NaN
NaN	St. LUKE'S CHURCH	NaN	NaN	NaN
58	Stephens	& Son, gilders	NaN	NaN	NaN
62	Parcelle	G. H. bootmakr	NaN	NaN	NaN
63	McClelland	Mrs. confectr	NaN	NaN	NaN
64-5	Oyster bar	T. Vacara,	NaN	NaN	NaN
66	'The Lyceum Theatre—here is Station-street.	NaN	NaN	NaN
NaN	TREDEGAR PLACE—	NaN	NaN	NaN
67	Pullen	C. fruiterer	NaN	NaN	NaN
68	Davies	John, dealer in musical instruments, &c	NaN	NaN	NaN
69	Evans	& Deakin, milliners	NaN	NaN	NaN
70	Young	John & Son, auctioneers & shipping agts	NaN	NaN	NaN
71	Davies	J. M. butcher	NaN	NaN	NaN
72	Ingleton	A. J. hosier, &c.	NaN	NaN	NaN
NaN	Colbourne	F. H. hair-dresser	NaN	NaN	NaN
73	Morgan	R. K. solicitor	NaN	NaN	NaN
74	Aspinall	Mrs. milliner	NaN	NaN	NaN
NaN	392	NaN	NaN	NaN	NaN
NaN	75	Ince	C. jeweller	NaN	NaN	NaN
76	Dawson	& Son, stationers & printers	NaN	NaN	NaN
77	Williams	E. china & glass dealer	NaN	NaN	NaN
NaN	TREDEGAR CHAMBERS—	NaN	NaN	NaN
78	Adams	W. & Vachell, civil and mining engineers	NaN	NaN	NaN
NaN	Gustard	W. S. solicitor & commissioner of oaths	NaN	NaN	NaN
NaN	Mon. Commissioners of sewers	NaN	NaN	NaN
NaN	Nantyglo and Blaina Iron Works Co.'s Ltd., office	NaN	NaN	NaN
NaN	Brecon & Merthyr Railway Co.—H. R. Price, mangr	NaN	NaN	NaN
NaN	Chivers	J. caretaker	NaN	NaN	NaN
79	Morgan	T. C. draper, milliner, etc.	NaN	NaN	NaN
80	NaN	NaN	NaN	NaN	NaN
81	Williams	J. (Newport), l.d., gilders, photographers, and artists' depot	NaN	NaN	NaN
NaN	BUTLER	Vincent E., Member of the Incorporated Society of Adap-tors of Teeth. Est. 1889	NaN	NaN	NaN
NaN	here is Cambrian-road.	NaN	NaN	NaN
NaN	CAMBRIAN CHAMBERS—(see Cambrian-road.	NaN	NaN	NaN
NaN	Newport	George, shop	NaN	NaN	NaN
83	Carter	Fred, butcher	NaN	NaN	NaN
84	Isaacs	John, messenger	NaN	NaN	NaN
NaN	BANK CHAMBERS—	NaN	NaN	NaN
85	Graham	W., Hitchcox and Co. land agents, auctioneers, etc.	NaN	NaN	NaN
NaN	Lloyds Surveyors' office	NaN	NaN	NaN
NaN	Bristol Street, C 3	NaN	NaN	NaN
NaN	[LEFT HAND SIDE.]	NaN	NaN	NaN
NaN	Camelot-place to Duckpool-rd.	NaN	NaN	NaN
1	Barnsley	Wm. dealer	NaN	NaN	NaN
2	Davies	Arthur, labourer	NaN	NaN	NaN
3	Robbins	John, hawker	NaN	NaN	NaN
4	Morgan	Thos. butcher	NaN	NaN	NaN
5	Davies	John, tailor	NaN	NaN	NaN
6	Mogford	Thos. Geo. G.W.R.	NaN	NaN	NaN
7	Miller	George, plasterer	NaN	NaN	NaN
8	Fitzgerald	Jno. J. haulier	NaN	NaN	NaN
9	Jeffreys	Wm. haulier	NaN	NaN	NaN
10	Davey	Mrs. Emily	NaN	NaN	NaN
11	Davey	Ernest	NaN	NaN	NaN
12	Phelps	Josiah, grocer	NaN	NaN	NaN
NaN	here is Hereford-street.	NaN	NaN	NaN
13	Holland	Fredk. rivetter	NaN	NaN	NaN
14	Harrington	Alfred	NaN	NaN	NaN
15	Gillam	Geo. labourer	NaN	NaN	NaN
16	Mitchell	John F. platelyr	NaN	NaN	NaN
17	Moore	Henry, labourer	NaN	NaN	NaN
18	Bithell	Saml. sheetwghr	NaN	NaN	NaN
19	Webb	George	NaN	NaN	NaN
20	Hodges	William, comp.	NaN	NaN	NaN
21	White	Edwd. F. gaswkr	NaN	NaN	NaN
22	Mills	John Hy. assistant	NaN	NaN	NaN
23	Downes	Zach. plasterer	NaN	NaN	NaN
24	Baiss	James, moulder	NaN	NaN	NaN
25	Walton	Arthur, carperntr	NaN	NaN	NaN
26	Lewis	James, signal fitter	NaN	NaN	NaN
27	Lewis	Mrs. Mary	NaN	NaN	NaN
28	Griffiths	Wm. labourer	NaN	NaN	NaN
29	Maxfield	George, haulier	NaN	NaN	NaN
30	Rowe	Henry, carpenter	NaN	NaN	NaN
31	Knowles	Jas. plasterer	NaN	NaN	NaN
32	Walton	Fred, plasterer	NaN	NaN	NaN
33	Walton	Jas. Wm. G.W.R.	NaN	NaN	NaN
34	Riley	Geo. Hy. steward	NaN	NaN	NaN
35	Ford	W. J. draper's asst	NaN	NaN	NaN
36	Lavers	Wm. leather drssr	NaN	NaN	NaN
37	Morris	Cyril Chas. firemn	NaN	NaN	NaN
38	Hylands	Geo. wheelwright	NaN	NaN	NaN
39	Jenkins	James, painter	NaN	NaN	NaN
40	Rogers	Arth. T. plumber	NaN	NaN	NaN
NaN	(return)	NaN	NaN	NaN	NaN
42	Haslett	Charles	NaN	NaN	NaN
NaN	here is London-street.	NaN	NaN	NaN
NaN	Newport	George, shop	NaN	NaN	NaN
43	Hodges	Jonathan, foremn	NaN	NaN	NaN
44	Bennett	Miss Elizabeth	NaN	NaN	NaN
45	Sweet	Reuben, linesman	NaN	NaN	NaN
46	Holley	Geo. Hy. labourer	NaN	NaN	NaN
47	Owen	Wm. plasterer	NaN	NaN	NaN
48	Samuel	Wm. F. ironwkr	NaN	NaN	NaN
49	Tuck	Fredk. E. carman	NaN	NaN	NaN
50	Tuck	Edgar J. carman	NaN	NaN	NaN
51	King	Stephen Hy. labr	NaN	NaN	NaN
52	Clark	Mrs. J.	NaN	NaN	NaN
53	King	Ed. G. iron moulder	NaN	NaN	NaN
54	Void	NaN	NaN	NaN	NaN
55	Barnett	James, tailor	NaN	NaN	NaN
56	Jones	Ernest Hy. painter	NaN	NaN	NaN
57	Hawkesley	Wm. plasterer	NaN	NaN	NaN
58	Wilks	Geo. cab driver	NaN	NaN	NaN
59	Blake	Geo. G.W.R.	NaN	NaN	NaN
60	Thomas	Wm. Hy. baker	NaN	NaN	NaN
61	Platt	Thomas H.	NaN	NaN	NaN
NaN	here is Hereford-street.	NaN	NaN	NaN
62	Gabica	Victor	NaN	NaN	NaN
63	Gunstone	Mark	NaN	NaN	NaN
64	Brown	James, G.W.R.	NaN	NaN	NaN
65	Newberry	John, factory	NaN	NaN	NaN
66	Elliott	David, mason	NaN	NaN	NaN
67	Gibbens	Winsor, G.W.R.	NaN	NaN	NaN
68	Porter	Philip, caretaker	NaN	NaN	NaN
NaN	The Newport Steam Laundry Co., Bath Street	NaN	NaN	NaN
69	George	Webb	g.w.r.			
70	James G.	Taylor	platelyr			
71	Wm. H.	Florida	labourer			
72	Tom	Edwards	plateleyr			
73	Maurice	Webb	g.w.r.			
74	Ernest	Mole			
75	W.	Davey			
76	John	Williams	bricklyr			
BROAD STREET, E. 4
Frederick-st. to Portland-st.
1	John	Bridge	labourer		
2	Francis A.	Bordessa	steward		
3	John	Tasker	trimmer		
4	John	Mahoney	dock labr		
5	Jewell	White	wheelwrights		
6	John, jun.	Bridge	labr		
7	Rd. Hy.	Delahay	labr		
8	Dennis, dk	Canlon	labr		
	Chas.	Waite	brassfounder		
BROADWELL GARDENS.
See York-place.
3	Rowland	Thos.	Pentwyn, St. Faith's		
4	Miss A. E.	Davies	St. Faith's		
5				Void
6	Wm., Pen-y-lan	Roberts	plateleyr		
7	Pen-y-graig		Void	(return)
8	Miss E. Y.	Davies	Derwen		
	(return)
Vacant sites
Houses building
24	Thos. Hy.	Giddings		
25	F. E.	Foster		
26	Walter Chas.	Rowbottom		
27	Walter Chas.	Cox		
28	David	Fraser		
	Vacant site		
30	Ralph, stoker	Studey		
31	Albert N.	Morgan	mason	
32	Wm. Hy.	Jeffries	fitter	
33	Chas.	Drummond	dyer	
34	Robt.	Jordan	cabinetmkr	
35	Rbt.Hy.	Kidd	mas.marinr	
36	H. H., Sea view	Howells		
BROSELEY TERRACE, C 3
See Fair Oak-avenue.
BRUNEL ROAD, F 5
From Alexandra-road to Mill-parade.
[LEFT HAND SIDE.]
30	Dennis, coal tmr	Brickley		
50	Edwd, fitter	Hopkins		
26	Hy. engnr	Burnett		
24	Geo. W. eng. dvr	Wallace		
22	John, carputr	Hammett		
	Geo.	Oliver	waterman	
20	John, pier mastr	Bennett		
18	John, irondressr	Sullivan		
16	Oliver Lot, guard	Watts		
14	Fredk. engine driver	Ball		
12	Jas. Chas. trimmer	Hood		
10	John, pier master	Davies		
8	Geo. labourer	Williams		
6	Dd. eng. drvr	Batterham		
4	Jesse, inspector	Smith		
2	George, pilot	Lewis		
	(return)
1	Jas, coal trimr	Wyatt		
BRYNDERWEN ROAD, C 3
From Victoria-avenue to Christchurch-road.
[LEFT HAND SIDE.]
1	T. A., Gislingham	Grove		
2	Francis W.	Johns		
BRYNGLAS CRESCENT, B 4
Redland-st. to Crindau-rd.
[LEFT HAND SIDE.]
1	Wm. A.	Emberey	agent	
3	Joseph W.	Young	tailor	
5	Wm.	Goodwin	carpenter	
7	Chas.	Perry	bottlemaker	
9	Alfd. Hy.	Young	foreman	
11	Walter S.	Wilson	customs	
13	Mrs. S.	Smythe		
15	Chas. electrician	Wilson		
17	Walter, gen.mercht	Miller		
	(return)
2	Chas. motorman	Wood		
4	Robert, glass blwr	Dawes		
BRYNGLAS ROAD, B 4
From Malpas-road.
[RIGHT HAND SIDE.]
2	Wetter	Charles		
4	T. groundsman	Vaughan		
6	Thomas, tailor	Wilson		
8	David, factory	Jones		
	here is Prospect-street.
10	J. P. M.B., C.M.	McLaren		
12	Mrs. E.	Bickley		
14	Hy. greengrocer	Watkins		
16	Ernest	Williams		
18	Hy. greengrocer	Uzzell		
20	Sweeting	Walter		
22	Nind	William, manager		
24	Geo. E, tuner	Bartlett		
26	Bowen Henry, nailmaker	Wright		
30	Phillips Geo. postman		
32	Blunt Thos. engine dvr.		
34	Watkins Thos. traveller		
36	Askew Chas. bottlemaker		
	here is Chelston-place.		
38	Bryant	Edward		
40	Anderson J. G. manager		
42	Spinks Mrs. H.		
44	Crossley Robert		
46	Jenkins Levi, G.W.R.		
48	Browning George F.		
50	White Mrs. Mary		
52	Sculthorpe Edwin		
54	Roberts Geo. plasterer		
56	Brown Wm. bottlemaker		
58	Cox James, plasterer		
60	Smith W. B. timberinstr		
62	Tarry Chas. carpenter		
	entrance to Crindau-road.		
	Bennett Rev. C., All Saints'	Vicarage	
	ALL SAINTS' CHURCH		
	(return)
1	Morthoe-void		
BRYNGWYN ROAD, C 5
From 13 Clytha Park-road.
[RIGHT HAND SIDE.]
2	Tanner Wm., The Leys		
4	Pillinger H. J., Downfield		
6	Quarm Miss S., Arbaland		
	Wilson W. N. C.		
	Mitchell P. W.		
8	Taylor George T., Brook-	field	
10	Pritchard W., St. Helier		
12	Phillips J. R., Gwynfryn		
14	Morgan O. T., Caersws		
16	Prosser T. M., Wembley		
18	Shepherd G., Glenorleigh		
20	Hislop Robert, Cairney	Croft	
22	Baker W. A., Avishays		
24	Jacobs S., Crohamhurst		
26	Meares P. N., Ridgbourn		
28	Barnett Sol., Laleham		
30	Ashford G., Brooklands		
32	Scott Geo. L., Brookside		
34	Packer Hy., Lindenhurst		
36	Parfitt H. C.		
38	Morris L. L., Wimborne		
	Morris Miss, masseuse		
	here is Hilla-road.		
40	Prestige Miss T.		
NEWPORT STREET DIRECTORY.
Bryngwyn-road—continued
42	Hammett F. T., Cliff Parc
44	Wilkins J. I., Bryn-y-mynydd
46	Matthias John, Redwick
48	Morle Henry
50	Lewis John F.
52	Alexander George
54	Ince Charles
Vacant sites
Taylor J. H., The Dell
Watts S. G., Clovelly
Garland W. C., Athelney
Beer John, Mount View
Clytha Council School
(return)
Vacant sites
33	Morgan G. H.
31	Greenland Herbert, St. Denials
3 houses building
here is Burleigh-road.
25	Marsh George
23	Phillips Hy., St. Albans
21	Perkins Mrs. F.
19	Watkins Joseph
17	Southall Rev. George H., Elmfield
15	Longstaff Henry, Ash-brook
13	Sweet Escott A. B.
11	Davies Henry H., Penfro
Scantlebury Wm. H.
9	Joseph W., Nant Herbert
5	Skinner Rev. E. Walrond, Trevaine
3	Haggett T. P., Cargate
1	Harris Lionel, Coningsby
BRYNGHYFRYD ROAD, D 5
Stow-hill to Clyffard-crescent.
[LEFT HAND SIDE.]
1	Oates John
3	Herbert Jas., Eaglescliffe
5	Howell Illtyd, Ben Nevis
7	Parsons C. E., Chilton
9	Thomas Wm. C., Precelly
11	Blow Wm., Claremont
13	Weycliffe—void
15	Rainforth Mrs. E. M. C., Clifton Mount
17	Whitehouse Wm. Hy., Durlston
19	Phillips Mrs. J., Bron-y-carne
Vacant sites
394
(return)
Vacant sites
8	Lewis Aug., Westbury
6	Williams C. F., Henleaze
STOW PARK PRESBYTERIAN SUNDAY SCHOOL
Burleigh Road, C 6
Bryngwyn-rd. to Llanthewy-rd.
CAERAU CRESCENT, D 6
Stow-hill to Cuerau-road.
[LEFT HAND SIDE.]
1	Cullum Chas., The Lawn
2	Jones Frank, Caerhayes
3	Deane Norton, Highfield
4	Gibbons Mrs. S., Westray
5	Simmons Jas., Elibank
6	Pratt Wm., Greytree ho
7	Cooper Sidney, Gwynfa
8	Buchanan Misses, Pen-craig college
(return)
9	Gale George T., Norfolk house
10	Gaskell W. G., Englefield
11	Battersby Francis E., Glaslyn
12	Gale W. H., The Laurels
13	Lawrence Bj., Mountview
14	Jones E. W., Dolgelly
CAERAU PARK, D 6
Stow-hill (right hand) opposite Stow-park.
CAERAU ROAD, C 5
Clytha park-road to Stow-hill
[LEFT HAND SIDE.]
1	Jones John, rly. foreman
2	Hewinson R. lamplighter
3	Hames Chas. M. eng. drv
4	Keyse Wm. foreman
5	Purnall Wm. Chas. engr
6	Void
7	Jones Mrs. Mary
8	Gower W. H.
9	Phillips W. J. joiner
10	Parsons William
11	Squire Mrs. A.
12	Smart William
13	Krotosky L. butcher
14	Jeffreys J. G. pork butcher
15	Cope John, lithographer
16	Morris Mrs. A.
17	Quest Albert, crane drvr
18	Lewis Ivor, engine driver
19	Fontaine Miss
20	Harry & Wood, the Misses
21	Davies John, cabinetmakr
22	Mounce Chas. L. baker
23	Evans William, gardener
24	Pullen Mrs. E.
25	Stott Mrs. C. S.
26	Thorne T. B. patternmkr
27	Weights Richard
28	Jones Charles W. clerk
29	Owen Misses, costumiers
30	Witts Mrs. Mary A.
31	Moreton A. F. G.W.R.
32	Void
33	Sutherland Wm.
34	Wheeler M., J.P., Hillsbro
35	Boucher Chas., Glencairn
here is Clyffard-crescent.
36	White Miss M., Hudson v
37	Gaccon J. A., Clyro villa
38	Townsend A., St. Fagan’s
39	Holehouse J. Clevedon v
40	Bachelor A. G. S., Toville
41	Lewer H. C., Gainford
42	Swain John, Hampton v
43	Phillips C. D., The Tors
44	Cambridge H., Carlton h
45	White G. W., Linda vista
46	Void
47	Lewis W. W., Pentwyn
48	Hazell T. H., Eborville
49	Alderton C. Wilfred, Hurstleigh
50	Gwatkin James P., Leura
here is Stow-hill
(return)
51	Shotton John W., Helston
52	Milne David, Idar [villa
53	Frost Adam E., Kemeys v
54	Young John, Camelot vil
55	Overstone L., Northfield
here is Caerau-crescent
and Spencer-road.
56	Wood Harold, Rock villa
57	Boddy John, Dinsdale
58	Smith Herbt I., Oakleigh
59	Powell Percy, Pen-carrig
60	Jones George, Caergwyn
61	Davies Homfray, The Hollies
62	Void
63	Meacook W., Kingsley vil
64	Phillips G. C., Cromer h
65	Rowe Mrs. M. J. C., Fairview
The Glass King's Address is 48 Bridge Street, Newport.
Cae
66	Falkner	h-void			
67	Maddock	Mrs. J.,	Melrose villa		
68	Barter	H. G.,	Crugmeer		
69	Allen	J. C.,	Caswell villa	63A	Williams Arthur, tailor	monumental and architect
70	Jones	Mrs. S. J.,	Daleside	65	Moss Mrs. D., Garth v	
71	Davies	D. L.,	Verwood vil	67	Lloyd Peter, Torredge vil	
72	Davies	John,	St.Dunstan's	69	Baulch William, Rheola v	
73	Payne	Mrs. H.,	Glenrise	71	Hopkins John, Carew vil	
74	Elms	John P.,	Brooklands	73	Ventom H.T., Midlothian	
75	McKaig	John,	Finsbury v	75	Linton W. A., Ambleside	
76	Smith	W. L.,	Ashley villa	77	Trevorrow W. L., Ellerslie	
77	Marshall	Miss,	Highbury v	79	Davis Eleazer, Llyscanol	
			81	Frederick Theo.H., Troy v	
78	Jones	T. J.,	Brynley ho	83	Davies Wm., Brenhilda	
79	Jenkins	Miss M.,	Hillside	85	Chalkin Wm., Glen Aden	
80	Williams	Robt. J.,	Park h	87	White Rose Laun-dry, Ltd.	
	Williams	Miss L. M.		
			89	Harrison Wm. J., Melrose v	
Caerleon	Road, C 5	91	Grant Alf. A., Orwel v	
From	Clarence-place.	93	Langford W. K., Eastnor	
[LEFT	HAND SIDE.]	95	Turner B., Lyndenhurst	
1	White	Hy. James, grocer	97	Carter Ll., Bloemfontein	
3	Ham	Mrs. B.,	tobac'nist	97	Jacobs, Abraham	
5	Jones	T. E.,	hairdresser	99	Witchell Benj., Trezelah	
7	Houghton	Bros.	carriage	101	Day Miss S.	
	proprietors		here is Bath-street.	
	Houghton	Henry	103	Whitehead William	
9	Horwood	Mrs. C.	105	Hobbs F. C. vet. surgn	
11	Barrett	Mrs. Elizabeth	107	David Wm., Lynwood	
13	Nurse	H. T.	109	Bragg F. G., Sherwell	
15	Gwatkin	Mrs. J. W.	111	Carter A. grocer	
17	Lawrence	Chris.	inspectr	113	Wallace Miss M. M.	
19	Paxton	Harold	115	Patt Richard Hy.	
21	Jones	W.	gramophone	117	Powell Isaac, draper	
	depôt		119	Sheppard W. & J. green-grocers	
21A	Jones	W. printer		
23A	Mohune	F.,	antique dealr	121	Bambury H. J. builder	
23	Jones	Edward, jeweller	123	Grant J. E. stationer	
	and	bird dealer		125	Pyle Benj. butcher	
37	Lewis	Mrs.M.A.,Fairlawn	127	Tadman Hy. machine	
	Lewis	William		depôt	
39	French	Mrs.,	Bromley ho	129	Williams J.H., restaur'nt	
41	Robertson	W. E. tobcoenst		PRESBYTERIAN CHURCH	
	Waite	C. upholstery works	131	Smith W. A. & Son,	
	Davis	W.	carriage builder		drapers and hosiers	
47	Warhurst	J. E.	133	Adams Mrs.E. M. china	
49	Leonard	Thomas, Bruns-		merchant	
	wick	house		Adams J. H.	
51	White	Wm.,	Waverley ho	133A	Spiers Jas. F. greengrer	
53	Prosser	Wm.,	Trafalgar h	133B	Williams B. boot dealer	
55	Gower	T. S.,	Tregenna h	133C	Williams E. hairdresser	
57	Evans	Edwin,	Prescott ho		here is Constance-street	
59	Biggins	Hy.,	Emsworth		and Durham-road.	
61	Clark	V.	corn merchant	135	Simmonds C. H. grocer	
	here	is Turner-street.	135A	Findlay & Co. chemists	
Cae
63	James	& Harris,	135B	Eastmans Ltd. butchers	
	monumental	and archi-	137	Dale H. T. buteher	
	tectural	stone masonry	139	Pope W. H. hairdresser	
	contractors		141	Cole T. fruiterer	
63A	Williams	Arthur, tailor	143	Powell Geo. confect'ner	
65	Moss	Mrs. D.,	Garth v	145	Gait Harold, draper	
67	Lloyd	Peter,	Torredge vil	147	Maypole Dairy Co., Ltd.	
69	Baulch	William,	Rheola	149	White W.	
71	Hopkins	John,	Carew vil		CAERLEON ROAD (149)	
73	Ventom	H.T.,	Midlothian		POST OFFICE — T.S.O.,	
75	Linton	W. A.,	Ambleside		M.O., T.O., S.B. and A.	
77	Trevorrow	W. L.,	Ellerslie		AND L. OFFICE. TELE-	
79	Davis	Eleazer,	Llyscanol		PHONE CALL OFFICE	
81	Frederick	Theo.H.,Troy v	151	Lock C., Croydon v	
83	Davies	Wm.,	Brenhilda	153	Stobbs T., Clarence ho	
85	Chalkin	Wm.,	Glen Aden	155	Dale H. T., Heston villa	
87	White	Rose Laun-157	Seyers E. J., Holborn v	
	dry,	Ltd.		159	Richards H., Chiswick h	
81	Harrison	Wm. J.,	Melrose v	161	Hughes Geo., Brynrhos	
89	Grant	Alfd. A.,	Orwel v	163	Troakes Mrs. M., Ventom	
91	Langford	W. K.,	Eastnor	165	Hews C. E., Glyn villa	
93	Turner	B.,	Lyndenhurst	167	Jesseman G. N., Courty-	
95	Carter	Ll.,	Bloemfontein		bella villa	
97	Jacobs,	Abraham	169	Grabner George Max,	
99	Witchell	Benj.,	Trezelah		Rhonda-vale	
101	Day	Miss S.		171	Powell J. F., Beaufort v	
	here	is Bath-street.	173	Waylie Wm., Mile-end v	
103	Whitehead	William	175	Locke W. M., Stanley v	
105	Hobbs	F. C.	vet. surgn	
107	David	Wm.,	Lynwood		Locke Miss M. A., Ladies'	
109	Bragg	F. G.,	Sherwell		School	
111	Carter	A. grocer	177	Davies Phil. R., Lans-	
113	Wallace	Miss	M. M.		downe villa	
115	Patt	Richard	Hy.	179	Grattan Mrs.A., Victoria	
117	Powell	Isaac,	draper		Inn	
119	Sheppard	W. & J. green-		here is York-road.	
	grocers		181	Davies Edmund, Field h	
121	Bambury	H. J.	builder	183	Meredith Miss E.	
123	Grant	J. E.	stationer	185	Ellison John	
125	Pyle	Benj.	butcher	187	Stevens John, Twerton	
127	Tadman	Hy.	machine	189	Anderson J. D.	
	depôt		193	Daniells Ed., Glenburnie	
129	Williams	J.H.,	restaur'nt	195	Olzen Alfred, Westleigh	
	PRESBYTERIAN	CHURCH	197	Bevan Alfd. G., ins. agt	
131	Smith	W. A. & Son,	199	Scannell Wm. James	
	drapers	and hosiers	201	Jones T. H. shipwright	
133	Adams	Mrs.E. M. china		Jones Mrs. L. confectur	
	merchant		203	Ball John, Duckpool ho	
	Adams	J. H.		Ball W. H. coal merchnt	
133A	Spiers	Jas. F. greengrer	209	James & Son, coal yard	
133B	Williams	B. boot dealer	211	James Albt., Duckpool c	
133C	Williams	E.	hairdresser	213	Dando E. J., Royston h	
	here	is Constance-street		215	Webb H. L.	
	and	Durham-road.	217	Evans D. W. ins. supt	
135	Simmonds	C. H. grocer	219	Jones Jno. Rees, Fairview	
135A	Findlay	& Co. chemists	221	Moses Jehoida	
NEWPORT STREET DIRECTORY.
Cae
CAERLEON-ROAD—continued
223	Russell Henry	Nelson	hardware merchant		
225	Hillier W., Finsbury ho		
227	Brett E. E., Oakfield		
229	Price Charles, Cartref		
231	James E. V., ins. supt		
	here is Orchard-street.		
OSBORNE PLACE—		
233	Jenkins	David	
235	John	Miss M. A.	
237	Jones G. O.	upholsterer	
239	Jones	Allan	
241	Miles Thomas	Henry	
243	Philpotts	George	
245	Mayo Edwin, ins.	g.w.r.	
247	Davis Mrs. Mary	Ann	
249	Coles Charles, Linton	h	
251	White Frank, grocer, &c.	
	here is Stafford-road.		
253	Cumming Dd. engineer	
	Cope Miss C. grocer, &c.	
255	Haines T. A.		
257	Pedlar A., Lavender ho	
359	Wescombet, Jesmond h	
261	Thomas John, Wood vil	
263	Baker Mrs. Horace		
	Baker Miss, dressmaker	
265	Trickey Alb., Somerseth	
267	Jones Edwin, painter	
269	Brenton W. A., sec. Nat.	
	Deposit Friendly Soc.	
271	Jenkins Wm., Ferncliffe	
273	Turner Harry, ironwrkr	
275	Cowlin John, police	
277	Whitfield Henderson	
279	Jobbins Geo., York ho	
281	Tanner Albert T.	tailor	
283	Powell Frederick, clerk	
285	Hayday Arthur		
287	Cottrell Rev. J. A.		
289	Berry C. T.	decorator	
291	Shepperd Fred. driver	
293	Price Robert		
295	Hazell Chas. G.W.R.		
297	Griffiths G. H. ins.agent	
299	Glass John Hy. steward	
301	Taylor Robert, enginr	
303	Inker David, potter	
305	Pugh T. L.	grocer	
307	Davies Daniel, grocer	
CAERLEON ROAD (307)	
	Post Office, M.O. & S.B.	
	here is Oak-street.		
309	Williams Mrs., Elswick	
311	Day Alfred Ernest		
396		
313	Smith Frank, carpenter	
315	Barber Robert, clerk	
317	Hicks Alfd. H.	postman	
319	Jones H. S. clerk, Luton	
321	Langridge George		
323	Phillips David George	
	here is Bank-street.		
	St. Julians Brick and	
	Tile Co., Ltd.		
CARLISLE PLACE—		
325	Booth A. E.	bootmaker	
327	Cooper Walter B.	signlmn	
329	Shearsmith Ed.	painter	
331	Scoging James, plasterer	
333	Williams Frederick		
335	Richards, Thos.	eng.dvr	
337	Wade Ernest, carpenter	
339	Williams G. H.	carpentr	
341	Grant Thos. carpenter	
343	Kettle Wm. Porter		
345	Butler John, labourer	
347	Neighbours Wm.		
349	Lawrence W. H.	smith	
351	Williams Robert, G.W.R.	
353	Smith Abraham, fitter	
355	Fry Benj. carpenter	
357	Drayton H. J.		
359	Liston Dennis		
361	Fry Geo. Hy.	wireman	
363	Prowse Henry, mason	
365	Salcombe Robert A.		
367	Hughes W. E.	brick bmr	
369	Lloyd Walter, traveller	
371	Holman Jas.	brickmaker	
373	Taylor F. H.	greengrocer	
	here is Brickyard-road.		
	Vacant sites		
	here is Croydon-road.		
389	Lane E. W. piano tuner	
391	Waters C. H.		
393	Hunt A. J.		
395	Elcoat Wm.		
397	Trotman F. A., Norman-	
399	Hoskins F. W.	mar. engr	
401	Pearce Mrs. O.		
403	Samuel Henry, manager	
405	Smoothey W. H.		
407	Abbott E. S., Elm Lea	
409	Alcock John G.		
411	Dando Mrs. H., Glaslyn	
413	Lewis H. H., Oakleigh	
	St. Julian's lodge		
	Beizley Wm.	haulier	
419	Buckland W. H.	jeweller	
421	Davies David P. L.		
423	Saunders Edward	Jas	
425	McRay David		
427	Dunn —,		
429	Jones Wm.		
431	Void		
433	Davies Davics	Albt.	
	Vacant sites		
439	Jenkins Adolphus		
	West Charles, builder,	
	Blorenge		
	Smith Sid.,	Torvain	
	Nathan John	Charles,	
	Egremont		
	Long T. Ed., Claremont	
	Heathfield—void		
	Williams Frederick H.,	
	Glensherriog		
	Iles Walter, Mansfield	
	Evans Miss M. A.,	Clear-	
	well		
	Houses building		
	Davies W. H.,	Hazlewood	
	Gladdish Mrs. C., Clifton	
	Baker W. F.,	Northam	
	Burcher Geo.,	Hazeldene	
	Grey Rbt. PBO.,	The Grove	
	Davies Wm.,	The Dell	
	Bennett Jas.,	The Glen	
	House void		
	Scott Geo., Glen Aston	
	Addis Ed., 1 St. Julian's	
	Park Lodge		
	Burcher Albt.,	Westhoe	
	(return)		
	Barn farm		
	Vacant sites		
352	Tanner W. Lewis		
350	Heard H. J.		
348	Malmloff Mrs. S. E.		
346	Dwight R. F.	carpenter	
	Vacant sites		
344	Lewis Thos.Fd.	journalist	
342	Hughes Robt. C.	salesmn	
340	Johnson Wm.	insp.g.w.r.	
338	Martin Morris,	carpentr	
336	Noad Walter		
334	Williams C. I.	ptn makr	
332	Gill George,	steward	
330	Morris Wm. A.	gds clerk	
328	Driscoll C. H.	jeweller	
326	Evans James, miner		
324	Ravalde Oswald, comp.	
322	Rees T. W.	patt. mkr	
The Glass King's Address is 48 Bridge Street, Newport.
Cae
320	Turner	F. Ed.	g.w.r.		
318	Jones	W. D.	traveller		
316	Hockridge	B. T.	carpt.		
314	Jones	Dd. Wm.	traveller	208	
312	Jefford	J. S.	eng. driver	206	
310	Grimsdale	W. G.	ry.clerk	204	
308	Pomeroy	Samuel		
St. Elmo			
306	Evans	Ernest	Ivor, clerk	202	
304	Brown	G. T.	surveyor	200	
302	Tongue	Wm.	traveller	198	
300	Lockwood	R. W.	manager	196	
298	Roberts	Ivor	H. fitter	194	
296	Harry	F.	carriage exam	192	
294	Bull	Henry,	musician	190	
292	Alford	Chas.	Wm. fitter	188	
290	Hart	Geo.	R., salesman	186	
288	Wright	H. T.,	police	184	
286	Davis	Wm.	wheelwright	182	
284	Woodfield	Dd.	mar. engr	180	
282	Rea	Geo.	Alfd.	mariner	178	
280	Sanders	Alfred,	agent		
278	Dayman	John,	carpentr	176	
276	Roberts	John,	traveller	174	
274	Jordan	J. H.		
272	James	W. H.	clerk		
270	Jones-Stephens	Rev. B.		
268	Holmes	Alfred		
266	Burke	Richard		
264	Preece	J.	greengrocer		
262	Williams	Chas. P.	insp.		
Nat. Benefit Trust			
260	Johnson	A. S.	foreman		
258	Noble	James		
256	Hood	Sidney	J.	G.W.R.	
254	Moss	George,	Tanglyn	
252	James	Mrs.	Mary	
250	Jones	J. R.		
248	Jones	John	Alfred		
246	Spooner	John,	builder		
244	Taylor	Wm.	engineman	
242	Young	Alfred	Thos.		
240	Williams	B. W.	J.		
238	Monk	John	Wm. teacher	
236	Evans	Thomas		
234	Meade	Mrs.	J. M.		
232	Llewellyn	Albt.	asst.supt	
230	Fortey	C. J.	ins. agent	
Woodhouse Nurse S.		
228	Jarvis	Wm.	A.	H.M.C.	
226	Cruickshank	W.	H.in.agt	
224	Williams	Hopton		
222	Cox	C. G.	H.,	Ernescliffe
218	Void		
216	Blake	William	F.		
214	Warne	Chas.	rlwy clerk	128	
NEWPORT STREET DIRECTORY.
212	Williams	Jos.	guard
210	Fletcher	John	Kyle,
optician
Thomas	Mrs.	Elizabeth
Knighton	H. B.	moulder
Rewbridge	Reg.	travelr,
here is Annesley-road.
Norman	T. B.,	Eusemere
Edwards	William	Jos.
Hillman	John,	Merton v
Capello	O.,	Morton villa
here is Duckpool-road.
Williams	J. bootmaker
Jordan	Isaac,	draper
Clark	T. L.,	Hazel glen
Leonard	Mrs. James
Kelly	J. A.	tailor
Bourton	Mrs. S. A.
Venn	Wilfd.,	Claremont
Browne	Mrs. B. E.
Hammell	Mrs.	Eliz'beth,
Glengariff
100	Hughes	Thomas	Baker
98	Walters	Mrs.,	Glendale
96	Howells	Jonah,	Roseglen
here is Dean-street.
[more
94	Hilton	H. B.,	Belmont h
92	Fussell	A. C.,	Oscar ho
90	Evans	Mrs. E.,	Ashbrook
88	Pickett	F. clerk,	Leeds h
86	Jones	D. E.,	Hunslet h
84	Truscott	Jno.C.,	Elsdon h
82	Warren	Jas. gasworker
80	Evans	Wm.,	Wrekin cot
78	Griffiths	Mrs. C.
76	Cremer	Mrs.
168	Comellan	Dr. E. V.,
Rosa villa
166	Cheyne	John
164	Simpson	Hy.,	Eaton ho
162	Stokes	W. H.,	Finchfield
160	Davies	J.Lloyd,physic'n
158	}
here is Somerset-road.
156	Duckham	R., Ty Beryn
154	Ambrosec.,	Alhena villa
152	Batchly	W.,	Woodboro'
150	Chapman	Herbt.	M. ins.
supt.,	Isca Vale
148	King	S. J.,	King's Lynn
146	Duckham	F.,	Trevethen
144	Jenkins	Ed.	W.,	Riseley
142	Walker	Mrs.	A. M.,
Brentknoll
here is Morden-road.
140	Tovey	Aaron,	The Hollies
138	Taplin	Chas.,	Roath vil
136	Findlay	Hy.,	Clontarf
134	Price	T. J.,	Springfield
132	Harris	Mrs.	T., Ashfield
130	Morris	John, Tregonwell
Young	Mrs. C., Annesley
74	DaviesMrsM.A.,Rammah
72	Palmer	Francis,	tailor
70	Snell	Syd.	T., Ferncliffe
68	Lanfear	Mrs.	A., Cheddar
66	Davies	Horace
here is Bishop-street
64	Thomas	Tom	T.	builder
62	Watt	A.,	Briton house
60	Morgan	H.	corn mercht
58	Waters	Miss	E. M.
Howell	Nurse
56	Short	Stephen,	Ashley h
54	Day	Hy.,	Melbourne h
52	Nutt	Joseph,	Marston h
50	White	E., guard,	Tilbury h
48	Martyn	W. J.,	Duffryn h
46	Belgion	Wm.,	Clifton h
44	Lane	Wm. A.,	Leon house
42	Woodruff	T. dealer
40	Thomas	Sid.,	Highbury
38	Bradford	Wm.,	Wain h
36	Marshall	Mrs.	F.
34	Lewis	Saml.,	Cleadon v
32	Witheridge	J.
30	Dymond	W. R.,	upholstr
28	Palmer	Saml.,	Riverton h
Cae
397
Buy your Glass from Trace, the Glass King.
NEWPORT STREET DIRECTORY.
Cae
CAERLEON-ROAD - continued
26	Davies	Edward		
24	Roberts	John	blacksmith	
22	Johns	M., Llanblethian h		
20	Lomax	Mrs. W.		
here is Junction-road.
18	Wintle	A.	confectioner	
16	Robertson	W. E.	tobacconist	
here is Church-road.
14	Lewis	E. & Son, helvenkrs	Ernest Page & Lister, archi-	tects and surveyors	
Planet Cycle & Motor wks	stationers, &c.	
Stapleton	T.	agric'l engr	Griffiths Mrs. S. E. milliner	
12	Holcombe	Hy. A.	sigulmn	here is Harry-street.	
10	Void		G. W. R. Goods Station	
10A	Hockey	Austin	postman	(return)	
8	Meredith	John	picture	Tredegar Arms Hotel	
frame makers	Greenland & Co.—The Cor-	ridor Arcade	
6	Void		Corridor Toilet Saloon—H.	
4	Ponsford	W. E., Talgarth	E. Ross	
2	Void		Marks & Spencers, Ltd., 1d.	bazaar	
Caine Street.	Greyhound Hotel — R. T.	
Off Caerleon-road.	Dougherty	
CALDICOT STREET, E. 3	Watkins W., " Provider "	
Left-hand side	Corporation-rd	Bryant A. & Co., Domestic	
[RIGHT HAND SIDE.]	General Stores	
1	Spencer	Joseph	ironwrkr	Newport & S. W. Wine and	
3	Blake	Ernest	W. ironwrkr	Spirit Co.'s Vaults	
5	Mould	Francis	ironworkr	NEWPORT ARCADE	
7	Void		High-street	
9	Price	Wm. platelayer	CARLTON CHAMBERS—	
11	Stowells	Geo. ironworker	Taylor E. G. & Sons, drapers	
13	Richards	Chas. ironwork	and furnishers	
15	Powell	John, ironworker	Baker & Manhire, drapers	
17	Morgan	J. Wm. ironwkr	Cordey's Ltd., Mon. & South	
19	Wilkinson	J. Hy. ironwkr	Wales Supply Store	
21	Pitt	Wm. Rd. mason	Bevan's Sewing Machine and	
23	Newall	Wm.	Mailcart Depôt	
25	Plimmer	Wm. J. ironwkr	CAMBRIAN CHAMBERS—	
27	James	Aubrey	ironwkr	Phillips W. Clifford, solici-	
29	Taylor	Wm. ironworker	tor, com. for oaths	
		Athletic Club offices	floor)	
Cambria Cottages.		Western Finance Associa-	
From 27 Albert-avenue.		tion, Ltd.	
		Rogerstone (The) Property	
Cambria Place.		Investment Co., Ltd.	
Stow-hill, opposite Union.		Burpitt S. Melville E. soli-	
		zitor and notary	
Cambrian Road, C. 5		Stemp	G. J. T. architect	
85 Bridge-street to Station.		Powell	Digby	solicitor,	
Lloyd & Yorath, Ltd., Cam-		com. for oaths	
brian brewery		Mackie	H. F. solicitor	
Smith	W. H. & Sons, Ltd.,		Newport (Mon.) Motor	
wholesale newsagents		Supply & Garage, Ltd.	
398		The Glass King's Address is 48 Bridge Street, Newport.	
Cambridge Road, D. 8		
Off Rugby-road.		
1	Broadhouse	T. J.		
3	Llewellyn	Mrs. J.		
5	Gilbert	John	fitters	
7	Resden	H. G.	motorman	
9	Heckler	Arthur		
11	Hughes	John		
(return)		
Vacant sites		
Camelot Place, C 3		
Whitby-pl. to Manchester-st.		
[RIGHT HAND SIDE.]		
1	Fursey	Frederick	fitter	
2	Harding	Henry	G.W.R.	
3	Dowsell	W. C. labourer	
4	Crotty	Eugene	lamplytr	
5	Elms	Samuel	foreman	
6	Deakin	Chas. carman	
7	Richards	Herbert		
8	Morgan	Thos. G. W.R.		
9	Field	George		
10	Jones	Ernest	stonemason	
Camperdown St., E. 2		
Left-hand side Somerton-rd.		
Canal Parade, D. 4		
End of George-st. to Skinner-st	
1-2	Courtney	J. Victoria Inn	
3	Morgan	Benjamin		
4	White	Daniel	labourer	
5	Farmer	George	haulier	
6	Matterson	Martin	sailor	
7	Perkins	John	haulier	
8	Porter	Ernest	platelayer	
9	Murray	James	labourer	
10	Grace	Thomas		
11	Craddock	James	labourer	
12	Murray	Thomas		
13	Dare	Levi	labourer	
14	Bennett	Wm. labourer	
15	Doyle	John		
16	Wigmore	Elias	haulier	
17	Edwards	Albert	John	
18	Booth	Thos. haulier	
19	Perratta	Luigi		
20	Rodman	Mrs. Mary		
21	Fury	John	labourer	
22	Cappell	Joseph		
23	Sweeney	John	labourer	
24	Coughlin	James	senr.	
25	Jones	Henry	fireman	
26	Evans	B. Rose and Crown	
CAN
27	Coughlan	James		
28	Morgan	E.	shopkeeper	
here is Granville-street.		
Central ironworks		
here is Caroline-street.		
30	Hard	Michael	labourer	
here is Hill John		
31	Williams	W.	patternmkr	
32	Hill	John		
33	Haines	John		
here is Emlyn-street.		
Catholic Schools		
here is Cross-lane.		
34	Warren	Thos.,	Cambrian	
Arms		
35	Bateman	David	labour	
36	Hoskins	Albert	labourer	
37	Fitzgerald	Thos.	seaman	
38	Horrigan	Jas.	labourer	
39	Barry	John	tailor	
40	Dillon	Wm.	labourer	
41	Connors	Jere.	labourer	
42	Simmonds	Geo.	boilermkr	
43	O'Connell	Patk.	labourer	
44	Turner	Thos.	labourer	
45	Driscoll	Martin	labourer	
46	Void		inton-road.		
47	Croston	Alfred	labourer	
48	Donovan	Wm.	foreman	
49	Franklin	Wm.	Jas.		
50	Taylor	George	trimmer	
51	Gallaher	Mrs.		
52	Clarke	Robt.	labourer	
53	Rees	John	Edward	
54	Kerswell	John	labourer	
55	Collins	Daniel	labourer	
56	Void		
57	Connors	Mrs.	M. A.	
58	Horrigan	Frank		
here is Llanarth-street.		
Richardson	Mrs.	E.,	Globe Inn
Newport	Corporation		
Electricity	works		
here is Friars-street.		
Batachelor's	timber	yard	
77	Horton	Charles	green--	
grocer		
here is Merchant-street.		
78	Cullimore	Smart		
79	Lloyd	&	Yorath,	Ltd.
erated	water	manufactrs	
--T.	Penny	manager		
Cap		
29	Watts	John	shopkeeper	
30	Hughes	John	sailor	
31	Thompson	John	labr.	
32	Palmer	G.	labourer	
33	Pope	Thomas	mason	
34	Manders	Chas.	labourer	
35	Saviger	Reuben	labourer	
Canal	Terrace,	E 4	
From	Dock-st	to	Bolt-st.	
1	Mordey,	Jones	&	Co.,	
shipbrokers		
Cole	W.	F.	consulting engi-	
neer	&	marine	surveyor	
2	Pearce	Chas.,	Nelson	Inn	
3	Barry	Ellen,	greengrocer	
4	Davies	Mrs.	Mary	
5	Dunn	Geo.	H.	
6	Pollard	John	trimmer	
7	Collins	Mrs.	Catherine	
8	Green	Walter	labourer	
Setterlund	M.,	Fountain	Inn
Canon	Street,	C 3	
From	Junction-road.	
[LEFT	HAND	SIDE]	
1	Ryan	Martin		
2	Coslett	John	labourer	
3	Workman	Mrs.	D.	
4	Foot	James	haulier	
5	Williams	Geo.	labourer	
6	Sage	Daniel	labourer	
7	Blackmore	Wm.	labr	
here	is	Junction-roud.	
8	Pope	D.	W.	shop	
9	Buck	George	hawker	
10	McCarthy	Chas.	
11	Tucker	James		
12	Tobin	James	labourer	
13	Richards	Mrs.	Sarah	
14	Williams	Geo.	labourer	
15	Tucker	Rd.	labourer	
16	Gane	Joshua	labourer	
17	Merrett	John	carpenter	
18	Hiscocks	Ed.	haulier	
(return)-		
20	Thomas	Geo.	labourer	
21	Butler	Robert		
22	Morgan	Mrs.	Sarah	
23	Barrett	Charles		
24	Locke	John	butcher	
25	Welsh	John	labourer	
26	Foster	Frank	striker	
27	Easterbrook	Hy.	labr	
28	Buchanan	J.	dock	labr	
Canal	Street,	B 4	
From	8	Dos-road	to	Canal.	
1	Holder	John	Ernest,	labr	
here	is	Junction-road.	
Canning	Street,	E 3	
Off	Corporation-road.	
Capel	Crescent,	E 5	
Adjoining	Capel-street.	
[LEFT	HAND	SIDE]	
1	Thomas	Edwin	moulder	
2	Waters	Mrs.	Mary	Ann	
3	Price	Wm.	wagon	builder	
4	Lee	Burley	labourer	
Rosser	Wm.	guard	
5	Parfitt	Geo.	rlwy	guard	
6	Waters	William		
7	Panting	Alfred	Henry	
8	Waters	John	guard	
9	Fletcher	Mrs.	Bertha	
10	Roberts	Wm.	labourer	
11	Henry	Scott,	carman	
12	Hanham	George,	clerk	
13	Snelling	Albert,	guard	
14	Burrell	Frank,	butcher	
15	Flannigan	Patrick	
16	Waite	Wm.	P.	guard	
17	Jewell	Lewis,	coachbuildr	
18	Ellis	Geo.	Chas.	guard	
19	Harman	A.	patternmaker	
20	Avons	Jas.	T.	shipwght	
21	Davies	George,	inspector	
here	is	footbridge	to	Courty-	
bella-terrace.		
23	Bright	Mrs.	Leah	
24	Lee	Mrs.	J.	E.	
25	Rendle	Arthur		
26	Moore	John,	eng.	driver	
27	Herbert	Chas.	eng.	driver	
28	Knight	Edwin	J.eng.drvr	
29	Bond	Mrs.	G.	
30	Davies	James,	guard	
31	Batten	Chas.	guard	
32	Shergold	Thos.	eng.	drvr	
33	Hobbs	Jno.	Hy.	cranedrvr	
34	Jones	T.	L.	guard	
35	Scott	Robert		
36	Raynes	Mrs.	Ann	
37	Anstice	G.	roofer	
38	Wheeler	Hy.	G.W.R.	
39	Raines	Thos.	G.W.R.	399
NEWPORT STREET DIRECTORY.
Cap
Capel-crescent—continued
40	Trew Rd. Edwin	mouldr
41	Trew Rbt. Wm.	coalshpr
42	Thompson Hy.	engineer
43	Williams Chas.	pilot
44	Bale Alf.	coal trimmer
45	Rees James	G.W.R.
46	Holton Jas.	wagn repairer
47	Harding Wm. Wm.	cab proptr
48	Nutt Wm. Jas.	driller
49	Evans Alex. Geo.	H.M.C.
50	Davies J. H.	seaman
51	Stacey Jas. S.	postman
52	Lewes J. T.	pilot
53	Caston Saml.	tinekeeper
54	Hole Henry	G.W.R.
55	Williams Thos.	tailor
56	Hole Wm.	brakesman
57	Davies Mrs.	Elizabeth
58	Coopey Henry W.	
59	Appleby John	assistant
60	Harris John, mas.	mariner
61	Montgomery John	pilot
62	Williams Geo.	carpenter
(return)
path to Cardiff-road.
(return)
70	Townsend Mrs.	R.
71	Lloyd C. H.	fitter
72	Stokes Wm.	George
73	Gibbons Chas.	hoistman
74	Thomas Robt.	moulder
75	Davies Ogley	fitter
here is Lewis-street.
Murray Wm., Eleanor	h
76	James Mrs.	Emma
James Wm., The Hollies	40
77	Wiggins Hy.	labourer
Kirby & Westacott	bldrs	42
here is Williams-street.
Moore Jas.	builder
Chick J. W. & Son	joinery	45
works
Harman & Son	pattern	47
makers
78	Prance Geo.	general shop	E 5
Capel Street, E 5
[LEFT HAND SIDE.]
From 144 Commercial-road.
[LEFT HAND SIDE.]
1	Driscoll Lawrence	
2	Ward Thos. coal trimmer	55
3	Richards Philip	rigger
4	Parkes George	
5	Tasker Geo. dock pilot	
6	Gulliver John	trimmer
7	Thomas Rich.	carpenter
400
Cardiff Road, D F
From 96 Commercial-street.
[LEFT HAND SIDE]
1	Brown Mrs., Victoria cot	
2	Void	
3	Roberts John, Kent ho	
4	Johns Ivor M., Friars view	
5	Johns Miss Eliza	
Johns Miss Beatrice R.	
5	Cock John, Rockleigh ho	
Ekers F.	stone carver	
Thomas W. R., dis. inspt.	
here is Daniel-street.
6	Pugh John, Montrose	
6A	Harding W., Laburnum	
6B	Moore Edwin, Belvoir	
7	Akers J. M., Longfield	
8	Dunn J. H., Conway ho	
9	Jones Wm. T. builder	
here is Rutland-place.
10	Thatcher H., The Planes	
11	Atkinson Rev. N. S. M.,	
Seaton	
Johns W. C., Courtysella	
Cheeseman Hy., Montreal	
12	Cleaver W. B., Torring-	
ton house	
Webber Thomas, guard	
13	Littlejohus W.	carpenter
14	Thompson James, ærated	
water manufacturer	
entrance to Mendalgief-road.
Mallett J. engine driver	
Skuse Hy. John, G.W.R.	
Trump James, G.W.R.	
Morgan Wm. S. blksmth	
Scott Mrs. J. H., Courty-	
bella farm	
Thomas Albert, labourer	
(return)
Phillips C.D., J.P.The Gaer	
Duckham Hy., Gaer Fach	
Alderson B. W. gardener,	
Gaer lodge	
Wilkinson M. W. packer	
Smith C. H., The Oaks	
here is Waterloo-road.
BELLE VUE PUBLIC PARK—	
John Trowbridge, supt.	
Mathews Rev. A. A.,	
Belle Vue court	
here is Belle Vue-lane.
15	Bevan John, labourer	
NEWPORT & MONMOUTH-	
SHIRE HOSPITAL	
Car	
8	Collings Alfd.	foreman
9	Lewis Chas. R.	smith
10	Cavill George	labourer
11	Phelps Frederick	
12	Williams Jno.	traffic mgr
13	Weston G.	engine driver
14	Edmunds James	clerk
15	Brook Mrs.	Elizabeth
16	Price Wm.	carpenter
17	Roberts Mrs.	E.
18	Roberts J. A.	
19	Williams George Arthur	
20	Dalton John	shipwright
21	Manning Wm.	dock pilot
22	James Wm.	M. fitter
23	Thomas Walt.	E.eng.drv
24	Herbert Miss	S. J.
25	Williams John	carpenter
26	Williams T. H.	eng. drvr
27	Davidson Wm.	W.
28	Jones John	engine driver
29	Watkins Eli	boilermaker
30	McLoughlin Wm.	tailor
(return)
31	Turner John	goods guard
32	Gabb Albt. Hy.	baker
33	Price B.	brakesman
Wood Thos.	fireman
34	Brooks Geo. Henry	
35	Carthy Charles	
Neagle John	
36	Williams Chas.	watr clerk
37	Howells Albert	labr
38	Sullivan James	labourer
39	Williams Mrs.	Caroline
40	Lewis Wm.	coal trimmer
41	Wright T. fireman	G.W.R.
42	Morgan Thos. coal	trmr
43	Mahoney John	haulier
44	Davies Lewis	blacksmith
45	Taylor Chas. H.	moulder
46	Davies Mrs.	Louisa
47	White Charles	
48	Thomas Thomas	fitter
49	Jones James	pilotsman
50	Cheeney Hbt.	eng. driver
51	Williams Mrs.	A.
52	Hannan Daniel	fitter
53	Morgan Edgar	fitter
54	Fry H. J.	pilot
55	Russell E. J.	labourer
56	Williams Alfred	fireman
57	Cox Mrs. S. A.	
58	Thomas Tom	mar. engr
59	Maher Patrick	coal trm.
60	Tucker Rees	pilot's asst.
The Glass King's Address is 48 Bridge Street, Newport.
NEWPORT STREET DIRECTORY.
Car
16	Hospital Offices — J. K. Millward, sec.-sup.t.			
17	Thompson G. W., Stem-bridge			
18	Freedman M., Rosebery house			
19	Daniels F. W. surgeon			
20	Ener Glyn — void			
21	Rees Mrs. J. De, Glent-worth			
entrance to Clytha-square.		
22	Oliver Geo., Bromley ho			
23	Gares E., French Vice-Consulate, The Grange			
24	Dennis Mrs. M. A., Overton			
25	Davies E. plasterer			
26	Jones Mrs. Mary			
27	Gibb W. J. & Sons, fruit-erers and poulterers			
28	Wood E. & Co. yeast mer.		
29	Re-building			
30	Do.			
31	Marsh Thos. bootmaker			
32	Boswell Stephen, picture frame maker			
33	Gould Bros. printers			
34	Hutchings H. F. grocer			
35	Phillips W. H. cycle mkr		
	here is Queen-street.		
36	Re-building			
37	Do.			
38	Debley Mrs. M. A., Golden Hart			
39	Eldridge Chas. newsagent			
40	Davies R. H. bootmaker			
41	Smith Jas. confectioner, Cyclists' rest			
42	Void			
43	Gillard C. H. jun., gasftr		
44	Harding E. W. 1d. bazaar			
	Shop void		
45	Jones Theo. C., Prince of Wales Hotel			
	here is King-street.		
3	King's vale — void		
	Pulley Charles		
	Townsend George		
CARISBROOK RD., D 2
Off Chepstow-road.
[LEFT HAND SIDE.]
1	Yates Sidney A.			
3	Ferneyhough A. G.			
5	Morris James E.			
7	Williams A. E. bookbinder			
9	Pobjoy John Robert			
11	Cowley Peter, clerk			
13	Williams Wm. Geo.			
15	Hollindrake Henry			
17	Sainsbury Chas. plasterer		
19	Bambridge Jabez			
21	Void			
23	Williams Arthur, painter		
25	Stevens Henry			
27	Rogers John, boilermkr		
29	Smith Chas. schoolmaster		
31	Scholey Herbert			
33	Sydney J. N.			
35	Tooze Wm.			
37	Burge George, grocer			
	Vacant sites		
	(return)		
36	Morgan Mrs.			
34	Day James, fishmonger		
32	Davies Thos. J. printer		
30	Powell Wm. keeper			
28	Hodge Robt. architect		
26	Henderson Dd. seaman		
24	Void			
22	Watts Augustus, gardnr		
20	Wooding John W. grocer		
18	Ray Fredk. ins. agent		
16	Preece Wm. roller			
14	Phillips Sidney, p.o. clerk		
12	Irving Walter James			
10	Hobbs William			
8	Davies Hambrey, potter		
6	Trayhearn Jos. carpenter		
4	Swift John, shearer			
2	Stephenson H. ironwkr		
CARLISLE PLACE, C 5
Nos. 1 to 10 North-street.
[RIGHT HAND SIDE.]
1	Mears Herbert, blksmith		
2	Bowler Allen, crane drvr		
3	Smith Alfred			
CAREY ROAD, E 2
Chepstow-road to Gibbs-road.
1	Leppard Benj. R.			
2	Bunning Misses			
3	Thomas Arthur			
Cas
8	Boon John, smith (return)			
9	Becker Wm., Windermere			
10	Tyas Thos. H., Hazelden			
11	Legge Wm., Ellesmere			
12	Stephens, Mrs., Wynde-cliffe			
13	Davies Mrs. D. J., Claremont			
CARLTON CHAMBERS.
See 43 High-street.
CAROLINE STREET, D 4
From 64 Dock-street.
[LEFT HAND SIDE.]
1	Kehely Mrs. C.			
2	Wilson John, G.W.R.			
3	Baker Wm. labourer			
4	Pelling Geo. Chas.			
5	Franklin Wm. Albert		
6	Davies Thos. stevedore		
7	Morrish John, labourer		
8	James Thos. dock labr		
9	James William, mason		
10	Void			
11	Void			
12	Dacey Mathew, labr			
13	Coombs Mrs. B.			
14	Perkins Mrs. Susannah		
15	Jenkins Sidney			
15a	Donovan T. foreman		
15b	Hart F. sugar boiler			
15c	Keefe Arthur, dk labr (return)			
16	Witridge T. irondresser		
17	Bird Sidney, haulier			
18	Barnes Wm. bricklayer		
19	Gatfield M. J. wagon cptr		
20	Fleming John			
21	Evans Wm. mariner			
22	Keefe Patrick, platelayer		
23	Elliott John, labourer		
24	Mullins James, labourer		
25	Millinship Walter, mouldr		
26	Cook Geo. electrician		
27	Collins Albert, stevedore		
28	Channon Jacob L.			
CARPENTERS' A. LANE
From 8 High-street.
CASTLE PRECINCTS, C 4
From 1 Shaftesbury-street.
1	Hiscox Henry, gasworker		
2	Collier Joseph, fishmngr 401		
Buy all your Glass from the Glass King, 48 Bridge Street.
Cas
NEWPORT STREET DIRECTORY.
Castle Precincts-continued
3	Wood	Mrs. E.	
4	Oliver	John	labourer
5	Roberts	Thomas	
6	Hillman	Walter Henry	
Castle Street, E 4
[LEFT HAND SIDE]
1A	Williams	Geo. R. dk pilot
1B	Smith	Wm.	labourer
1	Townsend	John	
3	Void	
5	Keith	John	bricklayer
7	Limbrick	Wm.	labourer
9	Wilson	Wm.	dock labr
11	Oldfield	Thomas	labr
13	Chesher	Thomas	
15	Taylor	Wm.	
17	Malcahy	Michael	dk lab
19	Void	
21	Void	
23	Willis	John	labourer
here is Linton-street.
25	Ryan	Mary Ann	
27	Hemmings	Charles	
here is Wallis-street.
29	McCarthy	Michl. J.	trmr
31	Pring	Robt. C.	hobbler
here is Wilson-street.
33	Persons	John	seaman
(return)
Uskside Engineering Wks
here is St. Michael-street.
22	Webb	John	grocer
20	O'Keefe	Thos.	rigger
18	Donovan	John	
16	Dermody	I.	labourer
Cantwell	James	guard
14	Stewart	John J.	carpenter
12	Hart	Daniel	labourer
10	Mellon	James	
8	Murphy	Patrick	moulder
6	Tait	Wm.	dock labourer
4	Regan	Chas.	labourer
2	Danaher	John	dk labr
Caxton Place, C 5
From 23 Bridge-street.
[LEFT HAND SIDE]
1	Price	William	tailor
Pinchin & Co.	upholster's
2	Smith	William	porter
3	Price	Wm.	tailor
(return)
Gibb W. J. & Sons	poulterers, etc.
5	Griffiths	John	eng. driver
Cedar Road, C 4
From 36 Chepstow-road to Corporation-road.
[LEFT HAND SIDE]
1	Baldwin	T. A.	
3	Jones	Edwd.	Mona house
5	Lewis, J.J.W.	Ellesmere
7	Ashton	Alfred Jas.	
9	Lewis	Edwin	traveller
here is Bedford-road.
11	Batty	W., St. Ives	
13	Osborne	Philip	Ingleside
15	Watkins	C. T.	
17	Jones	Jas.	Earlswood
19	Andrews	Edwin	
21	Linton	D.,	Chelwood hse
23	Weight	Thos.	ins. agent
(return)
here is Corporation-road.
20	Conniff	Daniel	
18	Gibbs	Samuel J.	
16	Roberts	F. J.	
14	Williams	F. P.	
12	Williams	Wm.	
here is Bedford-road.
10	Flook	Jos.	Leverington
8	Clarke	George James	
6	Parsons	Percy	
4	Jones	Misses	B.A., Rivers-dale
2	Malone	Geo.	Thos.
Cemetery Lane.
North-street to Clifton-road.
Cenfedd Street, C 3
Off Constance-street.
1	Vittle	Wm. Hy.	J. blrmkr
3	Rate	Thomas	Wm. G.W.R.
5	Stone	Wm.	
7	Williams	James	painter
9	Andrews	E. D.	printer
11	Parsons	Chas.	Fredk. A.
Charles Street, D 4
From 149 Commercial-street to Stow-hill.
THE EMPIRE—Moss Empires, Ltd.	proprietors
here is Talbot-lane.
Fossett & Co.	gas fitters
6	Miles	T.	cabinetmaker
Cha
7	Cozens	F. R.	embroiderer
8	Pacello	Mrs. E.	
9	Thomas	Albert	baker
10	Bird	A. G.	house decorator
11	Powles	F. W.	builder
ENGLISH BAPTIST CHURCH
NEWPORT EDUCATION OFFICES
Eaves	T. A.	sec. Elementry Department
Moores	G. W.	secretary Secondary Department
P.T. CENTRE	
Squire	Caleb	caretaker
17	Rogers	G.E.&Co.	plumbers
18	Lefcovitch	Israel	tailor
19	Harper	—	
20	Budgemadame	costumier
21	Bible and Tract Depot (return)
22	Blunt	Mrs. A.	grocer
23	Rowberry	Wm.	herbalist
24	Coxon	John	fruiterer
25	Platt	John	bootmaker
26	Watts	Fdk.	plumber, etc.
27	Shewring	Jos.	sign writer
Frew	Wm.	tailor
28	Maddocks	Jos. eng.	drvr
29	UNITARIAN MEETING RM
30	Quick	Wn.	carman
31	Mendelsohn	Louis	tailor
32	Morris	W. Chas.	tailor
33	Fennell	Albert	hairdressr
34-5	Cohen	Isrl.	confectioner
entrance to Infants' School and Cookery Centre.
39-40	Reynolds	& Co., Ltd. housefurnishers & draprs
Charlotte Street, E 5
From 23 Alma-st. to Capel-st.
[LEFT HAND SIDE]
1	Dowdall	Geo. N.	caterer
2	Ford	Edwin	labourer
3	—	
4	Willis	Robert	blacksmith
here is Lewis-street
Burleigh & Jones	undertakers
here is Raglan-street.
James	A.	shoemaker
Thomas	D. & Co.	pattern makers
5	Marley	Geo.	labourer
here is Williams-street.
NEWPORT STREET DIRECTORY.
Che
6	Thomas D.	patternmaker	33 Prothero M., St. David	
here is Capel-street.	35 Newport New Thought	
(return.)	Spiritual Church-Gran-	
7	Richards John,	driver	tham villa	
8	Void	37 Hodge Robert, York villa	
9	Jones Thomas,	boilermkr	39 Clarence villa—void	
Turner’s Bedding Mfty	41 Williams Miss Ellen,	
10	Bush Mrs. Alice	Rochefort villa	
here is Williams-street.	43 Davies Thos.,	Usk villa	
TREDREGAR WHF. INFANT	45 Lewis Frank, Belvoir h	
SCHOOL.	47 Farmer John, Nolton v	
11	Roberts Walton B.	49 Delemane Fredk., Heber v	
here is Raglan-street.	51 Green John Andrews,	
12	Bevan James,	seaman	Netherton villa	
13	Young William,	labourer	53 Price —, Sefton villa	
Alma St. Baptist Sunday	55 Lancefield C., Winslow h	
School	here the railway crosses.	
14	Solomon John,	tailor	Linton W. A. builders’ &	
15	Main Fredk. boilermaker	contractors’ yard	
16	Curtis Thomas,	labourer	59 Board of Guardians’ Chil-	
17	Hale William,	shipwright	dren’s Homes—Matron,	
Chelston Place, B 4	Miss Hunter	
43 Redland-st. to Brynglas-rd	here is Hereford-street.	
2	Armitage Samuel	QUEENSLAND TERRACE.—	
3	Emerson Mrs. Alice	61 Tovey Bros. undertakers	
4	Lambert Benj.	plumber	Batty William, senior	
5	Telling Elijah	63 Truscott Mrs. Elizabeth	
6	Gray Edward, gasworker	65 Purnell John James	
7	Preece Wm.	police inspt.	67 Williams C., WestwoodHo	
8	Woodliffe Henry,	fitter	69 Jones Spencer E.	
Chepstow Road, C 4	71 McHale Mrs. E. A.	
From Clarence-place.	73 Wright George, traveller	
[LEFT HAND SIDE.]	75 Gould Mrs. M. A.	
1	Burleigh & Jones,	77 Williams Jere., St. Ives	
undertakers, Eastgate v	MAINDEE MUNICIPAL BLDGS	
Jones Charles	79 Branch Fire Station	
3	Stemp Mrs. C., Lyncombe	81 Branch Police Station	
5	Pinnell W. J., Melverton	Wm. Tanner, inspector	
7	Sheaf W. veterinary sur-	83 Branch Free Library—	
geon, Windsor villa	Albert Pierce, caretaker	
9	Morgan Herb., Victoria v	here is London-street.	
11	Cambridge villa—void	KINGSLAND TERRACE.—	
13	Chapman C. J., Osborne v	87 Broadlick A. T.	dentist	
15	Langmaid R. J., Beaufort v	89 Giddings Geo.	painter, &c.	
17	Smith George, Clytha v	91 Gilmore Isaac,	pilot	
19	Gosling J. T., Carisbrookev	93 Woodfield Misses, costum’s	
21	Sweet R.	sculptor	95 Brettell Misses A. & H.	
23	Jones A. D. H., Ather-	dressmakers	
stone villa	97 Giddings C.	mon. mason	
25	Hince T. A., Albert villa	Popham Ernest, carpenter	
27	Davidson John, Hillstone	99 Hayward Thomas	
villa	99aWright & Lee,	printers	
29	Delahaye I., Upton villa	MAINDEE SCHOOLS	
31	Wilmet H., Glenbrook v	103 Small Mrs. Elizabeth,	
Fair Oak villa	
105 Burford Jesse, 2 Fair	
Oak villa	
107 Lock C. A., Maindee	
here is Fair Oak-terrace	
109 Snowdon L. W. fish shop	
113 Bastable Herbt. butcher	
115 Crosswaite A. B. green-	
grocer	
117 Stevens A. M. confeutnr	
119 Thomas A. bootmaker	
121 Davis Albert, Royal Oak	
123 Stevens H. cycle agent	
125 Williams D. dairyman	
127 Co-operative Society,Ltd.	
—No. 8 Branch	
here is Duckpool-rond and	
Albert-avenue.	
FAIR OAK BUILDINGS—	
3	Goodman M. G. pawn-	
broker, etc.	
2 Hutson W. A.piano dealer	
Caplan Mrs. R. confectnr	
MILE END TERRACE—	
131 MAINDEE POST OFFICE,	
M.O. & T., S.B. & A. & I.	
Office—John Farmer,	
postmaster	
Hicks F. H. plumber	
133 Harris C. W. butcher	
135 Harry T. J., Maindee	
Clothing Stores	
137 Snook J.	
139 Powell & Co. ironmon-	
gers and cutlers	
141 Honey Arthur, sadler	
143 Morgan G. H. hairdresser	
Haynes John D.	
145 Flannigan S. confectionr	
147 George Jas., Shepherd’s	
Pride	
147ASalisbury Benj. gen. dlr	
149 Walter R. H. pork btchr	
151 Chave & Son, fruiterers	
153 Nelson J. & Sons, btchrs	
155 Nicholls E. G. confectnr	
157 Hughes R., George Hotel	
here is Victoria-avenue.	
159 United Counties Bank	
Ltd.	
161 Weare Geo. dairyman	
163 Cordey’s Ltd. stores	
165 Langmaid Wm. baker	
167 Lloyd’s Bank, Ltd.	
169 Robson T., Fern cottage	
171 Thomas Mrs. E.	
403	
Address your letters, Glass King, Newport, Mon.	
NEWPORT STREET DIRECTORY.
Che
Chepstow-road—continued
173 Kenwyn G. J., Glynmedwg
175 Morgan Rees, surgeon
Thomas D. E, surgeon
Pearce & James, Misses, Maindee Lawn School
177 Saunders S. R., tailor Kensington House
MAINDEE LAWN VILLAS.—
179 Curtis Miss C.
181 Spillane W., Hazeldene
183 Finch William
185 Banks Fredk. Victor
187 Fox Sister Sarah
here is Kensington-grove.
189 Wyber Thomas
191 Baker Arthur
193 Duncan William
195 Driscoll Wm. Wallace, Crowhurst
197 Wilkinson Rbt., Chesterfield
199 Phillips Ed., Pfrwd Vale
201 Eveswell Schools
203 Lewis Miss C. E., Bute house
205 Bumstead C. B.
207 Cook W. T. sergt-major
209 Lewis John Floyde, vaccination officer, Bon-cath house
211 Griffin Mrs. Amelia, Oswald house
here is Batchelor-road.
213 Bristow Benjamin
215 Ross W. H., Tynwald
217 Conia D., Milverton h
219 Gwyther Alfred
221 Reece Mrs. M. E.
223 Fennymore Harry
225 Milner John, Ferndale
227 Spiridion S. W., Fernhill
229 Jones Percy E., Morlais
St. John's-rd., Eveswell-park.
Maindee hall—void
Maindee park—void
Bowen John, gardener
here is Beechwood-road and Gibbs-road.
PENYLAN PARK —
371 Phillips J. C., Beech-field villa
373 Hancock Mrs. A., Oak-field villa
375 Shepherd Francis Hy., Bateman J. E.
Mayfield villa
377 Davies J., Carisbrooke h
379 Wise Hy. H., Glen view
381 Vicary D'Orsay, Rydal-mount
383 Pride Miss J., Edenville
385 Edelin Emile, Lawrence-ville
387 Frederick Theo., Instow
389 James Mrs. N., Westfield
here is Maple Crescent.
here is Sycamore Crescent.
here is Olssan A. C., Richmond villa
Collett W., Richmond house
393 Wigmore W. J., Ravenswood
395 Levesconte H., Wyndcliffe
397 Clarke Hy., Heathfield
399 Williams Mrs. E. E., Gwynfryn
401 Bickley Jas., Eastbrook
403 King H. N., Wenvoe
405 Parfitt Geo. A., Daylesford
407 Emmanuel Thos. P.
409 Dinnmark Rd., Oakleigh
411 Tucker J., Bryngolan
Simmonds C. P., Bryncliffe
here is Lawrence-hill.
Barton Joseph, Farmwood Nursery
ROSEDALE TERRACE—
559 Brown Mrs. R.
561 Hicks Charles, gardener
563 James John, blacksmith
565 Watkins Lewis, gardener
567 Davies Henry
Vacant sites
Houses void
Houses building
(return)
Antsee E. L. marketgadenr
FARM COTTAGES—
6 Anstee Granville
5 Stratford Walter, packer
4 Baugh James, ironworker
3 Thatcher Geo. Alfred
2 Withers James, fitter
1 Porter Ralph, painter
Clist Thomas, quarryman
Butcher Charles, gardener
Matson Peter, seannan
- Wixey James, engine driver
Carman Thos. wagon repairer
Somerton Place—
6 Binning Walter, ironwkr
5 Thompson Henry, butcher
4 Edmunds Jesse, labourer
3 Ford John, G.W.R.
2 Edwards William
1 Dray Robert, saddler
here is Aberthaw-road.
here is Somerton Garden Estate
here is Maple Crescent.
here is Sycamore Crescent.
here is Olssan A. C., Richmond villa
Collett W., Richmond house
393 Wigmore W. J., Ravenswood-hall
Hall Miss J., Labuan
here is Kelson Mrs. J.
Grout J. grocer
Rogers A. D. bootmaker
Brown John Henry, checker
Forgie Mrs. A.
here is Somerton-road.
Farley F. E., Beechwood ho
Farley F. E. grocer
CROSS HANDS POST OFFICE,
M.O., S.B., & A. & I. OFFICE
Parfitt Stanley S., Kildare
Griffiths E. G., Belmont
Hollingdale C. P., Wistow
Griffiths Mrs. E. S., Emlyu
Miller John, Ascot
Tranner & Son, butchers and grocers
Shops building
Howells Rees, Mildura
here is Kenilworth-road.
PRESBYTERIAN CHURCH
Houses building
2 shops vacant
Vacant sites
here is Warmwick-road.
Vacant sites
here is Blenheim-road.
Gould John Wm., Maindee lo
here is Windsor-road.
Case W. T. builder, Clyro
Butler Vincent, Ingomar
Goodman M., Sunnyside
Jones A. B. Ll., Don-y-coed
Richards Mrs., Clyde
here is Walmer-road.
Vacant sites
here is Carisbrook-road
Vacant sites
Strang Wm. auditor, Pentwyn
The Glass King's Address is 48 Bridge Street, Newport.
Che
NEWPORT STREET DIRECTORY.
Che
405
198	Chas. A.	Prust	Dunedin house	130	Watkins W.	toy dealer, &c.
128	Jas. & Sons	Nelson	126	Nelson Jas. & Sons Ltd.
196	T. H.	Stephens	bootmaker	124	Owen C.	H., draper, &c.
194	C. A.	Prust	confectioner	122	Maypole Dairy	Co., Ltd.
192	F. G.	Duckham	122A	Bushy W.	G. photograhr
192	Henry	Weston	tailor	120	Cayzer W.	C. hosier, &c
190	E. L.	Hawkes	tobacconist	118	Smith R.	boot dealer
188	F. E.	Farley	grocer	116	Home & Colonial	Stores
186	F. J.	Summers	boot dlr	114	Watkins W.	ironmonger
184	James	Woodgates	Wm.	WEST END BUILDINGS—
182	house	furnisher	112	Edwards	T. grocer and corn merchant
180	C.	Howarth	greengrocer	Roach &	Limbrick, ‘The
178	S.	Fry	bootmaker	Misses,	costumiers
176	Mrs. Laura	Besley	King William III.	110	Robertson	W. E. tobaenst
here is	Wharf-road.	108	Kemp R.	hosier & outfitr
174	James	Baker	Fairoak h	106	Escott F.	J. furniture
174B	Phillips	Wolfe & Sons,	wareho. &	van proprtr
pawnbrokers, jewellers,	104	Holbrook	G. H. florist
and outfitters	102	Cobbledick	& Isaac, mil-
174A	Bevan R.	china dlr, &c.	liners
Burt Harry, blacksmith 100	Eastmans	Ltd. purveyrs
here is	Fairoak-lane.	98	Atherton	H. junr. con-
Burt Harry, blacksmith 100	Eastmans Ltd. purveyrs	fectioner
Morgan Arthur, painter 98	Atherton H. junr. con-	96	Harris C.	M. gilder
—	fectioner	94	Horner J.	R. upholsterer
Elsie cottage—void	92	Pugh G.	& Sons, decortrs
172	Chas. H.	Evett	decorator	90	Williams	A. G. chemist
170	J., Fair	Vowles	Oak 94	Williams	Rev. T.
168	Inn	88	Locke W.	H. butcher
166	F. S.	Portnell	draper	here is	Livingstone-place.
164	Thomas & Sons, grocers	86	Lewis Mrs.	Martha
Alfred Orpet, manager	84	Empsall H.	hardware dlr
here are Jones’ Cottages	82	Brodie Mrs.	L. fancy
3	Day	Mrs.	Martha	goods dealer
2	Long	Daniel	Brodie Ralph
4	Galt	Mrs. M.	80	Davey H.	J. confectioner
1	Vespin,	Pearcey	carpentr	78	Parman Mrs.	A. tobaenst
162	Dunstan	Bigwood	&	76	Evening Post	Depôt
Co., coal merchants	74	Bucknall F.	J. bootmakr
160	Driscoll & Son, jewellers	72	Bucknall F.	J. bootmakr
58	Bevan R.	newsagent	Goldsmith	A. D. watchmkr
156	English & Colonial Meat	70	Miller Miss M.	tobacconist
Company	and newsagent
154	Bevan R.	hairdresser	Sharrem A.	H. grocer
152	and	bookseller	here is	Harrow-road.
154	T.	Leighton	150	Jefferson	fruiturer	68	Thomas Mrs.	E., Austin v
152	and	bookseller	68	Thomas Mrs.	E., Austin v
148	Simmonds C.	P. grocer,&c	66	Davies J.	N. (John Davies
146	Hall H.	Carpenter’s Arms	& Co.),	Ormonde house
144	Hughes Wm. pork butcher &c.	64	Irwin Wm.	physician and
142	Haggett	Frank, butcher	surgeon,	Chepstow villa
140	Jenkins J.	poultryer, &c.	62	Blake Frank,	Kenilworth
138	Phillips	J. & Son, corn	60	Richards	Reynhold, Home
stores—Mrs.	W. Frost	house
136	Evans & Lewis, chemists	here is Probert-place.
134	Pegram’s	Ltd.
132	Woodcock	A. J. Globe Inn
here is Probert-place.
UPTON PLACE—
1898	Prust Chas. A. Dunedin h	130	Watkins W.	toy dealer,
128	&c.
196	Stephens T. H. bootmakr	126	Nelson Jas. & Sons Ltd.
192	Duckham F. G. butcher	122	Maypole Dairy	Co., Ltd.
192	Weston Henry, tailor	122A	Bushy W. G.	photograhr
190	Hawkes E. L. tobaconst	120	Cayzer W.	C. hosier, &c
188	Farley F. E. grocer	118	Smith R. boot	dealer
186	Summers F. J. boot dlr	116	Home & Colonial Stores
184	Woodgates James Wm.	114	Watkins W.	ironmonger
182	house	furnisher	WEST END BUILDINGS—
180	Howarth C. greengrocer	112	Edwards T. grocer and
178	Fry S.	bootmaker	corn merchant
176	Besley Mrs. Laura, King	Roach &	Limbrick, ‘The
William III.	Misses, costumiers
here is	Wharf-road.	110	Robertson	W. E. tobaenst
174	Baker James, Fairoak h	108	Kemp R.	Hosier & outfitr
174B	Phillips Wolfe & Sons,	106	Escott F.	J. furniture
pawnbrokers, jewellers,	wareho. &	van proprtr
and outfitters	104	Holbrook	G. H. florist
174A	Bevan R. china dlr, &c.	102	Cobbledick	& Isaac, mil-
liners
Burt Harry, blacksmith 100	Eastmans	Ltd. purveyrs
Morgan Arthur, painter 98	Atherton	H. junr. con-
Elsie cottage—void	fectioner
172	Evett Chas.H.decorator 96	Harris C.	M. gilder
170	Vowles J., Fair Oak 94	Horner J.	R. upholsterer
168	Inn	92	Pugh G.	& Sons, decortrs
166	Portnell F. S. draper	90	Williams	A. G. chemist
164	Thomas & Sons, grocers	Williams	Rev. T.
Alfred Orpet, manager	88	Locke W.	H. butcher
here are Jones’ Cottages	here is	Livingstone-place.
3	Day Mrs.	Mrs. Martha	86	Lewis Mrs.	tobaccoist
2	Long	Daniel	84	Empsall H.	hardware dlr
4	Galt Mrs. M.	82	Brodie Mrs.	L. fancy
1	Pearcey Vespin, carpentr	goods dealer
162	Dunstan Bigwood &	Brodie Ralph
Co., coal merchants	80	Davey H.	J. confectioner
160	Driscoll & Son, jewellers	78	Parman Mrs.	A. tobacenst
58	Bevan R. newsagent	76	Evening Post	Depôt
156	English & Colonial Meat	74	Bucknall F.	J. bootmakr
Company	72	Bucknall F.	J. bootmakr
154	Bevan R.	hairdresser	Goldsmith	A. D. watchmkr
152	and	bookseller	70	Miller Miss M.	tobacconist
154	Bevan R. hairdresser	and newsagent
152	and bookseller	Sharrem A.	H. grocer
148	Simmonds C. P. grocer, &c	here is	Harrow-road.
146	Hall H.	Carpenter’s Arms	68	Thomas Mrs.	E., Austin v
144	Hughes Wm.pork butcher &c.	66	Davies J.	N. (John Davies
142	Haggett Frank, butcher	& Co.),	Ormonde house
140	Jenkins J. poulterer, &c.	64	Irwin Wm.	physician and
138	Phillips J. & Son, corn	surgeon,	Chepstow villa
stores—Mrs.	W. Frost	62	Blake Frank,	Kenilworth
136	Evans & Lewis, chemists	60	Richards	Reynhold, Home
134	Pegram’s Ltd.	side
132	Woodcock A.J. Globe Inn	house is Probert-place.
J. B., Trosnant	Kendall
Joseph, Trevethun	Evans
is a Arundel-road.	here
Robert, The Grove	McNab
Charles, The Oaks	Hammett
James, The Limes	Palmer
W. G., The Pines	Pugh W.
Jesse, The Yews	Busby
Jos., The Beeches	Townend
is Rothesay-road.	here
sites	Vacant
A. C. grocer	Reece
sites	Vacant
is Rochester-road.	here
Mrs. M. shop	Chivers
M. ironmonger	Gee I.
Co. drapers	Price &
Melvin, grocer	Scott
void	Shop
C. L. greengrocer	Lewis
Albert, St. Malo	Ruston
Albert, St. Ives	Bailey
is Rosslyn-road.	here
sites	Vacant
EVESWELL TERRACE—
Newport Hand Laundry	240
238	Martin	Mrs. E.
236	Westcott	Mrs. M. E.
234	Dieudonne—void
232	Portnell	F.W., Wyastone
here is Eveswell-street.
LAWN TERRACE—
230	Hoggett	Chas., Grove h
228	Parffit	Dyson, Melrose
226	Leadbeter G. F. builder
224	Phillips	W. W., Pier-
mont house
222	Jones Thomas Adoph
220	Gregory	G. E., Westoe h
218	Holins	house—void
216	Hatfield	J. A.
214	Hoskins	F. G., Leighton
212	Jenkins	J.B., Cambridge
villa
210	Brooks	Mrs. M.J., Oxford
here is Oxford-street.
208	Norvil	Mrs. S. A.
206	Jones	David, Moorlane h
204	Kjelson	L., Goldthorne h
202	Morgan	Francis, Alstone
200	Owen	D. J., Eltham ho
Che
NEWPORT STREET DIRECTORY.
Chepstow-road—continued
58	McFarlane	Alex, Craig.-more
56	Spiers	Mrs. S. A.
54	Harris	Herman M., Mor-timer villa
52	Limbrick	G. T., Floraville
50	Maxwell	Thomas, Saxon-hurst
48	Fussell	H. J. G., Dulce Domum
46	Jones	W. Spencer, Llan-wallis
44	Carter	Fred, Halberton h
42	Sayer	E., veterinary surgeon, Hewson house
40	Gunn	Chas., Bath house
38	Moore	-, Stafford house here is Cedar-road.
36	Gregory	Miss, Cedar villa
34	Richards	E. J., East Lynne
32	Ivins	Henry, Belmont
30	Cooke	Miss M. J., Clare lamont
28	Buckner	J., physician and surgeon, Linton villa
26	Francis	C. J., Arundel v
24	Sutherland	A., Curson v Sutherland William
22	Hall	Miss F. M., Hursley
20	Thompson	J., Neumerland
18	Thomas	D. Ed. physician and surgeon
16	Taylor	Alfred, Wenvoe
14	Scott	Wm., Monreith
12	Wilks	Thos., photographer
10	Kerr	R. B., Belgrade
8	Iles	Misses L. & M., Idris h
6	Daw	Mrs. H. L., Holgate
4	Burpitt	Chas. A., L.D.S., R.C.S.ENG., surg.-dentist
here is Corporation-road.
Chesterfield Street.
Off Corporation-road.
Christchurch Rd., C 3
From Church-road.
[LEFT HAND SIDE.]
AUCKLAND VILLAS—
1	Stevens	Geo. Hy. p.o.
3	Cordy	Henry, manager
5	Capper	John
7	Smith	Saml. Hy. traveller
9	Woodfield	J. W. R. clerk
11	Thomas	David, police-sgt,
406
13	James	Mrs. E. J.
15	Frazer	James, engineer
17	McPherson	M. draper
19	Jones	Misses H. & S.
21	Wicks	G. school att.officer
23	Winter	W. Ed.
25	Turner	J. H. traveller
here is Morden-road.
27	Humphrey	W., Hazledean
29	Summerfield	L. E., Selworthy
31	Hoad	Rev. Alfred, Victoria manse
here is Somerset-road.
[RIGHT HAND SIDE.]
2	Moss	Charles
4	Taylor	Alfd. traveller
6	Briscoe	Philip, grocer
8	Taylor	Sydney
10	Vaughan	Wm. Geo. G.W.R.
12	Swanton	Young, plaster'r
14	Tidman	Chas.
16	Williams	E. T. manager
18	Rosser	C. T. traveller
20	Void
22	Poole	James, Hillside
here is Summerhill-avenue.
24	Sutherland	A., Curson v
here is Brynderwen-road.
Vacant sites
36	Void
38	do.
40	Jones	Thos. G.W.R.
42	Tyler	George
44	Boothman	J. T., Broadview
46	Baker	E. Geo., Hygeia
48	Bryant	Francis
50	Lloyd	John
Vacant sites
58	Kirby	Mrs. Alice
60	Newberry	G.R.eng.driver
62	Jones	John, haulier
64	Newberry	Wm. machinist
66	Hobbs	Richd. gardener
68	Meaker	Sidney, painter
70	Codling	Walter, police
72	Jennings	Dd. lathrender
Temprance Cottages—
74	Eynon	W. John, carpentr
76	James	John, boilermaker
78	Walton	Wm. plasterer
80	Taylor	Thomas, assistant
82	Culverwell	Robt. fitter
84	Lane	T. W. eng. driver
86	Caddy	Fredk. W. gardener
here is Victoria-avenue.
88	Boulton	C.A., Sparkenhoe
Chu
NEW BUILDINGS—
90	Cunningham	T. J. carp'tr
92	Kelson	W. A. sheetwghr
94	Manley	Chas. hoistman
96	Freeguard	Frederick
98	Saunders	John, plasterer
100	Sweeney	John B. agent
102	Boshier	Benj. baker
104	Brooks	George
106	Plews	J. H. engineer
108	Pollock	Albt. wndw clnr
110	Collman	Arthur
112	Sanders	Wm. T. miller
114	Sweet	Henry, G.W.R.
116	Goodenough	Wm. Jos.
Vacant sites
here is Woodland-road.
Beechwood PUBLIC PARK
here is Beechwood-road.
Page	Wm. John, Myrtie villa
Halsey	H.G., Southerwood v
Gratte	Mrs. M.A., Viburnum v
Haime	Chas. F. florist
here is Gibbs-road.
Lewis	Wm., Hill top
Harris	J. H., Overhill house
Hill	Henry, High view
Thomas	Oswald, Wood view
PENYLAN TERRACE—
1	Williams	Jas. C. dairyman
2	Void
3	Richins	William
4	Downen	James, ironworker
5	Ellis	S. J. shop
CHRISTCHURCH ROAD POST
OFFICE, M.O. & S.B. & A. & I.
here is Whitestone-road.
Evans	J., Mountview
Davies	Wm. J., Jessiman v
Grice	Chas., Malvern villa
Evans	Geo., Ashley house
Tanner	J. L., Vandyke house
Wilks	T. H. E., The Bryn
Jobbins	Sydney, mason
Drew	Thos. engineer
Gough	Charles, Kennel cot
CHRISTCHURCH CEMETERY
Brown	Mrs. Martha, Woodbine cottage
Morgan	Albert, George Hill cottage
Church Path
now Victoria-lane.
The Glass King's Address is 48 Bridge Street, Newport.
Chu
NEWPORT STREET DIRECTORY.
Church Road, C 3
From 16 Caerleon-road to Duckpond-road.
[LEFT HAND SIDE.]
Robertson W. E. tobacconist
Clements John, eng. driver
Clements G. E. greengrocer
Wrights Robert, hairdresser
here is Gloucester-place.
Wright Robert, hairdresser
Davies W. H. bootmaker
Void
Turner H. E. cabinetmkr
Oriental Tea Co.
Newport & District Advertising Agency
Turner H. E. cabinetmkr
Payne T. dealer
Howell Mrs. Annie, ward-robe dealer
here is Alfred-street.
Hawkins Jno. E. fish bar
Gilpin Wm. Charles
Warren Hy. carman
Clissett Mrs. E.
Clissett & Son,chair mkrs
Clissett Town School
Co-operative Br'ch Stores
Counsell W. grocer
Betts Clement G. shop
here is Bishop-street.
St. Matthew's Mission Room
Bevan Hy., Herbert Arms
Otton A. bootmaker
Noakes Mrs. S. J. general dealer
Williams Mrs.J.G.conftnr
Void
Twiggs Fredk.upholstr'er
Eastman's Ltd. butcher
W. Fowler, manager
Duncan A. P. draper
Francis Jas. dyeing and cleaning works
Smith M. A. shop
Menhinick John, chemist
Smith M. A. shop
Granger E. greengrocer
Cordey's Ltd. stores
here is Dean-street.
Davies J. family butcher
Bearne L. J. greengrocer and tobacconist
Morgan R. hairdresser and tobacconist
Jones A. E. confectioner
Bethell Wm. stationer
Cattell J. confectioner
36	Nelson Jas. & Sons Ltd. butchers
(return)
37	Turnbull Wm.ironmonger
38	Allen Aug. Jas. crane drvr
39	Beckett Henry S.
40	Hadden Alfred
41	Foster Robert Charles
Francis Samuel
42	Morris F. W. ruler
43	Hadden Miss G.
44	Jenkins Mrs. Harriet
Ulett Alfred, fitter
45	Davies Wm. Edward
46	Ashton Ralph
47	Smith Geo. newsagent
48	Pearce Fredk. china dealr
49	Poole A. E. frame maker
50	Johns Thos. greengrocer
51	Fox W. J. cook
52	Morgan Chas. bricklayer
53	Fry Alfred, labourer
54	Banfield H. E. carpenter
55	Davies William, painter
56	Woolf Geo., Seamoor ho
57	Hews W. bootmaker
St. Matthew's Church
CALNE PLACE-
59	Lanfear Mrs. M. A. grocer
Smith J. G. builder
60	Evans Charles, inspector
61	Groove David, cellarman
62	Smith Wm. waterman
63	Shimell Harry
64	Harwick Charles
65	Porter Jehu, Oak cottage
66	Radford Saml. J. painter
67	Angill Geo. F. polisher
68	Cleevenly Edward Ernest
69	Coyle Mrs. N.
70	Taylor A. foreman G.W.R.
71	Davies David E. engineer
72	Hawes E. shopkeeper
73	Farley F. E. grocer
74	Thomas Hy. confectioner
75	Gatfield Miles
76	Hallett Thos. factory
77	Mole Thomas, factory
78	Norvill Albert, haulier
79	Bray John
80	Banks Professor & Son, Temple of Health
here is Prince-street.
81	Harris & Charles,carriage builders & wheelwrights
82	Barnes Edwin F.
Cla
83	Cook E. J. grocer's assist
84	Phillips Fred. G.
85	Brooke B. D. sculptor
86	Russell Jas. herbalist
87	Hillier H. J. & Co. decorators & plumbers
88	Gumbrill Albert
89	Allen Mrs. Henry
Church Street, E 4
From 110 Commercial-road to Dock-parade.
1	Scott J. H. outfitter
2	Anstice S. ballast master
3	Scott J. H.
4	Sargante,E.Tredegar Arms
7	Gearon Hy. trimmer
8	Lewis John, dockman
9	Young Mrs. L.
10	Nelmes Hy. coal shipper
11	Robson Jas. W. rigger
12	O'Connell John
12a	Lynch Jas. labourer
BOILERMAKERS' INSTITUTE
Newport Brass Foundry & CoppersmithsCo.,Ltd.
14	Davies Mrs. J., Carpenter's Arms
15	Desmond Jas. moulder
16	Faulkner Geo. platelayer
17	Dahill Michael, trimmer
18	Creese Maurice, labourer
19	Collins John, labourer
here is St. Michael-street.
21	Evans Mrs.S.,Ship & Pilot
22	O'Neill Thos. labourer
23	Manship Eliza, shop
24	Ashton C., Hope Inn
25	Cheffers Wm. machinist
26	Wiltshire Frederick
Ukside Engineering and Rivet Co., Ltd.
here is Castle-street.
Clarence Place, C 4
From Bridge to Chepstow-rd.
[RIGHT HAND SIDE.]
Davies Bros. (Newport), Ltd. builders' merchants, London wharf
here is Artillery-place.
1	Hutchinson T. H. pianoforte wareho., Bridge ho
Barnes E. F.house finishr
2	Rickards A.A. cycle depôt
here is Rodney-road.
NEWPORT STREET DIRECTORY.
Clarence-place—continued
8	Poynton, Fry & Co., Clarence Fine Art Repository
9	Liverpool Victoria Legal Friendly Society. - J. Lang, supt.
10	Thomas Gran, fruiterer, florist, seedsman, temperance bar proptr. and confectioner.
11	Hollingdale W. J., grocer, Clarence stores, Nat. Tel. 129 Maindee
Hollingdale A. E.
12	Sutherland C. R., draper
13	{ Rees R. draper, milliner, and costumier.
Nat. 221, Maindee
15	Spiers Mrs. S. A. fruiterer
Rebuilding
16	Clissitt & Whelan, conftrs
17	Creed W. butcher
18	Newport Dairy Supply Company, Ltd.
19	Wall F. I. auctioneer
19a	Hodson P.C. corn mercht
20	Void
Paxton H. tobacconist
Parker Luke, gardener
Corler Geo. seaman
Driscoll Chas. H. jeweller
Daking E. B., Clarence place Library
CLARENCE PLACE POST OFFICE, M.O., S.B. & A. & I. OFFICE.
(return)
here is East Usk-road.
21	Nurse H. T. ironmonger
22	Nelson's Ltd. butchers
23	Booth B. E. bootmaker
24	Edwards Arthur, butcher
25	Cattell J. confectioner
26	Spiers Mrs. S. A. fruiterer
28	Hallet F. E. hairdresser
29	Empress Skating Rink
30	Hughes J. E., Ivy Bush
31	John J. shoeing & general smith
32	Lardell H. oyster bar
Paxton H. confectioner
Mogford Jas. pork butchr
408
23	M'Carthy Jos. trimmer
24	Mansfield Jas. labourer
25	Sanders George
26	M'Carthy Floh. trimmer
27	Sullivan Dennis, labourer
28	Townsend Wm. rigger
29	Card Hy. engine driver
30	Moore Henry, seaman
31	Donoghue Mrs. Mary
32	Dickson Thomas
33	Hall Mrs. Mary Ann
34	Jacobsen Thos. labourer
35	Lewis John, labourer
36	Denn Mrs. Alice
37	Stone George
38	Fryer Albert, dock labr
39	Nelson John Henry
40	Taylor Henry, labourer
41	Pollard Ernest, labourer
42	Smith Wm. seaman
Clevdon Road.
Woodland-park.
[LEFT HAND SIDE.]
Connop Hy. J., The Croft
Walker Fredk. Lightfoot, Jura.
Owen G. W.
Cumberland T., The Gables
Vacant sites
(return)
1	Williams H. M., The Camp
2	Blackford J. V.
3	Griffiths A. R.
4	Darbyshire William
Vacant sites
Clifton Place, D 5
From Clifton-road.
1	Summers Edwin J.
Summers Thomas
2	Tait Robert
3	Thatcher Edwin, Lamorna
4	Shute Wm. H.
5	Jones Mrs. Wyndham
6	Butterworth Thomas
7	Allen Arthur
8	Strange William
9	Void
10	Ponsford T.
11	Richards Mrs. A. E., Ivy bk
12	Bebell Mrs.
13	Stewart Mrs. E.
14	Pickford Miss Julia
The Glass King's Address is 48 Bridge Street, Newport.
Cli		Willey Arthur Ed.		
	15	Laurie L. G.			
	16	James J. C.			
	17	James W. H.			
	18	Lewis Miss E.			
CLIFTON ROAD, D 5		From 108 Stow-hill.		
	1	Davies Wm. builder			
	2	Barber Joseph			
	3	Paine C. B., The Glynn			
	4	St. Woolos Mission Room		St. Woolos Mission Room	
		Clifton road Nursery		Clifton road Nursery	
	5	Jenkins A. C.			
	6	Davies T. H.			
	7	Lyle Charles			
	8	Maggs Thomas			
	9	Herbert Jno. coal mercht		Herbert Jno. coal mercht	
	10	Morgan Gwynne H.			
	11	Jenkins John			
		Jenkins Jno. Ltd. builders		Jenkins Jno. Ltd. builders	
	12	Herbert J. yard			
		Jenkins Jno. W.T.J., Pant-yr-eos		Jenkins Jno. W.T.J., Pant-yr-eos	
	13	Reid Arthur, Fernbank			
Cly		Tamplin Mrs, Silverthorne	Tamplin Mrs, Silverthorne	villa
	22	villa			
	23	Sheppard A.E., Southfield	Sheppard A.E., Southfield	
	24	Williams Rev. D. H., Look-	Williams Rev. H., Look-	
		fân villa		fân villa	
		here is Brynkhyfryd-road.		
	26	Jones Walt., Sydenham v		Jones Walt., Sydenham v	
	27	Duncanson R. M. G.,	Duncanson R. M. G.,	
		Albany villa		Albany villa	
	28	Bain J., Bleak house			
	29	Walters Mrs., Wentworth	Walters Mrs., Wentworth	
		view		[pleasant	
	30	Nicholson S. W., Mount 10	Nicholson S. W., Mount 10	
	31	Powell H. J., Bryncaerau			
	32	DuckhamFrank, Caerau v12	Duckham Frank, Caerau v12	
		(return)		(return)	
KINGSMILL GARDENS		KINGSMILL GARDENS		
		JamesA.T.W., Westbourne		James A.T.W., Westbourne	
		here is Tunnel-terrace.		here is Tunnel-terrace.	
	33	Davies A. H., Wilton villa		Davies A. H., Wilton villa	
	34	Nicholls H. F. professor	Nicholls H. F. professor	
		of music, Deminington		of music, Deminington	
		here is Kingsmill-terrace.		here is Kingsmill-terrace.	
		here is Windsor-terrace.		here is Windsor-terrace.	
	35	Collins W.J.T., Fernbank		Collins W.J.T., Fernbank	
CLIFFORD CRESCENT, D 5	CLIFFORD CRESCENT, D 5		
		From Blewitt-street.		From Blewitt-street.	
		[LEFT HAND SIDE.]		[LEFT HAND SIDE.]	
	1	Walter, 1 Blewitt cot		Walter, 1 Blewitt cot	
		Collier Fredk, fitter, 2 do		Collier Fredk, fitter, 2 do	
	2	Andrew John, chem. wkr		Andrew John, chem. wkr	
	3	Volonterio Mrs. Fanny			
	4	Arr Mrs. S. J.			
	5	Cox John Henry, pilot		Cox John Henry, pilot	
	6	Thornton John, eng. dvr		Thornton John, eng. dvr	
	7	Kinloch T. draper			
		here is Mountjoy-place.		here is Mountjoy-place.	
	8	Badham Robt. James			
	9	Williams Mrs. A.			
	10	Baxter Geo. Wm.			
		Gregory M. nurse		Gregory M. nurse	
	11	Tamplin E. marine engr		Tamplin E. marine engr	
	12	Warman Henry A.			
	13	Frundt Christoff			
	14	Day Harry			
	15	Cleave Robert, clerk			
		Goldsworthy H. T., Belle Isle 27	Goldsworthy H. T., Belle Isle 27	
		(return)		(return)	
	5 17	Busby James, gardener		Busby James, gardener	
	17a	Williams Miss E.			
	18	Watson Geoffrey Leaven,		Watson Geoffrey Leaven,	
		Beckdale		Beckdale	
ST. MARY'S ROAD		ST. MARY'S ROAD		
	19	Canning T., J.P., Aragon		Canning T., J.P., Aragon	
		house		house	
	20	Marsh O. E.B., J.P., physi-	Marsh O. E.B., J.P., physi-	
		cian & surgeon, Parkdale		cian & surgeon, Parkdale	
	21	Frost Alfred, Portugal h		Frost Alfred, Portugal h	
	22	Evans T. Lloyd, The		Evans T. Lloyd, The	
		Retreat		Retreat	
	23	Fisher Fredk., Fernside		Fisher Fredk., Fernside	
	24	Ellis Miss E., Ivybank		Ellis Miss E., Ivybank	
	25	Thomas A. G., M.D., J.P.		Thomas A. G., M.D., J.P.	
	26	Bryngwyn Nursing In-		Bryngwyn Nursing In-	
		stitute - Miss Jackson,		stitute - Miss Jackson,	
		matron		matron	
		Glynderwen		Glynderwen	
	27	Thomas T. Morrell, M.D.,	Thomas T. Morrell, M.D.,	
		Glynderwen		Glynderwen	
	28	Jeffreys Wm., Ferndale		Jeffreys Wm., Ferndale	
	29	Craig Wm., Rosedale			
	30	Whitley Thomas			
	31	Brooks W. police supt.		Brooks W. police supt.	
	32	Morris Mrs. R. M., Lang-	Morris Mrs. R. M., Lang-	
		ton house		ton house	
	33	Everson Edmund C.			
	34	Powell Daniel			
	34a	Powell D. florist, etc.		Powell D. florist, etc.	
Clytha Park Road, C 5		Clytha Park Road, C 5		
Clytha Park, C 5		Clytha Park, C 5		
		From Bridge-street		From Bridge-street	
		See also Bryngwyn-rd., Llan-	See also Bryngwyn-rd., Llan-	
		Oaktield and Westfield-roads.		Oaktield and Westfield-roads.	
		[LEFT HAND SIDE.]		[LEFT HAND SIDE.]	
		Farmer A. W. dairy			
		Pell A. G. confectioner			
		1	Mathias P. grocer, etc.		Mathias P. grocer, etc.	
		2	Martin G. & Son, steam	Martin G. & Son, steam	
		joinery works		joinery works	
		2	Martin George Henry			
		3	Mathias P., Oakley house		Mathias P., Oakley house	
		4	Beer James			
		5	Mayberry E. F.			
		6	Hodgson Mrs. A. B.			
		7	Gardner Mrs. Sarah			
		here is Caerau-road.		here is Caerau-road.	
		9	Jeffree J. C., Greenhill		Jeffree J. C., Greenhill	
		villa		villa	
	10	Leadbeter T. L., St.		Leadbeter T. L., St.	
		Leonards		Leonards	
	11	Coulter R.J.M.B.,Brynivor		Coulter R.J.M.B.,Brynivor	
	12	Nevis-void		Nevis-void	
	13	Evans Wm., Windermere		Evans Wm., Windermere	
		here is llanthewy-road.		here is llanthewy-road.	
	14	Gunn Jno. W., Glynclytha		Gunn Jno. W., Glynclytha	
		here is Oakfield-road.		here is Oakfield-road.	
	15	Dalziel W. Gascoigne,		Dalziel W. Gascoigne,	
		Norlands		Norlands	
		here is Westfield-road.		here is Westfield-road.	
	16	Jones Dr. Roeyn, Holmes-	Jones Dr. Roeyn, Holmes-	
		wood		wood	
		20	Dutton Mrs. Sarah, Medav	Dutton Mrs. Sarah, Medav	
		entrance to York-place.		entrance to York-place.	
		21	Williams Jno. collier y agt		Williams Jno. collier y agt	
Cly
CLYTHA SQUARE, D 5
From 18 Cardiff-road.
[RIGHT HAND SIDE.]
[LEFT HAND SIDE.]
1	Simpson	James		
	Parry	R. J.		
2	Johns	Ivor M.,	Bohemia	
3	McCarthy	Mrs. Ellen		
4	Price	W. O.		
5	Phillips	John		
6	Handford	J.P.,	Monkleigh	house
7	Handford	Mrs.,	Alwington	house
8	Morgan	Rev. Hy.,	Lilles-don house	
9	Thompson	James		
10	George	Engineer	George,	
11	Grant	George M.		
12	Thompson	G. R.,	analyst,	Richmond house
13	Rosendale-void		
14	Cox	Thomas,	The Limes	
15	Duckham	Jas.,	Mayfield	house
	Duckham	J. &	F. cattle	salesmen
16	Allen	Mrs. T.	A.,	Drum-lanrig house
17	Wittaker	Alfred,	Westoe	house
18	Seaton	house-void		
19	Ashworth	Rev. Leonard,	Wesley house
20	Green	Wm. Henry,	Lye-grove house
21	O'Sullivan	M. J.		
22	Griffiths	Wm.,	Wenvoe	h	Splatt James
23	Kerr	Walt. L.,	Pennon h	
24	Davies	Mrs. E.,	St.Helen's	
25	Carter	Jas.,	Wrington h	
26	Price	A. J.,	Troy house	
27	Handy	Herbert		
28	Stow	Alfred	Jas. F.	
29	Void		
30	Austin	W. J.		
31	Amaral	B.C.,	Portuguese	Consul
32	Lane	J.	surgeon,	Odd-fellows Association
	Kerslake	Mrs. W.,	Clytha	house
	Jones	Mrs. J.,	The Grove	
COLDRA ROAD, D 6
From 10 Gaer-street, Waterloo road, to Llandaff-street.
[RIGHT HAND SIDE.]
2	Price	Mrs. W.		
4	Parkes	George		
6	Dean	Archibald		
8	Tizard	Edward,	H.M.C.	
10	Evans	Geo.	Fdk.	saddler
12	Inight	Walt.	C.	drghtsmn
14	Williams	Thos. H.		
16	Liles	Chas. W.		
18	Francis	James		
20	Halse	Charles		
22	Watkins	W. A.		
24	Myers	John,	analyst	
26	Huntley	J.,	clerck,	Westhoe
28	John	Alfred,	Oakfield	
30	Styles	C.,	relieving officer	
32	Fry	Percy	Reid,	surveyor
34	Lewis	D. R.	teacher		
36	Marks	Frank	Smith		
38	Green	Ernest,	clerk		
40	Ray	James	G.	dock pilot	
42	Tait	Jas.	engineer,	Elstree
44	Davis	Mrs. M. E.		
46	Phillips	Rev.	J.R.,	Netley	
48	Francis	John,	draper	
50	Armstrong	John E.		
52	Stewart	J. V.,	Hazlemere	
54	Brown	Lorenzo,	mariner	
56	Green	Frank,	clerk		
	(return)		
	Vacant	sites		
Collingwoot Street
East Usk-road.
57	Lee	William,	engineer	
65	Stephenson	Thos.	supt.	Wesley house
61	Ellis	Miss M.		
59	McKenzie	J. B.		
57	Taylor	W.	R.	engine fitter
55	Pring	H.	W.	clerk		
53	Simpson	John,	tipper	
51	Price	Thomas		
49	Walton	A. J.		
47	Lane	Wm. C.		
45	Trace	Fredk.	C.	manager
43	Bradbury	W. J.		
41	Lewis	David	N.		
39	Herbert	John,	bookseller
37	Roberts	Wm.	assistant	
35	Alford	Chas.		
33	Barber	Hy.	warehousemn
31	Lewis	Thos.	cutter		
29	Holden	Henry	Arthur	
27	Daniel	David,	clerk	
25	Jones	Hbt.	gas	inspector
33	Thomas	Albert		
21	Sutton	Albert	T.		
19	Price	Mrs. E.		
17	Owen	Benj.	pattern mkr
15	Williams	Geo.	guard	
13	Jones	James		
11	Pollett	Isaac,	foreman	
9	Lewis	Thomas,	manager	
7	Watts	Thomas,	inspector	
5	Smith	T.	G.W.R.	inspector
3	Gibbs	John,	signalman	
1	Davies	Wm.	coal	trimmer
Collier Street.
East Usk-road.
1	Ballinger	Harry,	H.M.C.	
3	Merry	Harold	E.	engineer
5	Applin	Arthur,	G.W.R.	
7	Gunter	J. W.	P.	turner	
9	Stevens	H. O.	G.W.R.	
11	Brown	Thos.	assistant	
13	Anthony	H.,	painter,	G.W.R.
15	Harris	M.	eng.	dvr.	G.W.R.
17	Lawrence	Albert,	G.W.R.	
19	Rodgerson	John,	draper	
21	Morgan	James,	G.W.R.	
23	Collier	W. C.	builder	
	Vacant	sites		
	(return)		
	Vacant	sites		
Colne Street.
Off Rodney-road.
[LEFT HAND SIDE.]
1	Prakel	Fred,	postman	
3	Wheeler	Chas.	town porti
5	Percival	John,	dock labr	
	Vacant	sites		
	(return)		
12	Griffiths	Saml.	eng.	drvr
10	Void		
8	Williams	Richard		
6	Gibson	Geo.	W.	fireman
4	Clayton	Robt.	eng.	drvr
2	Storey	George,	guard	
	Vacant	sites		
Commercial Rd., E
continuation of Commercial-s
1	Williams	J.A.	T.	tobacnis	
	Shop	void		
1	Llewellyn	Miss	S.	drsrmk	
1	Thomas	Bertram,	bazaa	
2	Sunnucks	S.	G.jeweller,&	
COMMERCIAL ROAD POST 74 Keast J. coffee tavern
OFFICE, MO., S.B., and A. 75 Griffiths H. E. tobaconst
and I. OFFICE
75APitchford J. B. pork
36 Crosta J. & P. brushmakrs
    butcher
37 Roberts J. B. draper
76 Chappell F. butcher
38 Sollis W. butcher
77 Poole J. H. family and
39A Void
    shipping butcher
39 Chinese Laundry
78 White Charles and Sons,
40 Taylor H. confectioner, etc
    confectioners
41 Austin Geo. watchmaker here is railway crossing and
42 Edwards J. D. bootmaker
    Frederick-street
    Mogford W. hairdresser 80 Evans James, draper
43-44 Lamey J. R. W. 81 Void
    outfitter
    82 Pullin C. fruiterer, etc.
45 Lloyd Evan, grocer
    83 Grimsby Fish Supply
46 Bath M., Welcome Home 84 Harries Benson,
    here is Dolphin-street.
    Ltd. cash chemists
47 Mounce H., Commercial 85 Jones John, family grocer
    Inn
    86 Ash M. outfitter
48 Nelson & Son, butchers 87 Knight W. tobacconist
49 Habberfield W. F. butcher 88 Watkins Bros. butchers
50 Morley Tempestone Hotel here is Portland-street.
51 Francis & Evans, drapers 89 Wardman W. H., Alexan-
52 Adams George, grocer
    dra Inn
53 Lawrence Bros. hosiers, 90
    etc.
    91
    54 Maypole Dairy Co., Ltd. 92
    55 Gratte H. J. & Son, whole- 93
    sale and retail chemists 94A
    Bagshaw Percy
    94
    here is Bolt-street.
    95 Void
56 Webley Henry, Windsor 95A do.
    Castle
    here is Pottery-terrace.
57 Skeldon J. A. restaurant 96 Jacobs A. J. & Sons, Liver-
58 Davies John, general & pool House, Universal
59 Piesold W. watchmaker 97 outfitters, boot dealers
60 Rice Bert. gents' mercer 98 Trace Edgar, decorator
61 Haggett T. P. butcher 99 Betts M. A. confectioner
62 Powell Miss L., café 100 Richards Mrs. Ann
63 Bloom S. D. outfitter and 101 Pearce John
    pawnbroker
64 Martell Hy. photographr 104 Void
    WESLEYAN CHAPEL
65 X.L. wine, spirit, and beer 105 Jackson Mrs. Sarah, shop
    stores—W. J. Hacker, mgr 106 Hedge Hy. sugar boiler
66 Stadden F., Falcon Inn 107 Christansen Tellef
67 Morris Hy. fishmonger 108 Void
68 Morgan T. purveyor
    Anchor Stores
69 Guy W. G. pork butcher 109 Dawkins J. & Co. grocers
    and sausage manufactr 110A Scott J. H. outfitter, &c
70 English & Colonial MeatCo here is Constable's lane.
    Caplan H. watchmaker
71 Williams Jas. bootmaker
    and confectioner
    Alexandra Brewery—J.
    Herbert
    here is Church-street.
    (return)
72 Nicholls E. G. baker 110 Giles W. E. chemist
    111 Giles W. E. stationer
73 Eastman's Ltd. purveyors 411
    china dealer, etc.
3 Void
4 Jones G. dining rooms
5 Burge W. pork butcher
6-7 Blackmore S., Alma Inn 36
    here is George-street.
    37
8 Cash Provision Stores
    38
8ABrown F. C. jeweller
    39A
    Carter William
    39
9 English & C'inial Meat Co. 40
10 James W. fruiterer and 41
    fishmonger
    42
11 Ricketts J. lodgings
12 Watkins D. stationer
    Davies K. newsagent
    43-44
13 Ricketts J. lodging house 45
14 Collier J., Picton Arms
    46
    15 Void
    47
16 Bullock W. confectioner
17 Thomas J., Stockton café
    here is Ruperra-street.
    48
18 Mann Miss C. E., Ruperra 49
    Arms
    50
19 Newport Hosiery Co.
    51
20 Trace Edgar, glass and 52
    paper hangings
    53
21 Meredith T. picture framr
22 Morgan J. tailor, etc.
    54
23 Naftalison Albt. taboonst 55
24 Brimblecombe H. & Son,
    basket makers & toy dlrs
25 Jones Ll. confectioner
26AMorgan A. & Son, funeral 56
    furnishers
26 Westlake E. tobacco and 57
    cigar merchant
    58
    here is Tredegar-street
    59
28 Stacey Mrs. Annie, Castle 60
    Hotel
    61
29 Burpitt F. E. decorator 62
    and paperhanger
    63
    Robertson W. E. tobacnst
30 The South Wales Tin Ca 64
    ware man'fact'g Co.— 65
    A. H. Cox, proprietor
    31
    32 Evans Miss A. confectioner 66
    32ABurleigh & Jones, 67
    undertakers
    68
    mover
    69
33 Hoddell John, grocer
34 Seamen and Boatmen's 70
    Friend Society's Mission
35 Ponsonby A. H. hairdresr 71
    here is Albert-street.
    72
35ADeacon F. F. stationer,
    china dealer, etc.
Commercial-rd.—continued
1115
112
113
114
115
116
117
118
119
120
121
122
123-4
125
126
127
128
129
130
131
132
134
135
136
137
138
139
140
141
142
143
144
45
46
147
148
PILGWENGLY Post Of-
FICE, T. & M.O., S.B., &
A. & I. OFFICE
Power T. A., Cambrian
Inn
Broad Miss, confectioner
Kirby J. bootmaker
Rickett's lodging house
Davies J. fruiturer
Nelson & Sons, Ltd.,
butchers
Graves Wm. hairdresser
and tobacconist
Mattick P., Waverley
restaurant
Taylor Joseph, outfitter
and pawnbroker
Taylor & Sons, tailors,
hosiers, &c.
Perry Douglas, bootmkr
Godert A. boarding ho
Void
here is New-street.
Davies Wm. grocer
Hill Mrs. E. M. greenger
Carr J. R. hairdresser
Caplan J. tailor
Hockey Geo. J. butcher
Goldstein R. fancy dlr
Holman & Co. ship ch'rs
Holman&Co.ironmongrs
here is Temple-street.
Osborne T., King's Arms
Coles Wm., Olive Branch
Bennett E. B. grocer
Void
Powell Thos. butcher
Watkins' stores, grocers
and provision merchts
Howell W. G. tobacconist
here is Albion-street and
railway crossing.
Skeldon J. A., Railway
dining rooms
Vacara T. fish bar
Jones & Co. outfitters
Void
Cordery E. H. drapers
here is Capel-street.
Collier Charles, Ltd.,
bakers & confectioners
Sheppard W.H.greenger
Evans W. E. & Co., Ltd.,
bootmakers
J. O.
Creswell, manager
149
150
151
152
153
154
155
156
156A
157
158
159
160
161
162
163
164
165
166
167
168
169
170
171
172
173
174
175
O'Brien Bros. tailors
Kemp J. W. & Co. cycle
agents
Harris J. H. fishmonger
LawrenceMisses, tobnsts
Chave W. fruiturer, fish-
monger, etc.
Tamplin E. T. clothier
Cooperative Branchstrs
F. Lewis, manager
Hedge H. confectioner
Walton W. R. butcher
Evans B. fancy reposi-
tory and newsagent
Void
Howells Charles, grocer
Beecham Mrs. M., Eng-
giners Arms
here is Raglan-street.
Williams F. P., Royal
Exchange
Direct Trading Co., Ltd.
Ince W. E. fruiterer
Vaughan C. P. & Co.Ltd.
Skinner Edwin, hard-
ware merchant
Keepin F. oyster bar
Davies J. T. hairdresser
Griffiths Herbt. E. news-
agent and wholesale
and retail tobacconist
Price Joshua, butcher
here is Lewis-street.
Griffiths & Sons.
ready-made clothing
Griffiths & Sons, hosiery,
hats, shirts, bags, port-
manteauts. etc.
Griffiths & Sons, boots
and shoes, leather and
grindery
ENGLISH BAPT. CHURCH
UNITED METHODIST CH.
Sutton R. V. physician
and surgeon
here is Alma-street.
Houghton Bros. under-
takers
176
178
179
180
180A
181
182
183
184
185
186
187
188
189
190
191
192
193
194
195
197
198
199
199A
200
Void
Nursing Institute for
Sick Poor—Miss H. D.
Smith
Neville J. F. physician
here is Mountjoy-street
Richards C. coal mercht
Henderson L. foreman
Stafford Robert C.
Smith Frank, builder
Smith Bros, builders
Smith Miss L. M. photo
artist, White house
Hurley J. physician and
surgeon
Ruane P. recruiting
officer
Hamilton S. physician
and surgeon
Beer Omar, bootwareho
Gammon Geo. H. corn,
seed, and forage dealer
Perry John, butcher
Burpitt F. E. general
house furnisher
Carter W. J. juur. hair-
dresser and tobacconist
Jones J. D. tobacconist
Fisher F. restaurant
Robins E. clothes dealer
Langford J. hairdresser
Harding E. W. bootmkr
London & Prov. Stamp
Trading Co.
Pell A. G. manufacturing
confectioner
here is Mountjoy-road.
Pitt T. reg. shoeing smth
Hughes C. fried fish shop
Jones T. furniture dlr
Barradell P. sign writer
Robinson Jos. china dlr
Llewellyn Miss R. news-
agent and tobacconist
Drain W. J., Substutation
Hotel
Commercial St. D 4
From High-street to Com-
mercial-road.
[LEFT HAND SIDE.]
ALBANY CHAMBERS—
Parry Thos. & Son, auction'rs
Parry Thos. supt. registrar
Wring Tom W., Registrar of
Marriages
BAPTIST TEMPLE (Welsh)
Pritchard rd. labourer
Gibbon H. railway gu'rd
Brooks John Hy. guard
NEWPORT STREET DIRECTORY
14	London & Provincial Bank Limited	W. Davies, manager, Bank Chambers, H. & S. Sons, news-agents, stationers, &c.	London & Provincial Bank Limited	
15	Smith W. H. & Sons	news and pharmaceutical agents	Smith W. H. & Sons	
16	Municipal Rates Office	Waterworks department Electricity & Tramways department — H. C. Bishop, manager ; J. G. Ellis, secretary	Municipal Rates Office	
TOWN HALL	Ground floor. Town Hall keeper Town Clerk's office Commercial News room Police Court No. 2 Committee Council Chamber Mayor's Parlour Magistrates' Clerk's office	TOWN HALL	
First floor. Assembly Rooms No. 1 Committee Room Borough Engineer's office Direct Trading Co. Ltd.	First floor. Assembly Rooms No. 1 Committee Room Borough Engineer's office Direct Trading Co. Ltd.	
provision merchants		provision merchants	
27	Davies & Co.	tailors	Davies & Co.	
28	Hessian A., Lord Raglan	and pharmaceutical chemist	Hessian A., Lord Raglan	
29	Davis Eleazer	Crown studios	Davis Eleazer	
30	Mirror of Gems	smiths and jewellers	Mirror of Gems	
31	Liverpool, China & India Tea Co., Ltd.	"Kardo-mah" Café and Depôt	Liverpool, China & India Tea Co., Ltd.	
32	Wesleyan and General Assurance Co. — W. Simpson, superintendent	Wesleyan and General Assurance Co. — W. Simpson, superintendent	Wesleyan and General Assurance Co. — W. Simpson, superintendent	
33	Oliver Geo.	bootmaker — C. Powell, manager	Oliver Geo.	
33	Hodder Hy. & Co., Ltd.	chemists	Hodder Hy. & Co., Ltd.	
34	Burnicle R.	photographer	Burnicle R.	
34	Pritchard W. & Co.	milliners & fancy drapers, here is Friars-street.	Pritchard W. & Co.	
35	Ciceri J.	china and glass merchant	Ciceri J.	
36	Brightmans	boot warehouse	Brightmans	
37	Provident Permanent Money Society Ltd.	Provident Permanent Money Society Ltd.	Provident Permanent Money Society Ltd.	
37	Beer W. H., Hare and Greyhound	Beer W. H., Hare and Greyhound	Beer W. H., Hare and Greyhound	
38	Kendall & Sons, Ltd.	Newport Umbrella Hospital	Kendall & Sons, Ltd.	
39	Prudential Assurance Co., Ltd.	District Office — F. L. Smith, superintendent	Prudential Assurance Co., Ltd.	
Williams Jas. & Son	house agents, accountants, &c.	Williams Jas. & Son	
Phillips & Vaughan, arch'tects and surveyors	Phillips & Vaughan, arch'tects and surveyors	Phillips & Vaughan, arch'tects and surveyors	
Williams, Henry & Co.	contractors	Williams, Henry & Co.	
Redmond H. B.	litho artist, designer, etc.	Redmond H. B.	
40	Evans W. E. & Co., Ltd.	bootmakers, here is Austin-friars.	Evans W. E. & Co., Ltd.	
METRO. BANK CHAMBERS	Griggs H. J., F.R.I.B.A., architect and surveyor	METRO. BANK CHAMBERS	
Dix J. & Co.	merchants	Dix J. & Co.	
Wildings Ltd.	clothiers	Wildings Ltd.	
REFUGE CHAMBERS — Willmett H. & Sons, architects and house agents	REFUGE CHAMBERS — Willmett H. & Sons, architects and house agents	REFUGE CHAMBERS — Willmett H. & Sons, architects and house agents	
Refuge Assur. Co., Ltd.	Geo. J. Clarke, supt.	Refuge Assur. Co., Ltd.	
Llanarth Mutual Investment Loan Society	Llanarth Mutual Investment Loan Society	Llanarth Mutual Investment Loan Society	
Specialities:—Gold Crown, Bar, and Bridge work	Specialities:—Gold Crown, Bar, and Bridge work	Specialities:—Gold Crown, Bar, and Bridge work	
Com	Com	Com	
Newport Ratepayers' Association — J. P. Elms, sec.	Newport Ratepayers' Association — J. P. Elms, sec.	Newport Ratepayers' Association — J. P. Elms, sec.	
Bothomley Miss, studio	Bothomley Miss, studio	Bothomley Miss, studio	
Brown Miss D.	music teacher	Brown Miss	
Pearl Life Assurance Co., Ltd.	supts. : Lloyd T. & Davies D. J.	Pearl Life Assurance Co., Ltd.	
1	Newman & Sons	music warehouse	Newman & Sons	
2	Cosy Café (The)	Cosy Café (The)	Cosy Café (The)	
3	Evans D. Roger	solicitor	Evans D. Roger	
Evans T. Lt.	District manager Phoenix Assurance Co., Ltd.	Evans T. Lt.	
Paine Chas.	pharmaceutical chemist	Paine Chas.	
4	Lipton Ltd.	provision & tea dealers	Lipton Ltd.	
ARLINGTON CHAMBERS — Wansbrough E. J.	house, estate and insurance agent	ARLINGTON CHAMBERS — Wansbrough E. J.	
Moxon John	solicitor, and under sheriff	Moxon John	
Morris L. L.	clerk to Governors of Williams Schools, Caerleon	Morris L. L.	
Ogmore Down Golf Society Ltd.	Ogmore Down Golf Society Ltd.	Ogmore Down Golf Society Ltd.	
Dunraven Hotel Co.	Dunraven Hotel Co.	Dunraven Hotel Co.	
Cole A. Kenrick	secretary	Cole A. Kenrick	
Langmaid Chas.	B. house & estate agent	Langmaid Chas.	
Britannic Assurance Co., Ltd.	W. G. Howells, supt.	Britannic Assurance Co., Ltd.	
5	Phillips J. & Son	corn & seed merchants	Phillips J. & Son	
6	Wernet A.	jeweller	Wernet A.	
7	Baker W. A. & Co., Ltd.	iron merchants, ironmngrs, &c.	Baker W. A. & Co., Ltd.	
9	Burge Bros.	fishmongers, poulterers, game dealers and fruiterers	Burge Bros.	
10	Liscombe John	currier, leather merchnt, saddler & harness manufacturer	Liscombe John	
Ayliffe C. M.	A.S.A.A., incorporated accountant	Ayliffe C. M.	
Wilson W. D. G.	house and estate agent	Wilson W. D. G.	
11	Jeffreys & Sons	pork butchers and sausage manufacturers	Jeffreys & Sons	
12	Lawrence John, Ld.	grocers	Lawrence John, Ld.	
13	Boots Ltd.	cash chemists, here is Corn-street.	Boots Ltd.	
NEWPORT STREET DIRECTORY.
Com	.	.	Commercial-st.—continued	.	
.	.	.	here is Llanarth-street.	.	
.	.	Lloyd's Bank, Limited	.	.	
LLOYD'S BANK CHAMBERS—	.	.	.	.	
.	Roberts Theodore, solicitor	70	Jenkins A.B. L.Mechanics'	refresh-ment bar	
.	Acomb Cecil, L.L.B., solictr	.	.	.	
.	Russill W. R. solicitor	71	Longstaff C. E. bazaar	.	
TABERNACLE CONGREGA-TIONAL CHURCH.	.	72	Robbins Mrs. eating house	.	
42	Void	.	73	Gulliver John, Wyndham	.	
43	Duffner H. watchmaker	.	74	Void	.	
44	Houlder Bros. & Co., Ltd. steamship owners	.	75	Savage A. & Son, lighting specialists	.	
45	London Royal Restaurant	.	76	Brooks, dry cleaner & dyer	.	
.	—Mrs. B. Mattick	.	76A	Knowler M. hairdresser	.	
46	JOHNS R. H. Ltd., printers, lithographers, stationers and account book manufacturers, Directory Office	.	77	White Miss, ladies' outfitting stores	.	
47	Lawton Bros. tailors	.	78	Burns James, Oddfellows' Arms	.	
48	Strode T. & Co. curriers	.	79	Birmingham Haberdash'y	.	
49	County Furnishing Co.	.	80	Cash & Co. bootmakers	.	
50	Phillips & Hamley, drapers and milliners	.	81	Terry Arthur, photogrphr	.	
.	.	82	NEWPORT FORWARD MOVEMENT CENTRAL HALL	.	
51	Wright A. H., Grosvenor Hotel and Restaurant	.	.	COMMERCIAL BUILDINGS.—	.	
52	Nott Bros., Derby Hosiery Stores	.	83	Shepherd M. decorator and paperhanger	84-6	Void
53	Bell G. printer & stationer	.	87	Void	.	
.	OFFICE, M.O., S.B. & I. OFFICE	.	89	Rogers W. J. Ltd. brewers	.	
.	.	.	ST. PAUL'S Sun. Schools	.	
54	Smith W. L. furniture stores	91	Turier Wm. W. C. caretaker	.	
.	.	92	Phillips J. & Son, pharmaceutical chemists	.	
55	Johnson W. M. optologist	.	93	King Mrs. C. M., William IV.	.	
56	Cycle Depôt	.	.	here is Commercial-road and Cardiff-road.	(return)
57	Sims J. C. & Son, printers	.	94	Scaplehorn C. saddler	.	
57	Spiridon M. watchmaker and jeweller	94A	Waters W. E. butcher	.	
58	Mogford J. E. pork butchr	95-6	Ingram D. W. draper	.	
59	Wreford Albt., Isca Inn	97	Paul M. E. confectioner; Manila café	.	
60	Wellsteed H. butcher	98	Williams Miss B. hairdrsr	.	
61	Allen Mrs. fruiturer, &c.	99	Newbery A. H. hosier	.	
62	Birmingham & Radford, Victoria dining rooms	100	Baker Thomas, grocer	.	
63	Halford Cycle Co., Ltd.	101	Garland W. basket mftr	.	
64	Edwards H., Ltd. sports and games depôt	102	Davies A. E. hairdresser	.	
65	Eczutt & Crabtree, naturalists, &c.	103	Williams R. T. confectnr	.	
66	Williams & Smith, ladies and gents' tailors	104	Void	.	
67	Fox W. J. furniture dealer & sewing machine agent	105	Thomas G. H. & Co. florists, seed and fruit	.	
.	here is Emlyn-street.	106	.	merchants, etc.	
414	.	.	.	.	
Com	.	.	.	.	
107	Abbott & Baker, ironmgrs	.	.	.	.	
.	ST. PAUL'S CHURCH	.	.	.	.	
.	here is Palmyra-place.	.	.	.	.	
108	Wauters H. confectionr	.	.	.	.	
109	Y.M.C.A. buildings	.	.	.	.	
.	Two Shops void	.	.	.	.	
111	Caldwell Henry & Co. rubber merchants	.	.	.	
112	Newport Typewriter & Stationery Co.	.	.	.	
.	Spurrier B. phonograph dealer	.	.	.	
.	Young Men's Christian Association rooms	.	.	.	
113	Morrison & Son, house furnishers	.	.	.	
114	Lawton E. tailor	.	.	.	
115	Gabb & Son, cabinetmakers, house furnishers, etc.	.	.	.	
116	Jones Mrs. Jane, refreshments	.	.	.	
118	Taylor & Son, cycle manufacturers	.	.	.	
119	Poole G. E. purveyor	.	.	.	
120	Bain John, Plimsoll Arms	.	.	.	
121	Void	.	.	.	
122	Watkins Joseph, wholesale and retail grocer and provision merchant	.	.	.	
123	Buckner John, physician and surgeon	.	.	.	
124	Townsend W. H. cycle agent and manufacturer, furnishing & general ironmonger	.	.	.	
125	Lovell G. F. & Co., manufacturing confectioners	.	.	.	
126	Gardom A. G., Exchange	.	.	.	
127	Jones D. Lloyd, chemist	.	.	.	
128	Frost Edward, grocer	.	.	.	
129	Wheeler Mrs. M. restaurant	.	.	.	
130	Paskin H. bootdealer	.	.	.	
131	Rees & Williams, drapers and milliners	.	.	.	
132A	Johnson Bros. dyers	.	.	.	
132	Walters P. watchmaker and jeweller	.	.	.	
133	McGinn J. P. physician and surgeon	.	.	.	
134	Rickard R. E. accountnt	.	.	.	
136	King P. B. tailor	.	.	.	
.	Dodd E. H., Tradesmen's Arms	.	.	.	
Com	NEWPORT STREET DIRECTORY.	Com			
here is Hill-street.				155A	Davies J. E. & Co.,	Hosiery, Gloves, Lace, and Fancy Drapery	
187	Void				156	Davies J. E. & Co.,	Dresses, Silks, Mantles, & Millinery Showrooms	
187A	Handy Herbert,	house furnisher			156A	Davies J. E. & Co.,	Ladies' and Children's Outfitting and Baby Linen	
138	Fleming, Reid & Co., Ltd., Scotch wool stores				WESLEY CHAMBERS—			
139	Free Church Girls' Guild				Taylor A. & G., photographic artists			
139	Burcham C. H., hatter, hosier and glover			Jesseman W. & Co., India rubber, gutta percha, asbestos and leather merchants, and at 117 Dock street and 50 George street, & Barry Dock, West Hartlepool, Cardiff, Southampton, and London			
140	Maynards Ltd. conf'trs				157	Hemus & Co., mantle warehouse	
141	Scrivener & Son, outftrs				158	Baker J. & Son, Ltd. boot dealers	
	COMMERCIAL ST. BAPTIST CHAPEL				159	Jones Wm. bookseller, printer and stationer	
142	Vaughan W. E. & Co., Ltd. dyers and cleaners				160	Carter Geo., Old Bush	
143	Collier C. Limited, pastry cooks, Temperance Restaurant				161	Gane P. E. cabinet mkr	
	STAR BUILDINGS—				162	and house furnisher	
	Greenhalgh A. & Co., Ltd. dyers and cleaners				163	Home & Colonial Store	
	South Wales Rinks Ltd.				163A	Gane P. E., Cottage Furnishing Arcade	
	Roberts & Johns, ship-brokers & wagon owners				ELDON CHAMBERS—			
	Newport Concert Direction				Hornby & Baker Jones, solicitors, coms.of oaths	
	Christadelphian hall				Hornby Louis Hy. notary	
	Official Receiver in Bankruptcy, F. G. Gardner, solicitor				Registrar of County Court & District Registrar High Court of Justice	
144	International Rubber Company				164	Gibbs Mrs. W., Royal Albert Restaurant	
145	Williams Bros. tailors				164A	Hannan Mat., Ship and Pilot Hotel	
146	Robertson W. E. tobenst				165	Evans & Allen, Ltd., drapers	
	Bartlett Arthur Edward				to 171			
	IMPERIAL CHAMBERS—void				169	Bevan & Co., Ltd. house furnishers	
148	Humphreys David E., Talbot Hotel				170	Void		
	here is Charles-street.				171A	Domestic Bazaar Co.		
149	Reynolds & Co., Ltd. drapers,milliners & fancy warehousemen, and house furnishers				WESTGATE CHAMBERS—	1st Floor.	
150	Evans W. E. & Co., Ltd., bootmakers, Leicester h			Barfoot Chas. L. & Co. accountants & auditors (9-12)		
152	Bland & Sons, pastrycooks and confectioners, The County Café			Williams A. P. solicitor (7-8)		
153	here is McCarthy's-court.				Edington R. & Son, solicitors (3-4)		
154	Handford J. P. shipping and general ironmonger				Pratt Bickerton, junr. solicitor (6)		
155	Davies J. E. & Co., Linens, Carpets, Linoleums & Soft Furnish-				2nd Floor.	
			Llanover Estate Trustees' office (14-18)		
			Linton E. Maples, architect		
			Ware, Hellyer. & Co. accountants (20-21)		
			3rd Floor.	
			Blackborow, Wood & Co. incorporated accountants (24)		
			Jones Edgar C. house and estate agent (29)		
			Bates F. R. architect (26)		
			4th Floor.	
			Williams John & Son (C. F. Williams) wharfgrs		
			National Cash Register Co. (38-39)		
			Williams E. W. accountant (43)		
			Hall Miss J. typewritr (40)		
			Smith Premier Typewriter Co., Ltd. (37)		
			South Wales Plate Glass Insurance Co. (42)		
			Mason E. H. accountant (37-41)		
172	Samuel H. jeweller				
173	Wildings Ltd. clothiers				
	WESTGATE CHAMBERS—				
	Lyne E. L., Llanarth Estate offices				
	Lyne & Co. solicitors				
	Lyne E. L. mining engr				
174	Batched F. J. mantle warehouse				
175	Publič Benefit Boot Co.				
	Morgan Alfred & Son, Westgate livery stables				
	WESTGATE BUILDINGS—				
	Westgate Hotel Bar				
	Evans & Deakin, fancy drapery and millinery				
	The Fancy Fair — Misses Payne, general fancy drs		
	Westgate Hotel, The		
NEWPORT STREET DIRECTORY.
Com
Commercial-st.—continued
Lovell & Co. confectioners
Payne A. W. tobacconist
Rainforth & Son, watch-makers and jewellers
31	Wiltshire	D. J. G. W.	r.insp	22	Dove Walter Henry
33	Gobby	Herbert	24	King Alfred
35	Hurst	Fredk. A.	26	Smith Edward T. ins. agt
37	Von Kliest	Leonard	crptr	28	George Edwin, comp.
39	Beanlands	Geo. eng. drvr	30	Tribbeck Rbt. boilermakr
41	Rawle	Thos. P.	32	Noyes John, labourer
Commercial Wharf E	43	Parker	A. J. engine drvr	34	Whitburn Wm. carpentr
East side Town Dock.	45	Maddison	W. O. engineer	36	Wangler Walter
1	Commercial Hotel	47	Lewis	Albert, salesman	Houses building
2	Phillips	Mark	gateman	49	Uphill	W. J. wheelwright	Vacant sites
9	Jones	George	labourer	(return)	Houses building
10	Walker	Mrs. Sarah	Mari-	58	McCullough	J. cabinetmkr	55	Snegrove Mrs. R.
ners' Arms	56	Daniels	Thomas Henry	Vacant sites
11	Howlett	James	dockman	Vacant sites	12 houses building
12	Powell	Wm. dockman	54	Llewellyn	L. J. carpentr	Holland Thos., Model cot
13	Kelland	Geo. dock labr	52	Jones	Wyndham, mouldr	Case W. T. builder's yard
27	Davies	Geo. labourer	50	Llewellyn	Mrs. Maria	(return)
28	Holton	Chas. coal trimr	48	Hansen	Jonas, seaman	Vacant sites
29	Mansfield	D. labourer	46	Perrett	F. J. guard, g.w.r.	Coomassie Street, F 5
30	Void	44	Parsons	C. F. joiner	34	Mill-par. to Alexandra-rd
31	Void	42	Jones	John Thos.	[LEFT HAND SIDE.]
32	Void	40	Jenkins	John	foreman	1	Smith Jos.
33	Void	38	Lister	Amos	2	Litson Mrs. Harriet
See also the Dock.	36	Dyer	Hy. carriage builder	3	Allison Thos. boilermaker
Constable's Lane, E 4	34	Eynon	John	carpenter	4	Williams W. H. water clerk
From 1C9 Commercial-road.	here is Rockfield-street.	5	Davies George, labourer
3	Heaven	Wm. J.	32	Brian	R. S. draughtsman	6	Cherrett Augustus
4	Jacobsen	Charles Hy.	30	Nancekeill	Wm. G. w.r.	7	Staunton Thomas
5	Bale	Robert	28	Lloyd	Wm. schoolmaster	8	Rowlands Mrs. M. E.
Herbert H. J. & Co. builders	26	Leggett	George	mason	9	Thomas W. J. S. labourer
and contractors	24	Smith	Amos, labourer	10	Void
22	Humphries	A. J. sergt-inst	11	Jones John Wm. rigger
Constance Street, C 3	20	Rice	Chas. L.	12 Gardner Horace, eng. dvr
From 139 Caerleon-road.	18	James	Alfd. T. storekeepr	13	Walters Wm. eng. dvr
[LEFT HAND SIDE.]	16	Pritchard	Mrs. John	14	Fowler Geo. fitter
Nelson & Sons, Ltd., butchers	14	Zeale	George W. fitter	15	Lynch Edw. engineer
Mason L. B. confectioner	12	Cornish	Eli, stonemason	(return)
Lloyd George W. bootmaker	10	Shepherd	H. carpenter	17	James John, Belmont
1	Probert	Jos. carpenter	8	Bateman	Hy. blacksmith	18	Davies Chas. boiler selr
3	Williams	David, tailor	6	Jenkins	W. & F. coal mer-	19 Wyer Fredk. boatman
5	Donovan	John	moulder	chants	20 Ham Albert, boilermaker
7	Gregory	Archibald	4	Gospel	Mission Hall	21 Jones Thos. engine drvr
9	Gale	R. carpenter	2	Kibbler	Mrs. O. greengrer	22 Porter Hy. Wm. fitter
here is Usk-street.	Conway Road, D 2	24 Nelson Mrs. E. J.
13	Teague	J. H.	End of Archibali-street.	25 Slattery Wm.
15	Price	David	carpenter	[RIGHT HAND SIDE.]	Arthur R. & Son,
17	Cook	Albert E. ins. agt	Vacant sites	engineers, &c., Newcastle
19	Evans	Reuben	bootmkr	8	Reed	Alfred, driver	engine works
21	White	Geo. ins. agent	Vacant sites	27	Mapstone John, machinist
23	Stevens	W. H. school at-	14	Slade	Chas. polisher	28	Arnold Geo. labourer
tendance officer	16	Shatford	Chas. labourer	29	Hicks Geo. fireman
25	Oliver	L. J. painter	18	Maberly	J. ironworker	30	Evans Thos. labourer
27	Evans	Albt. storekeeper	20	Jackson	Albert, plumber	31	Taylor Geo. labourer
29	Morgan	Herbt. Jas. btchr	416
NEWPORT STREET DIRECTORY.
Coo
COR
32	Francis	John	O.	rigger	
33	Morgan	Wm.	labourer	
34	Thomas	Wm.	labourer	
35	Stokes	Lemuel	
36	Cooke	Mrs.	Annie,	shop	
	Kemp	J.	W.	&	Co.	copper	
	smiths	and	plumbers	
Corelli Street,	C	4	
[LEFT HAND SIDE.]	
From Tregare-st.	(East	Usk-rd)	
1	Nethercott	Arthur	H.	lab	
3	Bennett	Mrs.	J.	
5	Howe	Wm.	Hy.	painter	
7	Davies	D.	W.	G.W.R.	
9	Jenner	Frank,	seaman	
11	Tobin	Thos.	labourer	
	A.	S.	Morgan's	stone	wks	
13	Bradshaw	Arthur	
15	Hicks	Wm.	J.	G.W.R.	
17	Baylis	Fredk.	baker	
19	Chapman	Frank,	rubber	
	worker	
21	Husk	Charles,	seaman	
23	Palmer	Walter,	motor-	
	man	
25	Bettridge	Hy.	labourer	
27	Clague	John	
29	Bishop	Fredk.	James	
31	Trigg	Frank	
33	Weare	Alfred	J.	G.W.R.	
35	Boyce	Arthur	J.	G.W.R.	
37	Evans	Evan,	G.W.R.	
39	Larner	Wm.	J.	G.W.R.	
41	Sparrow	Charles	Alfred	
43	Brook	A.	horse	keeper	
45	Powell	Alfred	Jas.	G.W.R.	
47	Holder	Henry,	G.W.R.	
49	Richards	Edward,	ostler	
51	Ward	Wm.	Thos.	G.W.R.	
53	King	Edward,	haulier	
55	Metcalfe	Dd.	E.	ins.	agt	
57	Case	S.	fish	merchant	
59	Pritchard	Mrs.	Mary	
61	Gale	Wm.	brakesman	
63	Baulch	Wm.	painter	
65	Evans	Wm.	elec.	engin	
	(return)	
Davies	S.	metal	merchant	
12	Rawlings	George	
10	Agist	Mrs.	S.	
8	Boyce	John,	tailor	
6	Ridler	John	H.	labourer	
4	Williams	Wm.	driver	
2	Francis	Bros.	office	
Corn	Street,	D	4	
14	Commercial-st.to	Canal-par.	
COUNCIL	CHAMBERS	
2	Blandford	T.	tailor	
	Mon.	Per.	Money	Society	
	Powell	E.	J.	accountant	
	here	is	Dock-street.	
8	Monmouthshire	Work-	
	men's	Hotel	
	(return)	
13	Davies	W.	H.	marine	strs	
14-5	The	Cottage	Hotel	
16	Highley.H.J.Potter's	Arms	
	here	is	Dock-street.	
17	Evans	W.	&	Co.,	Ltd.	
	provision	importers	
18	Void	
19	Raffan	P.	W.,	Ld.printers	
20	Void	
Corporation	Road,	C4	
Clarence-pl.to	Lysaght's	Wks	
[LEFT	HAND	SIDE.]	
Martin	Thos.,	Penmaen	house	
Knee	Frank,	house	furnisher	
1	Davies	A.	P.,	Fascadale	
3	Comerford	Mrs.	E.	J.,	
	Clyde	house	
5	Strawbridge	W.	H.,	
	Netherleigh	
7	Cossham	John	G.,	The	
	Limes	
9	Oliver	Joseph,	Ireleth	
11	Carver	Mrs.	costumier	
13	Cobb	John	F.,	Montrose	
15	Howard	Philip,mch.engr	
17	Ireland	Rich.,	Edermine,	
19	Cawthorn	Wm.	Thomas,	
	Hazlehurst	
21	Jenkins	E.	A.,	Troy	ho	
	here	is	Bedford-road.	
23	Watts	J.	W.,	Cedar	ho	
25	Richards	John,	Marsden	
27	Stark	John,	Mozart	ho	
29	Waite	Fredk.,	St.	Elmo	
31	Padfield	Fdk.	W.,	Ashley	v	
33	Dyer	James,	Doverhay	v	
35	Jenkins	Fred	E.,	Corydon	
37	Uriarte	Luis	A.,	Consul	
	for	Uruguay,	The	Elms	
	here	is	Cedar-road.	
39	Fernielee	--	
41	Wareham	J.	T.,	Mafeking	
43	Muxworthy	A.,	Trevethin	
45	Miller	Geo.	A.,	Greyville	
47	Huxtable	J.	C.,	Bailey	
	Rheddin	
49	Boswell	Victor,	Brookdale	
51	Williams	Mrs.J.,St.Olives	
	Richards	C.	
53	Workman	Wm.,	Glyn-lyn	
55	Wood	Mrs.	W.	J.	Rhosyn	
57	Jenkins	Ernest	R.,	Briallu	
59	Beeston	W.J.asst.overse-r	
61	Huxtable	F.,	Bryndovey	
63	Shearn	Albert	Henry	
65	Barratt	Arthur	William,	
	journalist,	Collipriest	
67	Daymond	&	Son,	grocers	
	here	is	Harrow-road.	
73	Chatworth--void	
75	Warwick	J.,	Maitland	ho	
77	Gomm	Miss,	dressmaker,	
	Myrtle	grove	
79	Reece	Miss	Clara,	Amber-	
	renny	
81	Dark	A.	E.	decorator	
83	Gwynne	Mrs.	S.	J.,	Law-	
	renny	
85	Steed	Mrs.	L.,	Beechwood	
87	Woods	James,	Norlands	
89	Gibbins	Sidney,	Ferndale	
91	Griffiths	C.	E.,	Belle	Vue	
93	Hedley	Geo.,	Woodbine	
95	Lamb	Ernest,	Denver	
	Griffiths	Nurse	
97	Carnell	Abraham,	Brent-	
	burn	
99	Davies	Evan,	Penshurst	
	Vacant	sites	
123	Herbert	E.	J.	sculptor	
	here	is	Eton-road.	
	PRESBYTERIAN.F.M.CHAPEL	
125	Thomas	Geo.	Hy.,	Walcot	
127	Buckland	Clement	Chas.,	
	Rotherville	
129	White	Edgar	E.	
131	Bagnall	Israc,	Alliquippa	
	Vacant	sites	
	here	is	Malvern-road.	
	Vacant	sites	
161	Hotel	Victoria	
	here	is	Llanwern-street.	
163	Hockey	S.	C.	butcher	
165	Miller	J.	R.	fruiterer	&	
	grocer	
167	Edwards	W.J.genl.shop	
169	Woodruff	Mrs.	C.	china	
	dealer	
171	Parry	Mrs.	C.	tobacco-	
	nist	and	fancy	goods	
	417	
Only First-Class English and American men employed	
NEWPORT STREET DIRECTORY.
Cor
Corporation-road—continued
173	Elson F.	fish shop		
175	Bowen F.	hairdresser		
177	Edwards J.	butcher		
	here is Bishton-street.		
181	Adams Alfred, hay and	corn merchant	Branch Stores	
183	Dare Alfred,	shop		
185	Evans A. J.	cycle agent	
187	Thomas Mrs.	M. temperance bar	
189	Perry John,	butcher		
191	James Lemuel,	id bazr	317 Void	
193	Powell Geo.	confectionr	319	
	here is Wharf-road.		
CHURCH OF ST. MARY THE VIRGIN		
199	Void		
201	Void		
203	Matthews A.	Hairdresser	
205	Thayer Wm.	bootmaker	393	
207	Sansom Ivor	E. baker	
209	Tuft M. A.	greengrocer	
	here is Lennard-street.		
211	Johnstone E. S., Glenrosa		
213	Glenravon—void		
215	Sansom W. H.,	Blanchard		
217	Baiss Samuel,	Cervin h	
219	Hoey J. C.,	physician & surgeon, Rockleigh		
221	Banwell John,	Heywood		
223	Beardmore	W. clerk	
	Vacant ground		
	here is Halstead-street.		
237	Russell E.	ale and porter dealer	
239	Hall & Gwynn,	drapers	
241	and milliners		
243	Edwards T.	boot repr		
245	Beasley Mrs. L.	draper		
247	Leggse Mrs. J.	pawnbrokr	562	
	here is Vivian-road.		
	Building sites		
265	Cox Edwin,	harnessmkr	556	
267	Floyd Walter		
269	Henson Robt.	plasterer	476	
271	Hiscock Geo.	labourer	474	
	here the railway crosses.		
273	Banwell Tom,	furniture remover	472	
275	Baker Tom,	Grovehouse	470	
	here is Dudley-street.		
277	Void		
418		
279	Henson Arthur,	labr		
281	Pope Mrs. A.		
283	Howells E. J.		
285	Heath John,	ironworker	
287	Geary Thos.	furnacemn	
289	Wilmett Jos.		
291	Farmer E. L.	shop		
	here is Wallsall-street.	
	TIST CHURCH		
	CORPORATION ROAD BAP-	
	TIST CHURCH		
	here is Wednesbury-street.	
	Vacant sites		
	here is Bilston-street	
	here is Handsworth-street.	
	Void		
319	Baugh Thos.	ironworker	
321	Fellows T.	boot dealer	
323	Robinson Fred.	ironwrkr	
325	Taylor Frederick,	house	
	furnisher		
	here is Dewston-street.		
	here is Caldicot-street.		
	Corporation Hotel		
	here is Cromwell-road.		
	here is Slade-street.		
	here is Oakley-street.		
	here is Jenkins-street.		
	CORPORATION ROAD ELE-		
	MENTARY SCHOOLS		
	here is Milner-street.		
	CARNEGIE FREE LIBRARY.	
	here is Hamilton-street.	
	here is Magor-street.		
	here is Marshfield-street.	
	(return)		
	Channel Dry Docks & Pon-	
	toon Co., Ltd.		
	here is Stephenson-road.		
	TRANSPORTER BRIDGE		
	Lysaght John, Ltd., Orb Iron	
	Works		
566	Edwards Ben.	manager	
564	Neale Wm.	ironworker	
562	Clifford Jos.	furnacemn	
560	Kitson John,	ironworkr	
558	Davies Rd.	ironworker	
556	Hodgson A.	shop		
	Vacant ground		
	Wall Mrs. M.	fish shop	
	English & Colonial Meat	
	Co.		
	Barradell P.	draper		
	Palmer Jas.	greengrocer	
468	Coombs F. B.	greengrer	
466	Thomas G. R.	grocer	
464	Thomas Mrs. Jane		
462	Gimlett Geo.	ironworkr	
460	Pennell Fred.	D.newsagt	
458	Jenkins W.	greengrocer	
456	Lewis C.	grocer		
454	Osmond Saml.	fish shop	
452	Edwards T.	bootmaker	
450	Baker Ernest,	warehamn	
448	Hale John		
446	Allen James		
444	Wulff Max.	gen. dealer	
442	CATHOLIC CHURCH		
	here is Gaskell-street.		
440	Kelson Joseph,	baker	
	POST OFFICE,	M.O., S.B.	
	AND A. & I. OFFICE		
438	Baldock A. W.	butcher	
436	Bucknall Fdk.J.	clogmkr	
434	Carter W.	hairdresser	
432	Thomas A.	bootmaker	
430	Cunningham David,	shop	
428	Bannister Robert		
426	McLoughlin W.	ironwrkr	
424	Dix George,	caretaker	
422	Leighton James P.		
420	Harley J. G.	millwright	
418	Smith John,	ironworker	
416	Cox Albert,	ironworker	
414	Trussell John,	ironwkr	
412	Poole William		
410	Webb Thos.	eng. driver	
408	Wood Mrs. Rose		
406	Davies Richd.	ironworkr	
404	Jewett Geo.	ironworker	
402	Rogers Frank,	ironwrkr	
400	Taylor Frederick	Geo.	
398	Mason Wm.	ironworker	
396	Kingston E.	hairdresser	
	Vacant sites		
	here is Lilleshall-street.		
	Railway Bridge.		
	here is Kelvedon-street		
	TIONAL CLUB.—Mrs.	E.	
	Gale, stewardess		
	Vacant sites		
274	Hyett Hbt.	hairdresser	
264	Adams Sid.	corn mrcht	
262	Shop void		
260	Void		
258	Langford J.	ironmonger	
256	Verinder George		
254	Sims Thos.	dairyman	
252	Davies Mrs. Edith,	shop	
250	Bowen Walter,	shop		
248	Bowen W.	confectioner	
246	O'Neill John		
	BOODLE'S TEETH, 55 High Street, Newport		
NEWPORT STREET DIRECTORY.
Cor
244	Llewellyn H.	shop		
242	Lowe J. prov.	merchant	
240	Cox	George, shop		
238	Hamlet Mrs. E.	shop		
236	Skuse Thos.	butcher		
234	Chinese laundry			
232	Shelley G.	chemist and	
230 & 226	St. Mary's	Church	
	Institute		
222	Tuff Benj.	greengrocer	
220	Kyles J. H.	house frshr	
218	Bourne H. I.	ironmongr	
216	Lewis John,	hairdresser	
214	White A. Ed.	fish shop	
212	Nixon G. E.	furnisher	
210	Holder Mrs. E.	draper	
	Williams W.	bootmaker	
208	Hughes Geo.	Purley ho	
206	Phillips Mrs. T.	grocer	
	here is Coverack-road		
204	Nixon Geo. E.	outfitter	
202	and bootdealer		
200	Jobling R. J.	tobacconist	
198	Cattell J.	confectioner	
196	Fulton J. F.	pawnbrokr	
194	Cannfeld B.	furnisher	
192	James Mrs. C.	outfitter	
190	Nelson Jas. &	Sons, Ltd.,	
	butchers		
188	Shields Chas.	grocer	
	here is Morris-street.		
186	Bartlett Hy.	greengrocer	
184	Sayer & Co.	grocers		
182	Cordingley Jno.	salesmn	
180	Void		
178	Pugsley J.	confectioner	
176	Eastmans Ltd.	butchers	
174	Cook J. E.	draper	
172	Birt H. & Co.	bootmkrs	
170	WITHERS	F.A. E.		
	confectnr &	stationer	
	CORPORATION POST	36
	M.O., S.B., & A. & I. OFFICE	32
	here is Cyril-street.		
168	Bellew John,	Fern lea	
166	Thomas J.,	Glan-y-wysg	
164	Morris John,	Home lea	
162	Hands Geo.,	Victoria h	
	Vacant sites		
	CORPORATION	ELECTRICITY 16
	Station		
	Vacant sites		
124	Pell Alfred	E.,	The 10
	Grange		
122	Jones Tom	Grosvenor	
120	Pappe Jacob	8
118	Jordan C.H.,	Glenthorne 6
116	Ireland Geo.	Hy.	4
114	Bollen E. Wm.	2
112	Cock Robert,	Tredegar
110	Richards Wm.,	Derwent
108	Barton T. G.,	Kinross
	Vacant sites	
	Athletic Ground	Entrance
80	Beeston Geo.	asst. overseer
	Herbert T. H.	
78	Powell John,	Holmeville
76	Lewis T. G.,	M.B., phys.
	and surgeon,	Rosedale
74	Ricketts Wm.,	Fair lea
72	Randall F. H.,	Rhyl
70	Cohen I.,	Rothsay
68	Jones Rees,	Cartref
66	Paynter J. L.,	Kenmure
64	Belmont-		
62	Adams Alfd.,	Birdlip ho
60	Winfield's	Hygienic laun-
	dry		
	W. J. Winfield		
58	Corbett Chris.	draper, The
	Highlands		
56	Tandy Thos.,	Eskdale
54	Jones Mrs. J.,	Lynwood
	Allen E. S.		
52	Brown Geo.,	St. Malo
50	Lewis Philip,	St. Petroc
48	Gwynne Austin,	Moor-
	lands		
46	Burman Mrs.	F., Eddis-
	stone		
44	Howell D.,	Craignair
42	Venn Claude	
40	Rees Mrs. E.,	The Laurels
38	Tonks A. E.,	L.R.C.P.,
	M.R.C.S.,	physician and
	surgeon, The	Ferns
36	Parry Robert,	G.W.R.
34	Jones Chas.	manager
32	White Edwin	Jas. ins.spt
30	Williams R. F.	Kewer
	here is Grafton-road.	
22	Herbert Wm.	grocer
20	Mason F. W.	newsagent
18	Andrews-Jones	J. fancy
	draper, milliner,	etc.
16	Lawrence F.	decorator
14	Turner F. cycle	maker
12	Sweeting C.	confectioner
10	Watkins Mrs. C.	S. green-
	grocer		
	here is St. Vincent's-road.	
	Cou		
	Pickford's Ltd.	general
	carriers		
	Thomas Miss,	draper and
	milliner		
	Wyatt C. picture	frame
	maker.		
	Stevens T. H.	bootmaker
	here is Clarence-place.	
	Council Chambers,	D4
	Corn-street.		
	Coseley Street, E	5
	From Bilston-st. to Tipton-st.
	Courtybella St., E	5
	From 111 Commercial-road
	to Albion-street.		
1	Osmond Thos.	labourer
2	Pook Mrs. Ellen	
3	Power Thos.	labourer
4	Coughlin Timothy,	crptr
5	Crouch James Wm.	
6	Hyndman A. G.	fitter
	Dibble J. O. & Co.	oil and
	grease manufacturers	
7	Arnold Wm.	boardinghse
8	Wain Wm.	labourer
9	James Francis,	labourer
10	Holtom Chas.	trimmer
11	O'Brien Charles	W.
12	Ryan Mrs. Ellen	
13	Void		
14	Gladwin Chas.	
	here is New-street.	
14ASalter Mrs. Clara	
15	Thomas John,	labourer
16	Carty John Joseph	
17	Cox Wm. F.	smith
18	White Richard,	labourer
19	Davies Walter Jas.	cptr
20	Williams Jas.	labourer
21	Dolling Hbt.	haulier
22	Twort George	
	here is Temple-street.	
23	Donoghue James	
24	Hann F. hairdresser	
	Strickland Charles	
25	Void		
26	James Charles,	bdghouse
27	Mahoney John,	labourer
28	Harding Sidney	
	Courtybella Steam	Laun
	dry		
	419
	High-class work only at moderate charges
Cou
NEWPORT STREET DIRECTORY.
Cro
COURTYBELLA TER., E 5
From 1 Alexandra-road.
1	Wm J.	Mitchell	labourer		
2	H.C.	Worthy	boiler-maker		
3	John Jas.	Davies	fitter		
4	Frank	Probert			
5	Edward	Swift	labourer		
	E. V., Blind	Strickland		Tea agency
6	Mrs. A. M.	Bailey			
7	James, rigger	Sullivan		
8	Thomas	Humphreys			
9	Wm. H.	Ivorsen	dock labr		
10	Wm. H.	Wright	trimmer		
11	John, trimmer	Hughes		
12	Mrs. M. E.	Smerkenich		
13	W. H.	Engineer	Stribley		
14	Dyer	John			
15	Wm. Geo.	Thompson		
16-7	J.Rees,	Jones-J.	colliery agt
18	John, G.W.R.	James		
19	Benjamin,	Walter	tailor	Land Inn	
20	T.:	Pullin	traveller		
21	J. E.,	Hanson	Cumber-l		
22	Edward,	Brown	labourer		
23	Patrick,	Maher	trimmer		
24	John,	Evans	grocer		
	Baldwin-street.	here is		
25	Mrs. M. M.	Williams	gen. dealer		
26	Francis,	Evans	stevedore		
27	Enos	Wilks			
28	Samuel,	Rees	baker		
29	Wm. G.	Watts	timekpr		
30	George,	Brown	fish shop		
	Jeddo-street.	here is		
31	G. C.,	Royal	Carruthers	Oak	
	Lime-street.	here is		
32	W. C.	Johns	grocer		
33	John R.	Munro	rigger		
34	John,	Bready	fitter		
35	Samuel	Reed	James		
	Price-street.	here is		
	Glo'ster	Railway	Wagon		
	repairing shop	Co.'s.		
36	John G.	Evans	moulder		
37	T. E.,	Llewellyn	Painter		
38	Albert Hy.	Cross	lab		
39	W.	Whitticombe	tipper		
	Arthur-street.	here is		
40	Thos.	Williams	plumber		
41	John,	Teschner	seaman		
42	John,	Anderson	eng., drvr		
43-44	A. E.	Johns	bakery		
COVERACK ROAD, D 3
Corporation-rd. to Riverside.
[RIGHT HAND SIDE.]
1	John,	Richards	shearer	2
4	Lemuel	Issitt			
6	Wm. G.	Bowen			
8	Richard	Harris			
10	Matthews	Arthur		
12	Mrs. Frances	Rice		
14	John,	Williams	ironwkr		
15	John,	Tetley	wiredrawer	16
18	Giles,	Knight	ironworker	
20	Jas. chem.	Kendrick	wkr	
22	George,	Addison	smith	
24	William	Saddler			
	Co., cement	Johnston	merchants	
	Riverside	Coal Yard		
	(return)	here is	Peering-street.	
19	F. J.	Foster	greengrocer	3
	Vacant sites		
13	Jas. R.	Williams	roller	
11	W.	Whitehouse	manager	
9	John,	Barrett	clerk		
	Witham-street.	here is		
7	Mrs.A.gen.dlr	Adlington		
5	Prothero	W.	brewery hd	
3	T. H.	Dark	builder		
1	Mrs. M.	Phillips	Florence	
Crawford Street
('Of Caerleon-road.)
CRESCENT ROAD, D 2
Victoria-av. to Woodland-rd.
[LEFT HAND SIDE.]
1	Mrs. Ann	Baker			
2	Harry,	Andrews	P.O.		
3	Thomas,	Nixon	clerk		
	PEMBROKE TERRACE.—		
4	Alfred,	Lane	steward		
5	Dd. E.	Fisher	carpenter	
6	George,	Notley	saddler		
7	E. S.	Perkins			
8	Mrs. H.	Thomas			
9	T. E.	Jenkins	painter		
10	Sydney,	Arthur	plumber		
11	Thos.	Edwards	driver		
12	Wm.	Tamplin	bootmaker	
13	Saml.	Sm.	Stephens	ironwkr
14	R.	Hackett	clerk		
15	F. B.	Francis	signalman	
16	Frederick	Lee	R.		
	GARTH TERRACE.		
17	Joseph,	Harris	Rose villa	
18	Walter	Hill	Hy.-printer	
19	Daniel	Walton	H.		
20	Mrs.	Burns	Annie		
21	John,	Pitt	foreman	
	Masters	Mrs.,	Olive mount	
	(return)		
30	John,	Baines	gardener	
31	Geo. Fredk.	Baker	draper	
32	Mrs. E.	Holbrook		
33	Ed. N.	Wade	cabinet mkr	
34	Reakes	Miss	E. A.		
35	H.	Paget	bricklayer	
36	Mrs. Mary	Studley	Mrs.		
37	George,	Berry	bricklayer	
38	Thos.	Jones	labourer	
39	Void		
40	Alex. eng.	Jenkins	drvr	
41	T.,	Edwards	Uplands	
42	Mrs. Mary	Wilks			
47	French	Gilbert,	G.W.R.	
46	Thos. P.	Suale	haulier	
48	Robt.	Ricks	gas works	
Crindau Road, B 4
From Brynglas-road.
Theophilus,	James	Crindau h	
Smith	J. Haines	do.		
1	Rev. O. D.	Jones			
3	W. H.,	Willis	Hillside v	
5	Rev. W.	Morris	accountant	
7	Arthur	O'Leary	keeper		
9	Geo.	Young	moddler	
11	John,	Piaggi		
	(return)		
14	Quocai	James,	haulier	
12	Thos.	Jones	bridge paintn	
10	Arthur	Wort			
8	Jas.	Lee	Fredk. chemist	
6	John	Needham			
4	Luke	Coughlin	Edward	
2	Luke,	Smith	labourer	
	Spring-street.	here is		
	Albany-street.	From		
	Crindau Gas	Works		
	S.Wales	Glass Manufacturing		
	Co., Ltd., glass	works	
	see also	Albany-street.	
Cromwell Road, E 3
Off Corporation-road.
[RIGHT HAND SIDE.]
2	Wm. R.	Pitt	builder		
4	William	Edwards			
6	Wm.,	Wyatt	mason		
8	Wm.	Harrison	ironworkr	
420		
Cro
10	Blythe	Frederick	shop		
		here is Slade-street.		
		Vacant sites		
		PRIMITIVE METH. CHURCH		
		Vacant sites		
		here is Oakley-street.		
184	Chaplin	F. H.	butcher		
196	Williams	E. A.	ironwrkr		
198	Hughes	Philip,	ironwrkr		
200	Roberts	Rd.	ironworker	
		Vacant sites		
214	Baker	John,	labourer	
216	Charlton	Saml.	shearer	
218	Jones	Hy. carriage bldr	
220	Newland	W. H.	fitter	
222	Lewis	James,	labourer	
224	Ellis	Edward	J. brick-layer	
		Vacant sites		
242	Woodhall	J. coal mrcht	
244	Hyde	John,	wiredrawer	
		Vacant sites		
256	Void		
258	Anstee	J. shop	
260	Luckett	W. bootmaker	
262	Skuse	Thos.	butcher	
		(return)		
		Vacant sites		
151	Moulton	W. R.	carpenter	
149	Hopkins	Rees,	roller	
147	Spruce	Samuel		
145	Cornfield	W. H.	ironwrkr	
		here is Fair-fax-street.		
143	Thorneycroft	Geo.	shop	
141	Ennis	John	G. ironwrkr	
139	Watts	Jos.	ironworker	
137	Kitson	B.	ironworker	
135	Perry	Mrs.	Ann	
		Vacant sites		
		here is Liscombe-street.		
		Vacant sites		
		here is Keen-street.		
NEWPORT STREET DIRECTORY.
Cross Lane, D 4
From 58 Dock-street.
Shergold	Sydney,	stableman	
Dennis	J.	shoeing forge	
Hart	Frederick,	sugar boiler	
Griffiths	J. T.	cooper	
Phillips	Matthew,	carpenter	
Cross Street, D 4
Now Emlyn-street (which see)	
Dan
Crown Street, D 3
Victoria-av. to Albert-av.	
[LEFT HAND SIDE.]
1	Watson	Joseph,	caretaker	
2	Moggridge	Robert,porter	
3	Kelly	Benjamin,	painter	
4	Bellhouse	Wm.	haulier	
5	Void		
6	Underwood	Martin,	lab	
7	Vowles	Herbt.	bricklayer	
8	Whitburn	Saml.plasterer	
9	Prowle	Geo. carriage bldr	
10	Clarke	Mrs. H. dressmkr	
11	Void		
12	Carthy	Mrs. Harriet	
13	Underwood	Albert	Hy.	
14	Portsmouth	Jas.gardener	
15	Menker		
16	Prosser	Edgar,	painter	
17	Rosser	Edmund,stonean	
		(return)		
18	Jones	David,	Crown Hotel	
19	Perkins	George,	labourer	
20	Morgan	James,	wireman	
21	Charles	Andrew,	haulier	
24	Gatehouse	H. Little Crown	
27	Howe	Aaron,	carpenter	
28	Tucker	John,	mason	
		Vacant sites		
Croydon Road.
Off Caerleon-road.
Robinson	R. S.,	St. Bassills	
Cumberland Road.
Off Caerleon-road.
[LEFT HAND SIDE.]
1	Turner	John, ironmonger	
3	Pugsley	William		
5	Haley	Herbert	J.	
7	Beese	J. E.		
9	Freeman	Albert	A.	
11	Parselle	George	H.	
		Two houses void		
		Vacant sites		
		(return)		
		Vacant sites		
2	Williams		
Cyril Street, D 3
Corporation-road to Riverside	
[LEFT HAND SIDE.]
1	Cambray	Geo.	W. midr	
3	Mayo	Geo. A.	traveller	
5	Bees	Geo. F.	labourer	
7	Hudson	Albert	James	
9	Fleming	John		
11	Birt	Fred	W. bootmaker	
13	Williams	A. J. ironwrkr	
15	Bishop	Chas.	boilerman	
17	Hillman	R. J.	hairdresser	
19	Tye	Ernest,	signalman	
21	Richards	F. J. painter	
23	Huggins	Fred	J. manager	
25	Kirby	Henry,	car driver	
27	Davies	John,	fitter	
29	Walters	William, tailor	
31	Overend	Henry		
33	Golledge	Theodore	
35	Spruce	Benj.	ironworker	
37	Sully	Ebenezer		
39	Salvidge	Alfred,	saddler	
41	Jones	Thomas,	engineer	
43	Davies	Wm.	Wm. engineer	
45	Penney	Alfred,	painter	
47	Pero	Fredk. W. eng.drvr	
49	Humphries	F. J. shunter	
51	Fennell	Frank,	baker	
53	Perrett	Ed.	Jesse, labr	
		(return)		
56	Selfe	John	Wm. labourer	
54	Williams	E. A.	ironwrkr	
52	Rudd	William,	seaman	
50	Weston	George, storekr	
48	Southwood	G.T. br'ssfinsr	
46	Kilmister	Rd.	manager	
44	Burrough	Cecil	J.confcnr	
42	Jenkins	John	H. car dvr	
40	Halford	Chas.	cab driver	
38	Bragg	Wm.	carpenter	
36	Dukes	Frank		
34	Lowe	Thomas,	ironwrkr	
32	Dent	William	A. butcher	
30	Hipkins	David,	ironwrkr	
28	Barrett	George,	labourer	
26	Frederick	John, labourer	
24	Gunston	Tom,	ironwrkr	
22	Browning	Fdk.	carpenter	
20	Williams	Mrs.	M.		
18	Dyer	Carey,	plumber	
16	Ellis	Francis	J. smith	
14	Clissold	Mrs.	S. A.	
12	Haynes	Jos.	rubber wrkr	
10	Church	Robt.	stocktaker	
8	Beese	W. H.	ast.schlrmstr	
6	Nicholas	W. T.		
4	Coles	Albert	John, fitter	
2	Hill	T. instrument makr	
Daniel Street, E 5
87 Alma-street to Cardiff-rd.	
[LEFT HAND SIDE.]
1	Jameson	Thomas	R.	
		421		
Only First-class English and American men employed		
NEWPORT STREET DIRECTORY.
Dan
Daniel-street—continued
2	White	Lawrence		
3	Matthias	W.	carpenter	
4	Phillips	Ll.	engineer	
5	Thomas	A. W.	smith	
6	Price	Edward	James	
7	Stratford	Mrs.	May	
8	Bristow	Charles		
9	Winter	Edwin	shipwright	
10	Cann	Mrs.	Lydia	
11	Evans	Vincent		
12	Soloman	F. C.	manager	
(return)
13	White	Mrs.	W.	Daisy cot
14	Chicken	R.	W.	Myrtle cot
		Clements	W.	J.,	do.
15	Comerford	Wm.,	Vine	cot
16	Edwards	Ernest	George	
17	Phillips	Mrs.S.,	Thorn	cot
18	Duggan	Mortimer		
19	Greening	Charles,	guard	
20	Moore	F.W.,	Broadway	h
21	Williams	Dd.	wheelwright	
David Street, F 5
7 Wolseley-st. to Mendalgief-rd	[LEFT HAND SIDE.]
1	Swift	Uriah	V.	
2	Lewis	Thomas	James	
3	Bird	Frederick,	trimmer	
4	Stewart	Thos.	labourer	
5	Powell	Ed.	V.	coal trmr
6	Chambers	Mrs.	E.	
7	Foster	Thos.	labourer	
8	Williams	Lewis		
9	Thomas	Mrs.	E.	
10	Thomas	Wm.	berth.	mas.
11	Flook	John		
(return)
12	Morris	Jas.	Thos.	trimr
13	Maddox	G.	dock	labourer
14	Williams	G.Railway	guard
15	Lewis	John,	loco	foremn
16	Allen	Mrs.	Ellen		
		Moore	A.	E.	bricklayer
17	Bowler	Mrs.	M.	
18	Wilson	Wm.		
19	Elford	Frederick		
20	Selfe	Edwd.	coal	trimmer
21	Webb	Mrs.	Caroline	
22	Jones	Benjamin,	stoker	
23	Pittard	Wm.	dock	labr
		Attewell	Joseph	
23A	Hurd	Albert	Edward	
24	Holwell	Wm.	hoistman	
25	Void		
Dawley Street, E 3
Off Corporation-road.
Dean Street, C 3
From 29 Church-road to
Carleon-road.
[LEFT HAND SIDE.]
1	Barnes	Arthur,	labourer	
2	Parry	Oliver,	stoker	
3	Edmunds	Hy.	gardener	
4	Burman	Edgar,	bottler	
5	College	Thomas,	painter	
6	Smith	James,	labourer	
7	Harris	Wm.	Henry	
8	Clifford	Edwin		
	here is	Junction-road.		
9	Shaw	Robert		
10	Collins	Mrs.	K.	
11	Wilton	John,	dock	labr
12	Munsch	Richard,	labourer
13	Webbley	Henry,	porter	
14	Jordan	Fred,	labourer	
15	Hemmings	Wm.	labourer	
16	Gough	Chas.	shoemaker	
17	Woodward	Mrs.	T.	
18	Grice	Wm.	labourer	
19	Gorman	Jas.,	Clytha	brwy
20	Matson	C.	R.	mason	
21	Shephard	Job	A.	haulier
	here is	Caerleon-road.		
(return)
22	Williams	Harry,	upholstr
23	Gatehouse	Sidney		
24	Thomas	Jacob,	haulier	
25	Vaughan	Mrs.	M.	A.	
26	Jones	Alfd.	Geo.	decoratr
27	Hann	Frank	Arthur	
28	Cousins	Thomas,	baker	
29	Pitman	Peter,	foreman	
30	Trout	James,	labourer	
31	Tucker	Jno.	A.	labourer	
32	McNeill	John		
33	Moss	Charles		
34	Winnacott	John		
35	Denning	Frank,	labourer	
36	Bowles	Henry,	mason	
37	Walters	Mrs.	Alice	
38	James	Wm.	S.	labourer	
39	Coles	Thos.	G.W.R.	
	here is	Junction-road.		
40	Sheedy	Wm.	labourer	
41	Parson	Albt.	J.	haulier
42	Pitts	John,	seaman	
Dev
26	Preston	Wm.		
27	Durant	P.	Geo.	grocer
Depot Street, C 5
From 51 Bridge-street.
1	Baker	Miss	Hannah	
2	Rubenstein	M.		
3	Davies	Thomas,	salesman
4	Edwards	Arthur		
5	Twohig	Michael		
Devon Place, C 5
From Mill-st. to Godfrey-rd.
[LEFT HAND SIDE.]
1	Clayton	Albert		
2	Woodhouse	John	
3	Davies	Wm.	traveller	
4	Hughes	Mrs.	M.	
5	Hurn	W.	H.	signalman
6	Lippiatt	Wm.	signalman	
7	Brimfield	Hubert		
8	Morgan	Mrs.	Harriett	
9	Bird	David,	G.W.R.	
10	Wall	Mrs.	Hannah	
11	Nicholls	Herbert	Thos.
12	Milman	C.	Bathstonemas
13	Pickering	Miss	M.	J.	
14	Ballinger	J.	electrician
15	Rees	David,	traveller	
16	Underwood	Alfred	
17	Hopkins	Mrs.	E.	
18	Pearce	Mrs.	Jane,	grocer
19	Watkins	Francis,	florist
20	Watkins	L.	& Son,	florists
	G.W.R.	Engineers'	offices
27	Hayter	Mrs.	Augusta	
28	Jenkins	Wm.	signalman	
29	Jones	Miss		
30	Davies	Henry,	plasterer
31	Kibblewhite	Jno.	guard	
32	Lewis	Wm.	engine driver
33	Cawthorn	Mrs.	Wm.	
34	Murray	John,	signalman
35	Breilatt	Miss,	registry
	office		
36	Gatehouse	Arthur,	joiner
		(return)		
37	Williams	Wm.J.,	Glyn	cot
38	Watson	Wm.,	Devou	cot
39	Greenland	G.	P.,	Egryn
		villa		
40	Sweetland	George	
BODDLE'S TEETH, 55 High Street, Newport
422
Dev
41	Thos.	Stephens	manager	here is Stanley-road.	
42	Alex., Lyndhurst	Hobbs		
48	J. H., Shirley	Swallow		
44	E. E., Duffryn	Harris		
45	A. Ernest, Grove	Jones	h	
46	W. M., Darwin	Frew	h	
47	Mrs.E.,Llanbedr	Parffitt	h	
48	Mrs.S.,Sandford	Tanner	h	
49	Saml., Frome	Kendall	vil	
50	David, Brierwood	Davies		
51	Walter	Gait		
52	J., Exeter villa	Wall		
DEWSLAND PARK ROAD
D 5
Off Friars-road, Stow-hill.
[RIGHT HAND SIDE.]
2	David, Dewsland	Jones	h	
4	[RIGHT HAND SIDE.]	Glen	rise-void	
6	Wynd., Avelon	Stokes		
8	W. F., Abbotsh	Leonard	m	
10	G., Caerhafren	Eru		
12	Rev. J. M.	Jones		
14	A.G.,Tregonisey	Watkins		
10	W.J.,Sunny Bank	Cookes		
18	Edwd., Elmgrove	Frost		
20	A. B., Angorfa	Badger		
22	Percy,Oakdene	Fawckner		
24	D., Breandown	Jenkins		
26	Rev. T., Arwel	Richards		
28	Mrs. Mary	Latimer		
du Verge de R.L.Bayonne		
30	Wm., Usk view	Edwards		
32	T. M., 'The Glebe	Davies		
(return)		
25	J. H., Ivydene	Wagstaffe		
23	Rev.D.W.,Raleigh	Davies		
21	Rev. Hy., Vectis	Abraham		
19	W. B.	Ellison		
17	James, Auckland	Pool	v	
15	Hrbt.T.,Harlesden	Marsh		
13	W. E., Ael-yr-	Freeguard		
bryn		
11	Wm.,St. Brides	Baker		
9	T. H., Kia-ora	Vile		
7	E. T., Haldane	Downham		
villa		
5	Alfd. E., Ravenna	Jenkins		
3	W. H., Oban	Oliver		
1	Fred.	Partridge		
Partridge J. J., Islwyn		
DEWSTOW STREET, E 3
Off Corporation-road.
[LEFT HAND SIDE.]
1	Thos. ironworker	Lewis		
3	John, ironworker	Lowe		
5	W. H., ironwrkr	Walkers		
7	Mrs. A.	Lewis		
9	Jas., ironworker	Reynolds		
11	Wm.	Jones		
13	Slattery	Thos.		
15	Percival Richard	Frew		
17	Page Joseph,	Jenkins		
19	Croome Wm.	Page		
21	Lane Albert	Caldwell		
23	Griffiths Horatio,	Dumayne		
27	Albert Wm.	Slater		
29	Dumayne Thos.	Blekemore	John,	
31	Blekemore John,	Horton	Albert,	
33	Horton Albert,	Cooper,Fredk.	ironworker	
35	Vincent Mrs. S. J.	Screen	Jabez,	
37	Cooper,Fredk.ironworker	Walkley	Wm.	
39	Screen Jabez,	Vacant	sites	
41	Walkley Wm.	Middleton	John,	
Vacant sites	Bradley	Fred,	
43	Middleton John,	Ravalde	Arthur,	
45	Bradley Fred,	Kidd	Arthur,	
47	Ravalde Arthur,	Worton	Joseph,	
49	Kidd Arthur,	Cording	Mrs. J.	
51	Worton Joseph,	Timmins	Saml.	ironwkr	
53	Cording Mrs. J.	Roughton	Jas. H.	do.
55	Timmins Saml. ironwkr	Bradley	Walter,	do.
57	Roughton Jas. H.	Pursall	Fredk. J.	do.
59	Bradley Walter,	Clarke	Thomas,	do.
61	Pursall Fredk. J.	Tonks	Isaiah,	do.
63	Clarke Thomas,	Perry	George,	do.
65	Tonks Isaiah,	Millington	Richd.	do.
67	Perry George,	Dowden	A. J.	bricklayer
69	Millington Richd.	Andrews	Alfd. ironwrkr	
71	Dowden A. J. bricklayer	Reeves	Thomas,	do.
73	Andrews Alfd. ironworkr	Bullock	John Ed.	do.
75	Reeves Thomas,	Berry	Samuel,	do.
77	Bullock John Ed.		(return)	
79	Berry Samuel,	Jarvis	Stanley,ironworker	
(return)	James	Wm.	do.
80	JarvisStanley,ironworker	Mound	Daniel,	do.
78	James Wm.	Davies	Frank,	do.
76	Mound Daniel,	Cox	Thomas	
74	Davies Frank,	Greenfield	Benj. ironwkr	
72	Cox Thomas	Morgan	Fred.	do.
70	Greenfield Benj. ironwrkr	Haywood	R.	do.
68	Morgan Fred.	Bunce	William,	do.
66	Haywood R.	Knight	Chas.	do.
64	Bunce William,	Bradford	Ed.	do.
62	Knight Chas.	Poole	James,	do.
60	Bradford Ed.	Batson	Mrs. H.	
58	Poole James,	Lewis	Wm. H.	carpenter
56	Batson Mrs. H.		
54	Lewis Wm. H. carpenter		
52	Stanley Mrs. A.	
50	Baggott A. W. stocktaker
48	Spruce Thos. ironworker
46	Screen Wm.
44	Jones Wm.
42	Williams Hy.
40	Richards John,
38	Taylor Thos.
36	Anslow Mrs. Elizabeth
34	Arthur G. H. ironworker
32	Russell John,
30	Matthews Wm. shop
Vacant sites
Diana Street, D 1
Top of Gibbs-road.
1	Fossett Joseph Hy.
2	Watkins Wm. plasterer
3	Dowden Henry, labourer
4	Adams Edgar, hay cutter
5	Ross John
6	Francis John Hy.ironwkr
7	Hurn James, painter
8	Lewis J. fitter, Pursefield
9	Livell Edgar, ironworker
Dock Parade, F 4
Church-street to Docks.
Pill Wagon works—J. Pugh, proprietor
Welsh House Fuel Co's wks.
1	Rondel Hy. crane driver
2	Davies Richard, boatman
3	Powell Chas. coal trimrr
4	Thompson Mrs. Louisa
5	Williams Evan, boatman
6	Quest Mrs. Theresa, shop
7	Richardson Hy. foreman
8	Duggan Michael, moulder
9	Void
10	Duggan Mrs. H.
11	Thomas Fk. J. tug capt.
12	Sutcliffe Thomas
13	Jenkins Mrs. Sarah Ann
14	Evans Mrs. S., Dock Hotel
Dock Road, E 4
East side of Town Dock.
Dock Road Chambers
(See 103 Dock-street.)
10	Greenfield Benj. ironwkr
68	Morgan Fred.
66	Haywood R.
64	Bunce William,
62	Knight Chas.
60	Bradford Ed.
58	Poole James,
56	Batson Mrs. H.
54	Lewis Wm. H. carpenter
Dock (The Town), E 4
East side from Dock-street
Coal shipping staithes (5)
Mordey, Carney & Co., Ltd.,
shipbuilders, etc., Dry Dk.
423
NEWPORT STREET DIRECTORY.
Doc
Dock (Town)—continued
Harris & Coxon, block makers, ship repairers
Goss A. J. T., oil merchant and grease manufacturer
London Adamant Plaster & Keene's Cement works
Blaina Wharf—Dock Co.
Dock Supt. & Engineer's office
Maddock T. Gwyn, importer
Smart John, labourer
Pembridge & Pound, marine store dealers
Stephens D. & Co., shipsmiths
Lancaster's Steam Coal Col-leries Ltd. colliery proprietors, Russell's wharf
Williams C. F. coal shippers and wharfingers
Cardiff & South Wales Wagon Company, Ltd.
here is Commercial-wharf.
Cambrian Iron and Brass Foundry—T. Spittle, Ltd.
Rhymney wharf
North Central Wagon Co., Ltd.
Phillips & Sons, Ltd., malt ho
Wilkinson Chas. R. maltster
Roberts B., Dock house
House void
National Telephone call room
here is Dock-entrance.
Customs Watchhouse
Scandinavian Church—Elim
here is Dock-parade.
Evans Mrs. S., Dock Hotel
Morris Henry, oil merchant
Newport Trading Co. —D. Vicary
The west side is used for discharging cargoes, loading iron, etc.
See also Alexandra Dock.
Dock Street, C 4
From High-street to Docks.
[LEFT HAND SIDE.]
1 Wilcox E. rope and twine works
2 Fussell H. J. G. saddler
3 Carter Wm. hairdresser
4 Phillips Mrs. A. tobacconist
5 Williams W. H. Brinsmead, bootmaker
6 Young J. & Sons, chemists
7 Vaughan D. A. & Co. potato merchants
8 Thorne G. F. & Sons, corn stores
9 Thorne G. F. & Sons, grocers
10 Nicholas & Co. Ltd. timber, slate and cement merchants
11 Jeffs W. H. corn merchant
12 MacMahon & Co., potato importers
13 Scott George L. weighing machine dealer
14 Frost A. corn merchant
15 Elders & Fyffes, Ltd., fruiterers
16 Frost A. corn and chaff merchant
here is Skinner-street.
17 Beaven & Sons, Ltd., stores and showrooms
18/19 Bramwell H. L., Windsor Castle
20 Chambers A., Devonshire dairy
21 Newport Temp'nce Hotel
here is Corn-street.
22 Highley H. J. Potters' Arms
23 Wainwright S. umbrella maker
24 Biddle F. D. printer, &c. Corporation yard
here is Merchant-street.
AUSTIN FRIARS CHAMBERS
26 Batchelor T. B. & S. & Co., timber and slate merchants.
Davies Alan H. architect and surveyor
Hudson Robt. C. house and estate agent
Graham, Roberts & Co., colliery agents
Eastern Valleys Black Vein Collieries, Ltd.
27 PHILLIPS MEMORIAL HALL
Newport & Mon. Total Abstinence Society
Band of Hope Union offices.—D. Conniff, sec.
County Court Offices—10 to 4; Thursdays 10 to 1
Mon. Reform Benefit Soc.
I.O.O. Rechabites (Salford Unity)
Huzzey Frank, caretaker
28 Fire Brigade Station—Tothill W. supt
Murrin F. C. driver
Nicholls Wm. driver
Webber Percy, engineer
Frith Fredk. driver
32 Void
33 Phillips & Co. tea specialists
34 Norman F. general dlr
here is Llanwrth-street.
35 Pearce Geo. C., Borough Arms
36 Vaux Geo. hairdresser, &c.
36a Bowles Mrs. E. general
36b Farrow Bros. wholesale glass merchants
here is Union-lane.
37 Cartright Harding, Neptune Inn
38/39 Wade & Son, solicitors and notaries public
40 Levi Morris, tailor
41 Astman Mrs. C. and carriage proprietors
42 Tovey Bros. undertakers
43 Davey James
44 Hicks F. general carrier
45 Newport Coal Co.—J. M. Needham
46 Bennett Albt. shopkeeper
47 Pullen & Sons, decorators
48 Jenkins T. Ll. solicitor Davies Edwd., J. P., solictr
Denman Walter, caretkr
49 Chivers Mrs. E. nurse
here is Union-street.
Avery & Sons, carriage builders
50 Void
51 Williams & Co. solicitors
52 Dunford Wm.
53 Tremelick Peter
54 Sutton Mrs. F.
55 Lewis William
56a Mogford John Hy. engur
56 St. John's Clothing Depôt
Taylor Jos. hairdresser
here is Emlyn-street.
57 Pickford & Co., Ltd., timber and slate merchants and pitwood merchant
Banks R. C. colliery prptr
NEWPORT STREET DIRECTORY.
Doc	-	-	-	-	-
58	Void	-	-	-	-
59	Drill Hall	-	-	-	-
61	Monmouthshire & Cwm Collieries Co.—R. Stanfield, manager	-	-	-	-
62	Monks J. & Co., stone merchants, andat Crumlin	-	-	-	-
63	Newcombe Bros.	-	-	corn merchants	-	-
64	Stevens A. E.	-	shopkeeper	-	-
65	Gabrielso Mrs.	-	R.	lodg. h	-
66	Prosser	-	H.	E.	-	-
66	Guéret L., Ltd. coal exporters and patent fuel merchants	-	-	-	-
67	Tovey Bros.	-	-	works and Central Mews.	-	-
69	Thompson	G.	Rudd	public analyst for Monmouthshire, and district analyst, assayert, etc.	-	-
70	Mervyn Steam Shipping Co., Ltd.	-	-	-	-
71	Guest, Keen & Nettlefolds Ltd, Cwmbran-Abercarn Black Vein Steam Coal offices	-	-	-	-
72	Williams (R.), Jenkins & Co.	-	-	colliery agents	-	-
72	Plasgycoed Collieries Co. Griffiths & Co., Ltd.	-	ship-brokers	-	-
72	Davey D. H. J. & Co.,	-	-	coal merchants	-	-
72	Harper H. G. & Co.,	-	-	shipbrokers	-	-
72	Stanley	-	Mary,	Custom House Inn	-	-
73	Frazer & Co., ship chandlers, bonded store merchants	-	-	-	-
74	Custom House—see local information	-	-	-	-
75-6	Bonded stores	-	-	-	-
77	Maybury & Co., builders' merchants and ironmongers	-	-	-	-
78	Pond Christopher, colliery proprietor	-	-	-	-
78	Shaw, Lovell & Sons, Ltd., shipbrokers	-	-	-	-
79	Poole James & Co. coal and pitwood merchants	-	-	-	-
79	Argentine Consulate—Senor Theo. Checchi	-	-	-	-
80	Spanish Consulate—Miguel Gabin	-	-	-	-
80	Herbert J., Railway Hotel	-	-	-	-
81	Maybury & Co's yard	-	-	-	-
82	G.W.R. goods depôt	-	-	-	-
82	L.& N.W.	-	-	do.	-	-
83	G. W. Coffee Tavern—J. T. Tetlow (return)	-	-	-	-
83	Mordey, Jones & Co., steamship owners and brokers and coal exporters	-	-	-	-
83	Cole W. F. consulting engineer and surveyor	-	-	-	-
84	Pugsley T. & Co. ship-chandlers and bonded store merchants	-	-	-	-
85	Gething R. junr. & Co.	-	-	shipbrokers, etc.	-	-
86	Edwards Chas.	-	-	caretaker	-	-
86	Jones (Fred) Lucas & Co.	-	shipbrokers and coal exporters	-	-
87	Mann George & Co.	-	-	coal exporters	-	-
88	Tirpentwys Black Vein Steam & Coke Co., Ltd. and at Cardiff.—G. H. Jones, manager	-	-	-	-
88	Jones H. C., Caledonian Hotel	-	-	-	-
89	Beynon T. & Co., Ltd.	-	-	shipbrokers and shipowners	-	-
90	Void	-	-	-	-
90	The Beynon Shipping Co., Ltd.	-	-	-	-
90	Vice-Consulate for Austro-Hungary & Chilli—Gwatkin J. P. & Co.	-	shipbrokers, etc.	-	-
91	Jones John, Richmond Hotel	-	-	-	-
92	Birkeland K., Eagle Hotel	-	-	-	-
93	Partridge Jones & Co., Ltd. colliery proprietors, shipbrokers, etc.—J. H. Murrow, agent	-	-	-	-
94	Williams E. E.	-	-	optician and chronometer maker	-	-
95	Twist R. & Son, shipchandlers & sailmakers	-	-
96	Twist Edgar S.	-	-	colliery proprietors and merchants	-	-
96	Whittingham W. M. & Co.	-	shipbrokers, agent for Nelson Line River Plate steamers	-	-
97	Telegraph office & Branch Post Office	-	-	-	-
98	Budd & Co.	-	-	shipbrokers, and at Cardiff	-	-
99	Kjelsen Bros. & Co.	-	-	shipchandlers	-	-
100	Ward Mrs. S. A.	-	-	-	-
101	Begg M. J. & Co., Ltd.,	-	-	shipbrokers	-	-
102	Void	-	-	-	-
103	Howe Fred. R. & Co.,	-	-	coal exporters	-	-
103	Phillips & Son, Ltd., wine and spirit merchants	-	-
104	Blaenavon Co.,Ltd.—H. Chalinder Evans,agent	-	-	-	-
104	Lancaster J. & Co., Ltd., colliery proprietors.—E. P. Jones & Son, agents	-	-	-	-
105	Tapson J. O. & Co.	-	-	shipbrokers, and at Cardiff	-	-
105	G. W. R. offices	-	-	-	-
105	Bargoed (The) Coal Co., lime merchants	-	-	-	-
105	Francombe & Co.	-	-	-	-
NEWPORT STREET DIRECTORY.
Doc
Dock-street-continued
Rennie, Wilkinson & Co., shipbrokers & forwarding agents. Agents for J. Parish & Co.'s Erith loam, Ocean Coal Co., ltd. and Temperperley, Carter and Darke ; G. H. Walker & Co., Ltd. contractors, Westminster 106 and 106 Hunter & White, solicitors and notaries, com. of oaths
Powell's Tillery Steam Col. Co., Ltd. proprietors of Powell's Black Vein Colliery
107 Jones Heard&Co.,Ltd. merchants, shipbrokers, etc.
Heard W.E., Vice-Consul United States, etc.
Heard E. L. M., Vice-Consul Bolivia, etc.
Nixons Navigation Coal Co., Ltd.
108 Board of Trade office— A. S. Hayes, supt.
MASONIC HALL BUILDINGS
109 Lane T. M. coal and pitwood agent
Morgan & Cadogan,coal exporters, etc.
Jeffree & Co. shipbrokers and coal exporters
MASONIC HALL
Smith Alfred J., coal shipper, and at Bristol
Smith-Halvorsen F. & Co. shipbrokers
Smith - Halvorsen F., Danish Vice-Consul
Moses J.&Co.,shipbrokrs 118
Silox Hy. shipbroker
Thomas J. E. colliery proprietor
here is Ruperra-street.
110 Sutton S.,Masonic Hotel 119
111 Moore G. H. & Co. ship-brokers and coal exporters
Howard Jones & King, shipbrokers
Huss C. H. Ltd., shipchandlers and paint manftrs, and at Cardiff
112 Jones R. W. & Co., merchants and ship owners
Italian & Brazilian Consular agencies, etc.
113 Vipond John & Co., Ltd. colliery proprietors
Walliker Wm. E. Bonded Stores (25)
114 Goss O. & Co., shipchandlers and bonded store merchants
115 WilliamsP., Vulcan Hotel
116 Thomas J. F. & Co., shipbrokers,&c.,and at Cardiff
James & Emanuel, Ltd. colliery proprietors
here is George-street.
117 Jesseman W. & Co., India rubber, gutta percha, asbestos, and leather manufacturers
and merchants, steam-ship and colliery furnishers. Large stock of hose packings, I.R. valves and sheets, delivery hose, brewers' hose, leather cup leathers, guage glasses, Machine beltings, &c., &c., 157 Commercial-st.,
50 George-street, and at Barry Dock, W.
Hartlepool, Cardiff, Southampton, and London
Cory Bros. & Co., Ltd., colliery proprietors and shippers,and at Cardiff
Lloyd E. & Co., shipbrokers, etc.
Shipping Federation, Ltd.—W. M. Madge, resident agent
{
-
120 121 Griffiths (Caleb& Joshua) & Co.clothing manuftrs
122 Pyman, Watson & Co., Ltd., shipbrokers, colliery proprietors and steamship owners
123 Cory's Trading Co., Ltd., shipbrokers, and at Cardiff
Morel Ltd. strn. shipowns
Dunn G. J. coal and pit wood merchant
Down F. P. & Co. col. liery proprietors
124 HarbourComiss'rs offices
— A. J. Phillips, clerk
Pilotage offices-- E. J. Summers, clerk
125 Wilks Thos. & Co. ship and insurance brokers, Agents for William Robertson, Glasgow
Hermessen Louis, German Consulate
Storbeck H. & Co. ship brokers
126 Seranno E. boarding ho
127 Buttigège Lawrence
128 Williams M. A. shop
129 L.&N.W.R.Co.'s offices
— J. E. White, agent
130 Bernasconi P. shipchandler
131 Societe Commerciale D'Affréttements et de Commission
Blow Wm. coal exporter & merch, shipbrkr, &c
Hacquoil J. P. & Co. shipowners and brokers
West Hartlepool Steam Navigation Co., Ltd.
Jones H. Rees & Co., shipbrokers
Jones W. & C. T. steam ship owners & brokers
Strick FrankC.&Co.Ltd.
Lambert Brothers, Ltd. coal merchants & shipbrokers
Nicholl Edwd. & Co., shipowners & brokers
Tredegar Iron and Coal Company, Ltd.
Tatem W. J. & Co., steamship owners and brokers
Harrison, Tidswell & Co., coal exporters.—Wm. Blow, agent to the above firms
Chellew Hodges & Co.
The Newport Steam Laundry Co., Bath Street
426
132	E. C.	Downing	shipbrokers, &c.	Orders & Handford, Ltd.	
134		Orders & Handford	Steamship Co., Ltd.	C.	
138	Jefferson	T. H.	haulier	and Handford	
	here is Mellon-street.		
139	Watts,	Watts &	Co., Ltd.	shipbrokr s, coal exporters and general merchants, and agents for the United	163 TABERNACLE SCHOOLRM Phillips Wolfe & Sons, pawnbrokers&outfitters here is Ilanarth-street.	
140	National	Collieries, Ltd.	Bennett Mrs. M. green-grocer		
141	Montgomery	Walt.	shop	171		
142	Blackmore	Fredk.	shop	172		
143	Lenahan	John,	trimmer		
144	Gee	John,	herbalist		
145	Allen	& Sons,	grocers & bakers		
	here is Ebenezer-terrace.		
146	Newman	C.,	Hope	and Anchor	
147	Void		
148	Lee	F. R.	hairdresser		
149	Southall	& Co.,	printers, stationers, &c.		
150	Void		
	CONGREGATIONAL	CHURCH		
151	White	Graham	W. L.D.S.,	dental surgeon	
	White	R. Graham,	L.D.S.,	ENG.	
	Moore	Harry,	caretaker	
152	Brimblecombe	Mrs.	A.M.	Bowen R. H.	
153	Little	E. S.	W., L.D.S.,	R.C.S. ENG., dental surgeon		
154	Void		
155	Void		
156	Purnell	John,	coal trimr	177	
157	Perman	E. M.	S.I., plumber & sanitary engineer		
	Ross	S. lodgings		
	entrance to Bream-place		
	AND SCHOOL	OF ART		
	FREE LIBRARY,	Museum		
	Matthews	J. librarian		
	Stevens	Alfd.	caretaker	
159	Johns	R. H.	Ltd.,	Directory office and printing works		
	Phillips	Mathew,	carptr		
159A	Alger	R. &	Sons, electric light and power, heating, sanitary and ventilating engineers	
160	Heirene	D.	lodging ho	
	Howell	T. H.,	Ltd.	oil stores	
163	Phillips	Wolfe	& Sons,	pawnbrokers	
165	here is Griffin-street.		
MARKET BUILDINGS		
187	Little	S. &	Co. tailors	
188	Narbett	D.	saddler	
189	Harris	E. E.	house furnishing, hardware, grocery, bakery, etc.	
190	PROVISION MARKET—	G. A. Parfitt, manager	
191	Williams&Davies	general drapers	
192		
193	Packer	H. provision mer.	
194	Nancekeivelle,E.J.saddler	and harness maker	
	Gilmore	Mrs.	
	here is Market-street.	
195-6	Jacobs	A. J.	& Son, pawnbrokers & outfttrs	
197	Small	H. J.	fruit and potato merchant	
198	Harris	Sydney,	Steam Packet & Railway Hotel	
200	Smith	S. G.	tailor and breeches maker	
201	Bibby	W.	jeweller, etc.	
STEAM PACKET CHAMBERS—		
202	Swalwell	and	Havard, architects & surveyors	
	King's	Head Tap		
Dolphin	Street,	E 4	
From 46 Commercial-road	to Dock-street.	
[ LEFT HAND SIDE ]		
1	Dunn	William,	trimmer	
2	Collins	Mrs.	N.wrdbr dlr	
3	Ridley	William	J.	
4	Davies	Len.	eng. driver	
5	Matthews	Edwd.	grocer	
	here is West	Market-street.	
6-7	Price	J.,	Dolphin Hotel	
8	Lambros	Stomati,	boarding house	
9	Capnos	P.	boarding ho	
10	Chandler	John,	labourer	
11	Madden	Denis	
12	Stock	Fredk.	moulder	
13	TsalikisDemetrius,	boarding house	
	Gibbon	H. M.	manager	
182	Strong	F.	& Co. hardware stores	
183	Phillips	Wolfe	& Sons, jewellers, outfitters and pawnbrokers	
185	Victoria	Tea Co.	
186	Gill	T.	S. leather mcht	
	here is Griffin-street.		
	Co.-Operative	Industrial	Society, Ltd.—Boots,	confectionary, hardware,	
	Taylor	S.	confectioner	
	FRIARS CHAMBERS—		
	Heybyrne&Brown,insur.	brokers, house agts.,&c.	
	here is Friars-street.	
	Kenvyn	G. J.	& Co., Ltd., Colonial buildings	
	National	Telephone Co.,	Ltd., chief offices	
	Mullock	& Sons,	Ltd.,	printers	
	here is Austin	Friars.	
	TOWN HALL—		
	Treasurer's	department	
	Cemeteries	and Allotments' department	
	Distress	Committee office.—J. C. Phillips,	clerk	
	Cemetry	Registrar's office.—E. J. Grant,	Registrar	
	Slinn	A. J.	& Co. produce importers warehouse	
	Police Court and office		
	Magistrates'	Clerk'soffice	
	Collins	James,	caretaker	
177	Evans	W. &	Co., Ltd.,	provision merchants	
	here is Corn-street.	
178	Westgate	ironworks	
	here is Skinner-street.		
179	Wyelands	Manufacturing Association,	Ltd.	
180	Hancock	A.cheese factor	
181	Cook	W.	& R., Ltd.	clothiers	
	Mason	J.G.& Co.	mantle	manufacturers	
	Geo.	Greenland	& Sons, Proprietors,	Nat. Tel. or8o.	427	
NEWPORT STREET DIRECTORY.
Dol
DOLPHIN-STREET—continued
14	Banzes	John		
15	Golding	Edmund, guard	
16	Cousins	James, labourer	
17	Joseph	A.D. wheelwright	
18	Beaton	H. P. baker, etc.	
19	Pring	Robt. C.	
20	Howells	John, signalman	
21	Essery	Geo. shipwright	
22	Brooks	Arthur Herbert	
23	Bryant	Hy. Geo. carpentr	
24	McCall	Thos. G. boilrmkr	
25	Pope	Geo. labourer	
26	Jones	Ralph, labourer	
27	Slade	Harry, labourer	
28	Williams	John	
29	Hockey	F. grocer	
here is East Market-street.
30	Swift	Uriah Val.	
31	Walsh	James, labourer	
32	Lavender	Herbert Geo.	
33	Morgan	Wm. H. labr	
34	Goulding	Jas. labourer	
35	Thomas	John, labourer	
36	Robins	Geo. hawker	
37	Cook	Joseph, stableman	
38	Doherty	Thos. labourer	
39	Cecil	Wm. Geo. whseman	
40	Hale	George, trimmer	
41	Smith	Chas. labourer	
42	Keeley	Mrs. J. shop	
43	Charlton	Mrs. Fanny	
44	Haywood	Thos. pilot'sasst	
45	Close	Geo. labourer	
46	Walsh	Mrs. Eliza	
47	Pugsley	T. & Co. stores	
(return)
48	Pritchard	Stephen, labr	
49	Walsh	James	
50	Pearce	Mrs. Jane	
51	Eamer	Mrs. ‘Sophia	
52	Service	John	
53	Young	Walter	
54	Mooney	John, labourer	
55	Thomas	Wm. trimmer	
56	Morse	Eli, contractor	
57	Allingham	Chas. labr	
58	Thomas	Wm. labourer	
59	Peterson	Chas.	
60	Stock	Jas. pipemaker	
61	George	Thos. engine man	
62	Godden	Fredk. labourer	
63	Glover	John, labourer	
64	Free	Mission Room	
65	Evans	Charles	
66	Morgan	Alfred, labourer	
67	Hockey	Frederick, baker	
68	Shine	Michael, beer retailr	
69	Jones	Sidney, labourer	
70	Wallis	Charles, ganger	
BOLT STREET SCHOOLS		
here is Duke-street.
76	Manship	Samuel, grocer	
77	Pritchard	Arthur	
78	Hourihane	T. crane drivr	
79	Flynn	William, labourer	
80	Jones	Wm. Hy. labourer	
81	Leahy	William, labourer	
82	Redman	George, moulder	
83	Banzani	Jos. labourer	
84	Borchert	C. sweep	
85	Leahy	James	
86	Davies	Mrs. A. M. greenger	
87	Franklyn	Wm. labourer	
88	Arvanitis	P. boarding ho	
89	Allen	Isaac, miller	
90	Norman	Wm. foreman	
91	Bond	Wm. smth	
92	Jeffrey	Thos.	
93	Corbin	John, plasterer	
94	Ball	Mrs. Sarah	
95-6	Michael	John, shopkpr	
97	Sotiros	Mitchell, board-	
ing house		
18	Lennox	W. shop	
19	Jones	Wm. engine driver	
20	Powell	John	
21	Franklin	Albt. warehsmn	
22	Tucker	Wm.	
(return)
23	Horwill	Wm. E. tipper	
24	Eger	C. W. G.W.R.	
25	Thomas	John, carpenter	
26	Morrisey	John	
here is Hopefield.
27	Thomas	Chas. shop	
27	Williams	Mrs. Harriett	
28	Speedy	Wm. Hy. platelyr	
29	Young	Wm.M.engine driver	
30	Taylor	E. C. mason	
31	Thorne	Richd. cellarnan	
32	Whelton	Thos. labourer	
33	Florida	Edwd. carpenter	
34	Vokes	Hy. plasterer	
35	Florida	Mrs. Geo.	
36	Bailey	Philip, labourer	
37	Barnes	Hy. guard	
38	Hooper	Fred, ironworker	
39	Rabbit	Mrs. M. A.	
40	Petersen	W. J.	
41	Thomas	Tudor, collier	
42	Void		
43	Bailey	Albert, factory hd	
44	James	John, shopkeeper	
DONNINGTON ST., E 3		
Off Corporation-road.		
DORSET PLACE, D 5		
From 60 to 72 Stow-hill.		
DOS ROAD, B 4		
Barrack-hill to Queen’s-hill.		
[LEFT HAND SIDE.]		
1	Workman	F. G. G.W.R.	
2	Thomas	C. blacksmith	
3	Williams	Alfred, joiner	
4	Cox	Walter F.	
5	Coslett	Arthur, fitter	
6	Hall	Hy. Ern. signalman	
7	Hewitt	John, foreman	
8	Taylor	John, shop	
here is Canal-street.		
9	Rudman	Robt. G. G.W.R.	
10	Lixton	Charles	
11	Billing	Wm. smith	
12	Vokes	Geo. plasterer	
13	Crump	Mrs. Ann	
14	Edwards	Edwd. rivetter	
15	Slade	C. mason, G.W.R.	
16	Pritchard	James, grocer	
17	Moss	Edward, driller	
Dow
Downing Street, F 2		
Off Somerton-road.		
[LEFT HAND SIDE.]		
2	Bowden	Jas. E. ironworkr	
4	Hockey	Samson do.	
6	Cross	Albert	do.	
8	Price	John, fitter	
10	Turner	John, ironworker	
12	Davies	Evan	do.	
14	Hyde	Josiah	do.	
16	Phillips	John	do.	
18	Blackmore	Jas.	do.	
20	Ridge	Thos.	do.	
22	Hodgkiss	Albert do.	
24	Kidd	Wm.	do.	
26	Coldrick	Geo.	do.	
28	Stokes	Benj.	do.	
30	Adams	Albt. hay cutter	
32	Leach	John		
34	Siviter	John, ironworker	
36	Johnson	Benj. crane drvr	
38	Leadbeter	G. iron worker	
40	Fay	John, ironworker	
42	Bush	James	Hy.	
44	Littlehales	Urias,ironwkr	
NEWPORT STREET DIRECTORY.
Duc
46	Lloyd Jas.	ironworker		
48	Edwards John, hay cutter		
	Vacant sites		
		(return)
59	Thomas Dd.	ironworker		
57	Little W. H.	do.		
55	Lyons Robert, dealer		
53	Void		
51	Ash Edwin John		
49	Aston Thomas		
47	Lloyd Chas.	ironworker		
45	Southall Jos.	do.		
43	Perry Benj.	do.		
41	Hickman Richd.	do.		
39	Fellow Samuel	do.		
37	Lloyd Walter	do.		
	Vacant sites		
33	Manning Wm.		
21	Perry Thomas,	ironworkr		
19	Moore Samuel,	do.		
17	Kilvert Hy.	do.		
15	Masser John,	cabinet mkr	
13	Harris Mrs. P.		
11	Pitman Hy. Chas.	lab.		
9	Hayward Joseph		
7	Maidstone W.	signalman	
5	Barnett John		
3	Phillips James,	ironwrkr	
1	Williams George,	lab.		
Duckpool Road, D 3	
From 127 Chepstow-road to	
Caerleon-road.		
[LEFT HAND SIDE.]		
1	Sturley T.	bootmaker	
2	Smith Wm. labourer		
3	Allerton Arthur,	packer	
4	Chard James, plumber		
5	Morgan F. shoeing forge	
6	NationalTelephone	Public	
	Call Rm.–Mrs. L.	Bond	
7	Taylor Allot. Jos.	hairsr	
8	Jones Walter,	fish shop	
9	Lewis John,	cycle dealer	
	Ford W. H.	ins. agent	
	here is Fairoak-terrace.		
10	Tanner T. E.	painter	
11	Clarke Wm.	haulier		
12	Coombes Rbt.	w.rollerrm	
13	Moggridge Mrs.	M. E.		
14	Coombes Fredk.	Charles	
	Christians' Meeting Rm	
15	Richards F.H.	ship'sstwrd	
16	Dunston John,	ins. agent	
17	Butcher Ralph,	grocer	
18	Hooper John, smith		
61	Meaker Hy. J.	painter	
62	Casburn Sidney, clerk		
63	Blakemore A. W.	carpntr	
64	Harris Edwin,	painter	
65	Thomas Osborne,	plastr.	
66	Nancekievill C.H.	painter	
67	Coles Wm. H.	carpenter	
68	Bate John, carpenter		
69	Evans Edward,	G.W.R.	
70	Baynham Percy	Joseph	
71	Berry Tom		
72	Parselle Cuthbert,	fitter	
73	Vokes William,	foreman	
74	Wood Alfred J.	mason	
75	Price William		
76	Rees Matthew,	eng. drvr.	
77	Gallagher Geo.	steward	
78	Tiley Edward T.	bricklyr	
79	Moxham Clement,	eng.dvr	
		(return)
	DUCKPOOL TERRACE –		
80	Roberts T.	inspector	
81	Reynolds W. F.	police	
82	Wood Sidney,	guard		
83	Fox Geo. N.	signalman	
84	Wilks Geo.	mculder		
85	Thomas Dd.	weighman	
86	Jenkins John,	painter	
87	Parrott Chas.	collector	
	Hodges J. E.		
88	Dowden Jesse C.	bricklyr	
89	Byers Mrs. D. W.		
90	Cole John Hy.	gardener	
	here is Ronald-road.		
	MELTON TERRACE –		
91	Phillips John,	brightsmith	
92	Edwards W. H.	carpentr	
93	Phillips Richard,	checker	
94	Jones Mrs. Beatrice		
95	Warry G. W.	haulier	
96	Thomas Wm. J.	police	
97	Howell F. W.	plasterer	
98	Huish Frank,	striker	
99	Hanks Joseph,	baller	
100	Powis E.	wheelwright	
101	Leigh Mrs. A.		
102	Evans Mrs. Rachael	
103	Tucker James,	grocer	
	here is Leicester-road.		
104	Sincox H. butcher		
105	Clarke Mrs. F.		
106	Harding W. G.	win. clnr	
107	Bishop A. wagon	insptr	
108	Bailey E. B.	postman	
109	White Henry,	guard		
110	McDougall D.	signalman	
19	Davies Jas. dock	labourer	
19A	Oliver John Edward		
20	Pope G. H.,	Chelston ho	
21	Stacey Arthur C.,	Arcadia	
21B	Phillips Thos., St.	Fagans	
22	Dunning Wm.		
23	Harris Edwrd.	ironworkr	
	EASTON PLACE –		
24	Williams George,	G.W.R.	
25	Spencer J. H.	furnaceman	
26	Price Arthur		
27	Pritchard Thos.	labourer	
28	White E. grocer		
29	Thomas Wm.	plasterer	
30	Woodman Wm. H.	butchr	
31	Pelling Arthur, ins.	supt.	
32	Davies Mrs. L.		
	here is Vine-place.		
33	Powell Ernest,	Sunnyside	
34	Paul Mrs. E. A.,	Montrose	
34A	Edmunds Isaac,	weighmn	
35	Samuels C. Hy.	greengrer	
	SEAMOOR TERRACE –		
36	Jewell Fred. Jas.		
37	Edwards John,	haulier	
38	Plaisted Mrs. Jane		
39	Boshier Fredk. James		
40	Hands Miss,	dressmaker	
41	Beer William		
42	Doble Henry		
43	Constant F. W.	eng. dvr	
44	Hathaway Miss L.		
45	King Herbt. C.	shearer	
46	Amphlett Thos.	bricksetr	
47	EatonJ.&Sons,	cycleagnts	
	here is Bristol-street.		
48	Tidman C. shop		
49	Orchard Alfd.	greengrocer	
50	Hylands Wm.	blacksmith	
51	Brown John,	upholsterer	
52	Pocock W. decorator		
	here is Church-road.		
	DUCKPOOL ROAD	BAPTIST	
53	Cook Fredk. G.	chauffeur	
54	Perrett W. cab	proprietor	
	Perrett W. F.		
55	Ulett Charles,	painter		
56	Brown F. H. G.W.R.		
57	Martin Mrs.J.	greengrocer	
	Hackett E. H.		
	here is Junction-road.		
58	Truman A.W.	wheelwrigt	
59	Davies Charles		
60	McDougall D.	signalman	
For Good Shirt and Collar Dressing
429
NEWPORT STREET DIRECTORY
Duckpool-road—continued
111	Stevens	W. A. C.	painter		
112	Gething	Arthur	carpentr		
113	Prevost	Walter		
114	Turner	Edwin	grocer		
here is Christchurch-road and Fairoak-avenue.
115	Houghton	J. H.	draper		
116	Perry	Geo.	butcher		
RICHMOND TERRACE—
119	Jones	Ed. F.	bootmaker	50	
120	Sturley	Hy.	newsagent	48	
121	Hodges	John	labourer	46	
122	Griffiths	Jas.	carpenter	44	
123	Moulton	Fdk. T.	mason	42	
124	Jones	Geo.	carpenter	40	
125	Packer	Lemuel	gas wks	38	
126	Lawrence	Wm.	fitter	36	
127	Grainger	Edwin	platelyr	34	
128	Florida	George	fitter	32	
129	Reakes	John G.	grocer	30	
130	Harvey	Wm.	assistant	28	
131	Elliott	Clement	26	
Elliott	Chas. C.	agent	24	
132	Watkins	Fred.	carpenter	22	
133	Turner	Mrs. E.	20	
134	Augustina	Mary	18	
135	Plaisted	John Hy.	clerk	16	
136	Evans	John	shop	14	
137	Clements	H.	Oddfellows'	12	
Arms		
here is Maindee-parade.
138	Eddolls	Mrs. J.	The Star	10	
139	George	Jas. H.	decorator	8	
140	McCarthy	Lawr.	labr	6	
141	Higgitt	A. H.	warehsmn	4	
142	Ellis	John	wiredrawer	2	
ORCHARD TERRACE—
148	Morgan	Isaac H.		
144	Skyrme	Arthur	carprntr	
145	Hearn	James	G.W.R.		
146	Davies	Henry	carpenter	
147	French	John	labourer		
148	Lewis	John	ironworker		
149A	Hurley	R. & Sons	aerated water manufacturers		
149	Tucker	H. O.	secretary	1	
150	Thomas	Chas. J.	machst	2	
151	Harris	Geo.	carpenter	3	
152	Finch	Miss M.		
Dudley Street, D 3
Left-hand side[Corporation-rd.
[LEFT HAND SIDE.]
Shop void
1	Davies	Mrs. Rachel		
3	Machin	John	ironworker	3	
5	Bray	Miss A. R.	dressmkr	5	
Ramsay	Miss R. M.	music teacher	7	
7	Webber	Thomas T.		
9	Gilbert	Ernest A.	eng.drvr	9	
Vacant sites		
(return)		
Vacant sites		
52	Plaister	Geo.	oil dealer		
50	Wilkins	John	carpenter		
48	Macey	Wm. Hy.	ironwrkr		
46	Baugh	Thos. ironworker		
44	Davies	Rowland		
42	Tutt	Wm.	labourer		
40	Davis	Thos. ironworker		
38	Dowdell	Albt. J.	foreman		
36	Commons	Wm.	ironwrkr		
34	Richards	Frank		
32	Whiting	Geo. St.	ironwrkr		
30	Martin	Omar J.	ironwrkr		
28	Slattery	Mrs. M.		
26	Whitton	John		
24	Masters	Joseph		
22	Brooks	Robt.	chem. wkr		
20	Farley	John	labourer		
18	Furness	Chas.	ironworker		
16	Smith	Wm.	ironworker		
14	Haswell	James		
12	Morris	Ernest	nailcutttr		
10	Tonks	Benj.	ironworker		
8	Blud	James	ironworker		
6	Bates	Thos. ironworker		
4	Harris	Thos.	eng. drvr		
2	Barlow	W. E.	salesman		
Duke Street, E 4
From 75 Dolphin-street.
BOLT STREET SCHOOLS
Girls' and Infants' Schools
House void
Dumfries Place, D 4
From 65 Dock-street.
1	Nethercott	Francis Geo.	1	
2	Brown	Henry	labourer	2	
3	Webb	Henry	labourer	3	
4	Holder	Frederick		
6	Void		
7	Shergold	Sidney		
8	Watts	Samuel		
9	Daniel	Daniel	labourer		
Durham Road, C 3
From 139 Caerleon-road.
[LEFT HAND SIDE.]
Kibbler	Mrs. O.	greengrocer	
Lodge	Chas.	carpenter	
1	Bowkett	Alfred	lab'rer	
3	Carlson	Chas.	labourer	
5	Granger	Edward		
7	Brett	Albert	labourer	
9	Lang	George	carpenter	
11	Scott	Wm. J.	eng. driver	
13	Ebdon	Neil	tram condctr	
15	Webber	Mrs. E.		
17	Smith	Vincent	plumber	
19	Bearne	Wm. H.	postman	
21	Hiles	Geo.	police sergt.	
23	Barber	Geo.	ticket collectr	
25	Price	Miss Lizzie		
27	Willock	Alfred	G.W.R.	
29	Conibeer	Chas.	G.W.R.	
31	Small	Wm.	clerk	
33	Joshua	James	tailor	
35	Thomas	Henry	P.O.	
37	Taylor	S. C.	manager	
39	St. Julian's Inst. & Club		
DURHAM ROAD SCHOOLS		
47	Taylor	Geo.	dairyman	
49	Perryman	Hy.	butcher	
51	Norval	Wm. E.	painter	
53	French	Thos.	shipwright	
55	French	W. H.	shipwright	
57	Wookey	Mrs. Mary	E.	
59	Oakey	Mrs. Hannah		
61	Stainer	Edwin	J. ins. agt	
63	Reed	Frank	G.W.R.	
65	Davies	Arthur	labourer	
67	Watkins	Edwd.	labourer	
69	Williams	Thos.	L.&N.W.	
71	Mitchell	Dd. Benj.	tailor	
73	Horsham	Alfd. J.	G.W.R.	
75	Redmore	Edwin	labourer	
77	Phillips	Wm. H.	printer	
79	Townsend	Thos.	L. fitter	
81	Oliver	John	tram driver	
here is Orchard-street.		
83	Greenway	Wm. C.	machst	
85	Ravenhill	Jas.	woodturnr	
87	James	Henry	Lewis	
89	Jones	Thos.	G.W.R.	
91	James	Mrs. F.		
93	Rowe	Wyndham	pla ter	
95	Evans	James	Hy. fitter	
97	Truslove	William	Geo.	
99	Wheeler	George		
101	Beard	Chas.	L. fitter	
103	Wall	Chas.	gen. dealer	
Dur
NEWPORT STREET DIRECTORY.
Dur
	here is Stafford-road.		
105	Symonds Hy. Ed. shop		
107	Oram Mark, driver		
109	Polson Wm. labourer		
111	Clarke George, labourer		
113	Field Thos. signalman		
115	Firth Chas. W. engineer		
117	Pritchard Mrs. A. M.		
117	Void		
119	Chilcott Geo. ironworkr		
121	Hancock Robt. plasterer		
123	Gorvin F. W. joiner		
125	Jones H. H. G.W.R.		
127	Boyns Arthur R. fitter		
129	Knight Wm. E. printer		
131	Bowen A. J. decorator		
133	Cullum Geo. labourer		
135	Green John, mason		
137	Edwards Alfred G.		
139	Millard Ambrose, fitter		
141	Parry Mrs. Alice		
143	George Dd. sugar boiler		
145	Smith George, police		
147	Owen John Jas. wiremn		
149	Denning Ebenezer		
151	Weeks Edgar, striker		
153	O'Brien Wm. Chas. fitter		
155	Williams G. H. fitter		
157	Reece Geo. H. H.M.C.		
159	Hallett Chas. mason		
161	Dickinson Fred.bkbindr		
163	Treasure Thos. builder		
	here is Oak-street.		
165	Sayers Geo. brickworker		
167	Browning Wm. G.W.R.		
169	Ravalde Thos. moulder		
171	Truman Wm. Hy.		
173	Turner Alfd. salesman		
175	Weisher Mrs. E.		
177	Waters Chas. driver		
179	Jones Thos. striker		
181	Cole Wm. motorman		
183	Burns W. labourer		
185	Goring Geo. driver		
187	Willetts Thos. timekpr		
189	Watkins Alfd. J. joiner		
191	Nethercott John, labr		
193	Mason Fred, signalman		
195	Harris Wm. Hy. caulker		
197	Nott Wm. Hy. eng.drvr		
199	Collins Herbert, G.W.R.		
201	Riding Arnold, ins. agnt		
203	Pugsley W. R. postman		
	here is Bank-street.		
	(return)		
202	Void		
200	Caple Albt. Wm.		
	here is Orchard-street.		
198	Atkins Lancelot, fitter		
196	Reeves Sims, foreman		
194	Oxenham E. J. painter		
192	Griffiths Wm.		
190	Holmes Mrs. M.		
188	Bevan Thos.		
186	Chilcott Elias		
184	Void		
182	Edwards John		
180	Woonton Guy, saddler		
178	Gover Henry		
176	Hoporoft H. G.W.R.		
174	Chambers Jas. clerk		
172	Thomas John, mason		
170	Simmons Hy. N.carpntr	
168	Corlert Geo. carpenter	
	here is Oak-street.		
166	Roberts J. shop		
164	Hawkins G. E. storekpr		
162	Harty Edwd. Spencer		
160	Proud Wm. coppersmith		
158	Mohune Francis		
156	Williams W. blacksmith		
154	Bevington Alfd.musician		
152	Hamer Joseph, police		
150	Edwards C. H. M.		
148	Davies John, pilotsman		
146	Thomas Thos.		
144	Clayton Francis, agent		
142	Binning George		
140	White Mrs. milliner		
138	Goldsworthy J. loco fitr		
136	Webster A. asst. supt.		
134	Jackson Geo. secretary		
	Seamen's Union		
132	Taylor George, pavior		
130	Davies Henry Herbert		
128	Jones Tom W. H.M.C.		
126	Prowse Thomas, mason		
124	Bowen John, tailor		
122	Jeffs Arthur, painter		
120	Phillimore Albert Hy		
118	Kiff Thomas, tel. linemm		
116	Webber Frederick Wm.		
114	Nethercott David,G.W.R.		
112	Beard Abel, painter		
110	Burkle Percy, ins. agent		
108	Lucas Albt. brickburner		
	here is Stafford-road.		
	St Julian's Church		
106	Crum William, plaster'r		
104	Sanders Thos. painter		
102	Williams Jas. moulder		
100	Chapman E. warehosmn		
98	Cullum Jas. blacksmith		
96	Harris Jas. general shop		
	here is Orchard-street.		
94	Lewis Herbt. W. bootmkr		
92	Elliott Wm. bricklayer		
90	Bubb Frank, car driver		
88	East Wm. bricklayer		
86	Jones Wm. labourer		
84	Tiley John, G.W.R.		
82	North Fredk. J. moulder		
80	Parsons W. H. labourer		
78	Chattington Mrs. L.		
76	Wyatt Thomas, G.W.R.		
74	Bibbings Robert, packer		
72	Hambly Henry, carpenter		
	Ballard J. ins. agent		
70	Parsons Samuel, plasterer		
68	Cornish Wm. eng. driver		
66	Williams Chas. roadman		
64	Harbour W. C. labourer		
62	Matthews A. R. brickmkr		
60	Bowen Edward H. fitter		
58	Edwards E. wagon maker		
56	Williams Miss Margaret		
54	Winter Albert,shipwright		
52	Tyler Henry, gardener		
50	Netley John T. fireman		
48	Wood Charles, decorator		
46	Haynes Daniel, tailor		
44	Dicks Thomas		
42	Johns Mrs. L. grocer		
	here is York-road.		
40	Flesher, Millward & Co.,		
	drysalters		
40	Millward William, dry-		
	salters		
38	salter		
36	Webb A. E. plumber		
34	Parselle Benj. engineer		
32	Williams H.		
30	Pedler Henry, salesman		
28	Findlay Jas. motorman		
26	King John, labourer		
24	Ferris Arthur Robert,		
	fitter		
22	Eames Frank, engraver		
20	Rook John, guard		
18	Craske W. J. pattern mkr		
16	Williams Eli		
14	Coombs George R. sign-		
	writer		
12	Davies John T. carpenter		
10	Moulton Thos. labourer		
8	Workman Geo. roadman		
6	Payne Henry, baker		
4	Roberts Wm. carpenter		
2	Evans Henry, carpenter		
2	Hodgetts Hy. fish shop		
2	A Noble W. H., Gwerna	431
	For Dyeing and Cleaning of Garments	
NEWPORT STREET DIRECTORY.
Eas
East Market St., E 4
East side Cattle Market.
1	Knight	Thomas		
2	Hughes	Wm. boatman		
3	Johnson	Mrs. J. boarding h		
	here is John-street.		
	Phillips & Sons, Ltd., Dock Road Brewery	Phillips & Sons, Ltd., Dock Road Brewery	
	here is South Market-street.		
	Hall	Robert, mechanic		
	Scott J. H. oilskin factory	Scott J. H. oilskin factory	
	Smith Bros. builders	Smith Bros. builders	
		2	Parry	Wm. potter	
		3	Waters	Henry	
		4	Gill	William	
		5	Richards	H. & Co., Usk Eng'ring & Motor Wks	Richards H. & Co., Usk Eng'ring & Motor Wks	
		6	Maisey	Albert, labourer	
		7	Thomas	James, plasterer	
		8	Gapper	George, sawyer	
		9	Wall	Arthur, labourer	
		10	Gatehouse	John E.	
		11	Oliver	Walter, labourer	
		12	Fennell's cold stores	Fennell's cold stores	
		13	Tudor	John	
		14	Mogford	Chas. striker	
		15	James	John, boatman	
		The Williams	Press, Ltd.	The Williams Press, Ltd.	
		printers		
		16	Price	Dd. drillers		
		17	Marshall	Rd. cabinetmkr	
		18	Wright	Fredk. machinist	
		NEW COTTAGES		
		1	Embrey	Thomas	
		2	Cork	Wm. labourer	
		3	Johnstone	Wm. ins. agnt	
		(return)		
		20	Rees	Jhas. jettyman	
		21	Stretch	Chas. donkeyman	
		22	Richards	Wm. labourer	
		23	Long	Henry C. driver	
		24	Hillman	Robert, haulier	
		25	Mogford	Mrs. nurse	
		26	Woodbury	Chas. tinsmith	
		27	Cliss	John, fireman	
		28	Jeffries	Jas. Wm.	
		29	Clements	Mrs. M. A.	
		30	Willis	Charles, labourer	
		31	Thomas	Abbt. Ed. plt. lyr	
		32	Mulholland	Chas. salesm	
		33	Bullock	Isaac, shopkeeper	
		34	Hill	John, shopkeeper	
EDW
	11	Francis	Hezekiah, crpntr	
	12	Trueman	Wm. eng. drvr	
	13	Avery	A. H. coachsmith	
	14	Pritchard	Thos. G.W.R.	
	15	Avery	F. A. coachbuilder	
	16	Morris	Caleb, blacksmith	
	17	Torrington	Phillip, crpntr	
	18	Jones	John, assistant	
	Powles	F. W., Central Steam Joinery works	Powles F. W., Central Steam Joinery works	
	19	Johns	John	
	20	Mead	Harry	
	21	Hicks	Regd. haulier	
	22	Robins	Wm. Hy. confctnr	
	23	Powell	Thomas	
	24	Jenkins	Mrs. Ann	
	25	Probert	Wm.Thos.painter	
	26	Thomas	Hy. stevedore	
	27	Ellis	Geo. timekeeper	
	28	Williams	John	
	29	Trace	W. J. painter, &c.	
	30	Re-building		
	31	do.		
	32	Trigg	John O., William IV. mews	Trigg John O., William IV. mews	
	33	Perry	B. L. corn merchnt	
	WELSH	CALVINISTIC METHO-		
	DIST	(EBENEZER) CHAPEL		
	(1829)		
	Greenslade	Geo. labourer	
	Anthony	John	
East Street, C 5
From Baneswell-road to Albert-terrace.
[LEFT HAND SIDE.]
1	Cromwell	Wm. H. gas fittr	
2	Hansen	Mrs. M. J.		
3	Nancekievell	C. H. saddlr	
4	Wilson	John, warehouseman		
5	Jewitt	J. D. & Son, weighing machine repairers	Jewitt J. D. & Son, weighing machine repairers	
	Jewitt	George C.	
	6	Francis	Henry John		
	7	Larcombe	Frederick		
	8	Hubbard	Mrs. Eleanor		
	9	Cole	Alick.		
	10	Powell	Edward, G.W.R.		
	11	James	Wm. A. bootmakr		
	12	Phillips	Wm. Hy. striker		
	13	Bown	Joseph P. carpenter		
	14	Williams	Geo. haulier		
	15	Edmunds	Hy. Jas. fitter		
	16	Bell	Robert, fitter		
	17	New	Jonah, labourer		
	18	Meyrick	William, senr.		
	(return)		
	A. G. Arnold & Co.'s stores	A. G. Arnold & Co.'s stores	
	19	Morgan	Hy. eng. driver		
	20	Woodridge	Wm. G.W.R.		
	21	Hill	Frederick, G.W.R.		
	22	Sturgess	Chas. fireman		
	23	Watkins	Mrs. Louisa		
	24	Void		
	25	Rose	Robt. H. confectnr		
	26	Sussex	Wm. C. haulier		
	27	Elliott	G. grocer & plstrer		
Edward	Street, D 5
See	St. Edward-street.		
Edwin	Street, B 4
From	206 Shaftesbury-street.		
[LEFT	HAND SIDE.]		
1	Willis	Thos. gas worker	
2	Holtham	E. G. painter	
3	Howells	Chas. platelayer	
4	Hillman	John, mason	
5	Hillman	Geo. mason	
6	Reardon	John, labourer	
7	Durbin	Wm. postman	
8	Hook	Harry, blacksmith	
9	Hurn	Thos. J. forge mngr	
10	Murphy	Mrs. Sarah	
11	Foote	Wm. baker	
12	Spanswick	Henry, G.W.R.	
13	Thomas	John, ironworker	
14	Howe	Benjamin, G.W.R.	
	(return)		
15	Richardson	Nicholas A.	
16	Bainham	J. G. warehsmn	
17	Chapman	Frank	
Ebenezer	Terrace, D 4		
From	145 Dock-street to		
[LEFT	HAND SIDE.]		
1	Matson	Chas. labourer	
2	Kiely	John, labourer	
4A	Cotter	Rd. lodging house	
5	Wainfur	Geo. lodging ho	
5B	Bonelly	Peter, seaman	
6	Kelly	Patrick, labourer	
7	Goodwin	Saul, labourer	
8	Kenny	Wm. A. timekpr	
9	Morgan	Thos. haulier	
10	Hall	Geo. H. ship painter	
East	Usk Road, C 4		
From	20 Clarence-place.		
[RIGHT	HAND SIDE.]		
1	Hodge	Ralph & Co.builders' merchants	Hodge Ralph & Co.builders' merchants	
	Sexton	Jas. haulier	
The	Newport Steam Laundry Co., Bath Street		
Edw
18	Bennett	Jno.	mason	
19	Bishop	Thos.	labourer	
20	Rees	Frank	labourer	
Eldon Chambers.
See 163 Commercial-street.
Emlyn Chambers.
See 38 High-street.
Emlyn Street, D 4
From 67 Commercial-street to Canal-parade.
[LEFT HAND SIDE.]
3	Powell	Arthur Hy.	Emlyn Arms	
here is Kear-street.
Ayliffe's Motor Garage		
Salvation Army Barracks	
4	Cambridge	C.	umbrella mr
5	Thompson	& Son, wheel-wrights & general smiths	
6	Littlejohns	John	shopkpr
7	Cannon	Fredk. G.	bird dlr
8	Loveday	Mrs.	wardr'bedr
9	Robb	A. J.	bootmaker
10	Schute	Charles, lodgings	
11	Radcliffe	Mrs. S.	
Southall & Co., warehouse	
12	Barker	W. & Co.	coal merchants	
here is Dock-street.
13	Void		
14	Smith	George	foreman
15	Howells	Walter	labourer
16	Thomas	Jos.	bricklayer
17	Lillygreen	John Aug.	
18	Franklin	James	hobbler
19	Goulding	Simon	lab'rer
20	Burns	John	ironworker
21	Void		
22	Emlyn Works	Chas. D. Phillips	proprietor
24	Thorne	Wm.	lodging hse
25	Sullivan	Jere.	labourer
Three Sulmons		
26-7	Jackson	Mrs. M. A.	
28	Hobbs	William	
29	Crowley	Dennis	labourer
(return)	
Holy Cross Cath. Schools	
here is Thompson-lane.
31	Pengelly	Albert H.	labr
32	Kelahar	John	labourer
33	Twohy	John	labourer
34	Miles	Mrs. Jane	
35	Legge	John	labourer
36	Croston	Thomas	
37	Driscoll	Dennis	
38	Keaving	John	coal trimr
39	Morgan	Mary Ann	
40	Fricker	Thos.	ostler
41	Dacey	Wm.	labourer
42	Harris	Wm. Hy., Rodney Arms		
43	Balmer	Mrs.	general shop
here is Dock-street.
44	Flook	Mrs. Eliza	shopkpr
45	Barker	Wm.	butcher
46	Barker	Wm.	
47	Hewertson	& Co.	tobacco manufactory
49	Dacey	Mich.	labourer
50	Driscoll	James	labourer
51	Loveday	Edward	dealer
52	Void		
53	Sutton	& Co.	carriers-J. Mattock, agent	
54	Oakey	Mrs. Clara	fish shop
here is Fothergill-street.
55	Davis	Thos. H.	blacksmith
56		
57	Wainfur	Geo.	lodging ho
Lyons	F. H.	herbalist
58	Tellin	E.	bootmaker
59	Hicks	Mrs.	wardrobe dlr
60	Void		
Emlyn Terrace, D 4
56	Dock-st. to Llanarth-st.
3	Johnson	Swan	labourer
4	Berry	Wm.	labourer
5	Power	Miss J., Cherry Tree		
6	Coombs	Alb. G.	dealer
7	Seaman	Frederick	John
8	Horton	John	labourer
9	Legge	John	labourer
10	Moriarty	Michael	labr
11	Knight	Fred	labourer
12	Mahoney	Morris	
14	Borlase	John H.	
15	Crowley	Lawrence	labr
16	Chapman	Ellen	
17	Hoskins	Thos.	labourer
18	Minahan	Catherine	
19	Flynn	John	labourer
20	Croston	Wm.	labourer
21	Landers	Mich.	labourer
22	Void		
23-4	Scott	Joseph	
Eto
25	Whittington	Richard	
26	Collins	Daniel	labourer
27	Crowley	Thomas	
28	Fitzgerald	John	labr
29	Thomas	Arthur	labr
30	Fitzmorris	Mrs. Mary	
31-32	Bailey	E. W.	
Essex Street, D 3
Wharf-road to Halstead-st.
[LEFT HAND SIDE.]
1	Beudel	Mrs. Emily	grngrer
3	Jones	Charles	G.W.R.
5	Williams	Thomas	painter
(return)	
4	Sturley	F. F.	general shop
2	Dark	Wm.	carpenter
Eton Road, D 3
Corporation-road to Marl-borough-road.
[LEFT HAND SIDE.]
1	Davis	Mrs. E.	Eton house
3	Groves	G. E.	Henner ho
5	Lawson	Alf.	Crediton ho
7	Vine	Mrs. H.	St. Aubin ho
9	Gwyther	C. R.	
here is Rugby-road
9	Smith	J. T.	Ravensdale
11	Purnell	W. J.	Coldra ho
13	Hopkins	W. H.	Weardale
15	Richards	Alfred	George
17	Evans	W. H.	
19	Phillips	Fredk. Wm.	
21	Evans	W. H.	junior
23	Stokes	Wm.	Heathfield h
25	Davies	William	Ashgrove
here is Bedford-road.
27	Rees	David	Compton h
31	Wring	E.C.	Christchurch
33	Wring	Miss K.	Beachcroft
35	Williams	Mrs. Esther	
Hirwain house		
37	Bottomley	Mrs. J. W.	
Windsor house		
39	Knowles	T. P.	Grosvenor
41	Waite	Fredk.	Brooklands
43	Linton	Albt. E.	carpenter
45	Joint	Wm.	Ellesmere
47	Austin	A. W.	Cambridge
(return)	
46	Edwards	A.	Pen-y-bryn
44	McKee	George	Beta
42	Ball	George	Peurhiw
40	Newman	Mrs. L.	Athenic 433
NEWPORT STREET DIRECTORY.
Eto
ETON-ROAD—continued
38	Poole	Herbert	Ravenscar		
36	Vivian	Edwd., St.	Arvans		
34	Fleming	P.	Stewart		
32	Roden	Geo.	Westbourne		
30	Rees	Wm.	Macnade ho		
28	Iggulden	Stpn.	Ivy Glen		
here is Methuen-road.
28	Iggulden	Stpn., Ivy	Glen		
26	Parkes	Fredk.	Dalmeny		
24	Heaven	Arthur		
22	Gibbon	James		
20	Hall	Joshua	Highlands		
18	Westwood	Mrs. E.	St. Corri		
16	Howell	J. G.	Holborn		
14	Bamfield	Sydney	Roblyn		
12	Merryweather	Robt.	Tre-gothnan		
10	Johnson	W. T.	Jesmond		
8	Homan	C.	Heatherdene		
6	Osmond	John	Hazledene		
here is Rugby-road.
4	Williams	Edgar	James	House void	
Llangstone
2	Jones	Rev. E. R.	Holmeswood		
ESWEWELL PARK, D 2
From 211 Chepstow-road.
[RIGHT HAND SIDE.]
Halford	F. T.	Staunton		
Williams	Lewis, jn.	Gwenlyn		
Bumstead	B.	Dolecoed		
Lawrence	Chas. E.	Bryntirion		
Hussey	George	Elstow		
Brownscombe	Albert Wm.		
Staddon
Bashan	James	Rosendale		
Richards	Rich., Mnt.	Eveswell		
Vacant sites
Ellis	Chas. W.	Mnt. Pleasant		
Vacant sites
(return)
Vacant sites
Mansfield	Jas. J.	Bourton		
Cayzer	Mrs. K. E.	Croft		
Ambury
Meggit	G. T.		
Vacant sites
House void
{See St. John's and Batchelor roads.,
Evans Street, C 4
From 162 Shaftesbury-street.
[LEFT HAND SIDE.]
1	Forester	Chas.	School ho		
3	Hunt	E. F.	dealer		
5	Griffiths	Wm.	smith		
7	Jenkinson	Charles		
9	Tutton	Samuel, gen. shop		
here is Hoskins-street.
MARSHES HALL(FORWARD MOVEMENT)
SHAFTESBURY PARK
(cross and return)
here is Pugsley-street.
20	Bevan	W. J.		
18	Morgan	Wm.	labourer		
16	Jones	John		
14	Critchley	John, tug boat		
12	Brayshaw	Mrs. H.		
here is Wheeler-street.
here is Hoskins-street.
10	Venn	Harry, shop		
here is Hewertson-street.
8	Holley	E.	shopkeeper		
here is Hewertson-street.
6	Herschman	Simon, travlr		
4	Newport	Co-op. Dairy		
2	Vickery	Wm.	labourer		
434
ESWEWELL STREET, D 3
From 232 Chepstow-road to 10 Void
[LEFT HAND SIDE.]
Archibald-street.
1	Henson	John		
2	James	Mrs. J.		
3	Miller	Albert	bricklayer		
4	Verren	Fredk. W.	fireman		
5	Butcher	Mrs. S. C.		
6	Read	T. J.	berthing mas.		
7	Maunders	Frcs. G.	police		
8	Bradford	James	smith		
9	Thomas	painter	Thomas, painter	
10	Browning	Ephriam		
11	Seedhouse	Hy.		
12	Bishop	S.	gardener		
13	Jeanes	B.	cook		
14	James	Geo.	engine driver		
15	Garland	John	driver		
16	Thomas	Chas. eng. driver		
17	Alexander	J. H.	boilercov’r		
(return)
18	Butler	Fredk.		
19	Hill	Sidney	bricklayer		
20	Hill	Wm.	bricklayer		
21	Stiles	John A.	cooper		
22	Slade	Adam	cabinetmakr		
23	Watkins	Rd.	mason		
24	Hockey	William	John		
25	Marsh	F. A.	carpenter		
EXE
26	Law	Wm. E.	ironworker		
27	Curtis	Wm.	ironworker		
28	Wilkins	Thomas		
29	Cranton	Dd.	labourer		
30	Gayton	John	carpenter		
31	Birch	George	tinman		
32	Stevens	Edwd.	labourer		
33	Giles	Albt.	butcher		
34	Bailey	Robert	mason		
35	Mott	Mrs.		
Warr	F. T.	labourer		
EVESWELL TERRACE, D 3
No. 242-232 Chepstow-road.
Exchange Road, C 4
See 70 High-street.
EXETER ROAD, D 3
From Exeter-street.
[LEFT HAND SIDE]
1	Sheppard	Thos.	roadman		
3	Williams	Reg.	James		
5	Driscoll	D. J.		
7	Wilkins	John		
(return)
Vacant sites
8	White	Fredk.	carpenter		
6	Roath	A.	traveller		
4	Allsopp	Arth.	coachsmith		
2	Bray	Edwin	Jas. platelyr		
EXETER STREET, D 3
From 45 Hereford-street to Exeter-road.
[LEFT HAND SIDE.]
1	Howells	Mark		
Oke	Fredk. J.	plumber		
1	Bowen	E.,	Wyndcliffe ho		
3	Wright	Wm. H.,	Porth h		
5	Pearce	C.	wagon lifter		
7	Fairley	Chas. J.	ironwkr		
9	Morgan	Hy.,	Exeter ho		
11	Acteson	Mrs. Emma		
13	Nethercott	J.,	Heworth h		
15	Wickens	Mrs. R.		
here is London-street.
19	Chisholm	Francis	J.		
21	Howells	John	Maple ho		
23	Arnold	Geo.	ins. G.W.R.		
25	Trump	Van		
(return)
20	Williams	Chas.	H. chef		
18	Jones	Edward	carpenter		
16	Hackett	T. G.,	Bailbrook		
The Newport Steam Laundry Co., Bath Street
Exe
14	Thickens	Ed. W., Milford	17	Green John, J.P.	
12	Crease	Mrs. E., Noorrama	18	Booth William L.	
	here is	London-street.	19	Houghton Mrs. M. E.	
10	Bettridge	Rich. G.W.R.	20	Smith F. C.	
8	Smith	Alfred C., painter	21	Jones W., Fair Oak nursery	
6	Fry	A. H., ins. agent	22	Clarke The Misses, 1 Tor-	
4	Keeble	Robt. guard	 quay villas	
2	Jones	Philip, lime burner	23	Havard R. D., 2 Torquay	
		 villas	
Factory Road, C 4	24	Whitmore S., Seaton ho	
From 26 Mill-street.	25	Brown L. J., Lynton villa	
Newport Gas Works	26	Sainsbury W. J., Clyde	
Evans	Mrs. E., Dos lodge	 villa	
Cordes	(Dos Works),	27	Vaughan Mrs. D. A., Dan-	
Ltd.	nail, spike, etc.,	 y-rhiw	
	manufacturers	28	Johanson Alex. fireman	
		29	Kendall George	
Fairfax Road, E 2	30	Sundy Oliver George	
Off Cromwell-road.	31	Smith Sydney	
[RIGHT HAND SIDE.]	32	Andrews Geo. shoemaker	
2	Harold	Arthur, ironwrk	33	Morris William	
4	Harris	Frederick	33A	Roderick P. fitter	
6	Challicom	W. F.	 here is Albert-terrace.	
8	Beech	Arthur, ironwrk	 (return)	
10	Richards	John, ironwrk		
12	Drewitt	J. C. clerk		
14	Williams	G. ironworker	CAMBRIA COTTAGES—	
16	King	Wm. furnaceman	34	Richards William, sweep	
18	Moxley	Jas.	35	Webb Arthur Reginald	
20	Webb	David, welder	36	Devlin Joseph, labourer	
22	Davies	Samuel	37	Pook Thomas	
24	Kitson	Arthur, ironwkr	38	Dean William, labourer	
26	Dovey	James, ironworker	39	Pook Mrs. Kekiah	
28	Stokes	Reuben, shearer	40	Barton Tom, gardener	
	(return)	41	Morgan Herbert	
	Vacant sites	42	Harris Sydney, haulier	
		43	Daniel Arthur, labourer	
Fair Oak Avenue, C 3	44	Casey James, wireman	
110 Duckpool-rd to Albert-av	45	Blore Mrs. Lucy	
[LEFT HAND SIDE.]	46	Walton Chas. striker	
1	Price	E. greengrocer	47	Trehearn A.	
2	Parker	Samuel	48	Jones John, stockman	
3	Perry	Fredk. E. carpenter	49	Vowles John, mason	
4	Fearis	Henry, police	50	Sharram A. Hy. grocer	
5	Eddolls	James, carpenter	51	Hylands Hugh, G.W.R.	
6	Morgan	James, butcher		 St. Joseph's School	
7	Greenway	Alf. bricklayer	52	Loftus Mrs. Jane	
8	Snell	Wm. warehousemn	53	Hail Henry	
9	Bevan	Wm. Hy. stamper	54	Jenkins Mrs.	
10	Brown	Wallace S.	55	Richards William, labr	
11	Foxwell	John	56	Moulton C. E. builder	
12	Rogers	J. B. labourer	57	Houghton J. H. draper	
13	Thomas	W. V. joiner	58	Cattell J. w'sale confectr	
14	Gilbert	Henry	59	Cattell J.	
15	Hosbons	Rev. G. B.	60	Padden Fred Geo.	
16	Wyatt	Henry	61	Reese Ed. Benj. fitter	
		62	Benson James	
		63	Fortune Geo. carpenter	
Fai	64	Williams Isaac	
	65	Parker John F.	
	66	Thomas Elijah	
	67	Benger Joseph, grocer	
	68	Avery Edgar, carpenter	
	69	Holbrook J. F. dairyman	
	70	Perry George, butcher	
Fair Oak Terrace, D 3	
From 105 Chepstow-road to	
	Albert-avenue.	
[LEFT HAND SIDE.]	
1	Clarke H. C. hairdresser	
	Gough Chas. butcher	
1	Davies John, engine dvr	
2	Bateman W. gas stoker	
3	Newbury T. K. basket mkr	
4	Bateman J. Ed.	
5	Garland Jas. basket makr	
6	Keepin John, fish mercht	
7	Turner Joseph	
8	Bown George, G.W.R.	
9	Furzer, H. G.W.R.inspectr	
10	Williams Mathew, miner	
11	Clarke Henry Collard,	
	 hairdresser	
	here is Duckpool-road.	
12	Parker G. beer retailer,etc	
13	Coote Ernest, decorator	
14	Collman & Coote, dec't'rs	
14	Charles Sidney James	
15	White Thomas, carpenter	
16	Green Alfred, factory	
17	Goatman Wm. navvy	
18	Kenely Miss E. K.	
19	Brothers Geo. painter	
20	Tanner C. H. foreman	
21	Jenkins Evan Lewis	
22	Pearce Wm. watchmaker	
23	Sweeting Henry	
24	Nork A. C. d. wagon bldr	
25	Matthews W. tobacconist	
	(return)	
26	Void	
27	Void	
28	Winfield Jos. labourer	
29	Franks Mrs. L.	
30	Prosser Mrs. dressmaker	
31	Morgan Thos. bootmaker	
32	Lee Mrs. S. grocer	
	here is Duckpool-road.	
33	Augustina M. fish bar	
33	George Mrs. Thos.	
34	Phillips Ed. striker	
35	Golledge James, dealer	
	435	
Faulkner Road, C 5
52	Vaz	Mrs. M. E.		
50	Collier	Ralph	labourer	
48	Walters	Wm.	labourer	
[LEFT HAND SIDE.]			
46	Smith	Mrs. Alice		
44	Howard	John	Hy.	painter
42	Stidder	William		
40	Nelson	James	fireman	
38	Parfitt	Chas.	labourer	
36	Mould	John,	ironworker	
34	Blythe	Sidney,	seaman	
32	Sirrell	Henry,	motorman	
30	Roberts	Joseph		
28	Clarke	Emanl.	G.	ironwrkr
26	Witton	Enoch,	ironwkr	
24	Jones	Samuel	A.	labr
22	Williams	John,	painter	
20	Jeffreys	Hy.	ironworker	
18	Whittingham	Isaac,	labr	
16	Humphries	Jas.	Ironwkr	
14	Jones	Jas.	dock	labourer
12	Farley	John,	labourer	
10	Ford	Thomas,	labourer	
8	O'Connell	Wm.	labourer	
6	Giles	Arthur,	shedman	
4	Dennison	Reub.	ironwkr	
2	Baker	Mrs.	Susan	
Feering Street, D 3
[LEFT HAND SIDE.]		
Off Coverack-road.		
1	McDougall	Alex.	fireman	
3	Steward	Henry		
5	Cadman	Mrs.	Mary	
7	Gould	John,	traveller	
9	Void		
11	Veal	Alexander,	labr	
13	Waite	Geo.	hawker	
15	Dowding	Alfred		
17	Evans	Thos.	labourer	
19	Williams	Wm.		
21	Henson	Fredk.	labourer	
23	Williams	James,	shearer	
25	Ball	Albert		
27	Windsor	John		
29	Johnsey	William		
31	Morris	Francis,	labourer	
33	Davies	Geo.	labourer	
35	Desmond	Thos.	labourer	
37	Turner	Henry,	ironwkr	
39	Davis	Wm.	labourer	
41	Wood	William,	labourer	
43	Pritchard	Mrs.	Elizabeth	
45	Lee	Isaac,	labourer	
47	Mahoney	Jere,	seaman	
49	Watkins	Geo.	ironworker	
51	Wilkinson	Geo.	labourer	
53	Mapp	Richard,	labourer	
55	Baker	Wm.	ironworker	
57	Goode	Alfred,	labourer	
59	Connors	Robt.	ironwkr	
(return)		
Vacant sites		
60	Hoskins	Wm.	labourer	
58	Blewitt	Thos.	haulier	
56	Bates	Geo.	ironworker	
54	Godwin	Jesse,	labourer	
436		
Fields Park Avenue, C 6.
Fields-park.		
Houses	building	
Vacant	sites	
Houses	building	
2 houses	void	
Fields Park Cres., C 8
From Fields-road.		
Ingleside—void		
Guy	Daniel,	Elmswood	
Fields Park Road, C 6
From Fields-road.		
[RIGHT HAND SIDE.]		
Williams	J.	H.,	Merlin
Williams	Mrs.	C.,	Silesia	
Jones	B.	C.,	Penycoed	
Sutcliffe	Oscar,	Glynwood	
Evans	Mrs.	M.,	Deanfield	
Jones	Lewis,	Kenmore	
John	Thomas,	Rhianfa	
Hutchinson	T.	H.,	The	Dingle
Reynolds	T.	H.,	Selworthy	
Vacant sites		
2 houses void		
Williams	Alfred	P.,	Glannant	
Ford	Walter	H.,	The	Kloof
Slade	Mrs.	C.,	Glamnor
Seymour	W.	B.,	Hollybank
Blackburn	W.	M.,	Hollybank
Morris	Henry,	Cedar	Lawn
here	is	Fields-park	Avenue.
Lyne	C.	R.,	Cefn	Newydd
Newman	Albert	A.,	Penderyn
Robjent	F.	P.,	Fields	house
Vacant	sites	
James	A.	M.,	The	Fields
Brewer	Capt.	R.	E.	M.,	Col-hugh
here	is	Fields-park	Avenue.
(return)		
Watts	Hugh,	King's	Acre
Spittle	George,	St.	Briavels
Vacant	sites	
Taylor	Alexandra,	The	Limes
here	is	Fields-park	Crescent.
Vacant	sites	
Davies	A.	C.,	Oakfield
Railton	B.	L.,	Coed	Rath
Cullimore	A.	M.,	Deepdene
Price	Benj.,	Brondeg
Shrubsole	Geo.,	Ellesmere
Pitt	Reginald,	Bellwood
Fennell	Mrs.	E.,	Brent	Knoll
Lloyd	G.	L.,	Borrodaile
Winson	Alfred,	The	Heath
Brace	W.	M.P.,	Devonfield
Fields Road, C 5
From Mill-street to the Fields
[LEFT HAND SIDE.]		
Evans	Mrs.	H.	W.,	Enville	h
Watson	Thos.	E.	J.P.,	St.
Mary's	Lodge	
[RIGHT HAND SIDE.]		
COUNTY	COUNCIL	OFFICES	
Girls'	entrance	to	Interme-diate	School
1	Wagstaff	J.	H.,	Solar	ldg
2	Thomas	Alfd.	W.,	Ty-Cefn
3	Penman	Mrs.	Alice,	St.
Maur	
4	Stephens	Tom,	St.Monton
5	Jones	Rev.	A.	T.,	Pen-y-bryn
6	Simmonds	A.	D.,	High-bank
7	Lloyd	H.	G.,	Glen	Lyn
here	is	St.	Mark's-crescent.
8	Williams	Rev.	T.	H.,	Ty	Clyd
9	Hayman	Wm.,	Kingsdown
Fie	
10		Void	
11		Void	
12	Thomas	Benjamin, Laurel	Bank
13	Lewis	J. P., Kaboh	
14	Barrie	J. Stiven, St. Iven	
15	Jones	Jacob, Sunnybank	
16	Moore	W., Brentor	
17	Thomas	John, Tresco	
18	Rosser	John, Newlands	
19	Hazell	John, Tynewydd	
20	Crease	Henry, Warley	
21	Williams	John, Clarence	
21A	Murrow	J. H., Gataere	
22	Colquhoun	R. S., Winsford	
23	Phillips	W., Cefn Coch	
	here is Godfrey-road.	
	here is Fields Park-road.	
24	Lovell	G. F., Redcliffe	
25	James	Thos., Trevella	
26	Morgan	A. S., Port View	
27	Scanlon	W. H. P., Morning side	
28	Blackhall	W. H., Tremena	
29	Alger	Mrs. Rowland, Pembroke house	
30	Pearson	T. W., Netherwood	
31	Fawkner	E. H., F.R.I.B.A., Colyton	
32	Owen	Mrs. M.	
33	Kendrick	Mrs. S., Clovelly	
34	Pearson	Mrs. E. C., Parkhurst	
35	Reed	C. H., Cheddleton	
36	Jones	Fred. C., Greylands	
37	Hammond	Mrs. G., Briarglen	
38	Ward	Chas. F., Mossbank	
39	Joyce	Charles, Elmhurst	
40	Ayliffe	C. M., Charleville	
41	Burge	Ralph, Kendal	
42	Ware	Walter W., Athelney	
43	Joyce	Ernest	
44	Sansom	Mrs. M., Henlade	
45	Evans	Peter, Glyn-Aeron	
46	Thornley	H. E., Chisworth	
	Ford Street, C 5		
	From 9 Tunnel-terrace.		
	[LEFT HAND SIDE.]		
1	Hart	Arthur, mason	
2	Smith	Henry, blacksmith	
3	Hart	Henry John, G.W.R.	
4	Stevens	Wm. A. tipper	
5	Clapp	Ed. John, haulier	
Fri	
5	Brunt	John, butcher (return)	
6	Donaldson	William	
7	Pinnell	Mrs. Ellen	
8	Wiltshire	Dennis, mason	
9	Sallis	Thomas, G.W.R.	
10	Bailey	Isaac, police	
11	Brown	James	
12	Chance	Walter, butcher	
13	Jones	Robert, blacksmith	
14	Ackerman	Jos. G.W.R.	
	Frederick Street, E 4		
	From 80 Commercial-road.		
1	Johns	William, G.W.R.	
2	Fisher	Edwin, bootmaker	
3	Void	
4	Grimaldi	Thos. labourer	
5	Woods	James, labourer	
6	Jacobsen	William	
7	Pope	Charles, carpenter	
8	Jackson	John Henry	
9	Williams	Mrs. Emma Phillips S. bricklayer	
10	Cashman	David, striker	
11	Madden	James, labourer	
12	Hopkins	Wm. haulier	
13	Pritchard	Geo. labourer	
14	Stowells	Thos. labourer	
15	Sullivan	John, coal trimmr	
16	Thompson	Aug. labourer	
17	Thomas	Mrs. Mary Ann	
18	English	Mrs. Gladys	
19	Guy	Walter	
20	Jones	Alfred, guard	
21	Delahaye	John, labourer	
22	Gibbon	Ivor, guard	
	here is Broad-street.	
23	Sims	Chas. labourer	
24	Smith	Wm. labourer	
25	Hawkins	John, helper	
26	Russell	Thos. striker	
27	Bailey	Mrs. Martha	
28	Delahay	Richard	
	Fotheringham Place.		
	Near Pothergill-street.		
	[LEFT HAND SIDE.]		
1	Central	Hall Institute	
3	Thompson	Geo. weighmn	
5	Horton	James, labourer	
7	Waters	W. G. engine dvr	
9	West	Fredk. labourer	
11	James	Mrs. T. (return)	
12	Sheppard	Mrs.	
10	Whitney	Hy. F. carpentr	
8	Hunt	Wm. J. eng. driver	
6	Cornish	Arthur Ernest	
4	Owen	Wm. J. butcher	
2	Horton	Abe. fishmonger	
	Francis Street, E 5		
	From 10 Alma-st. to Lewis-st.		
	[LEFT HAND SIDE.]		
1	Morgan	John B.	
2	Burston	Francis George	
3	Collins	Nicholas, weighman	
4	Collins	William labourer	
5	Tadman	Rd. H. waterman	
	Jewish Synagogue (return)	
6	Bowen	Frank, fitter	
7	Davies	Mrs. Jane	
8	Knight	Geo. H. coal mer.	
9	Jones	Miss T.	
	Friars Road, D 5		
	123 Stow-hill to Belle Vue park	
	3	Baker	George, Henbury villa	
4	Wilkes	Miss Emily	
5	Clast	William, gardener	
6	Tbble	Miss	
7	Watts	Mrs. E. H., The Friars here is Belle Vue-park.	
8	Downer	Alfred, gardener	
	Holmes	Chas. coachman	
	437	
Fri
NEWPORT STREET DIRECTORY.
Geo
Friars Chambers.
Friars-street.
Friars Street, D 4
From 34 Commercial-street.
2	Eames	Frank	engraver		
4	Void		-		
6	A.B.C. Billposting Co. Ltd.			Billposting Co. Ltd.	
8	Void		-		
10	Void		-		
12	Heybyrne & Brown	insur-	Heybyrne & Brown	
	ance brokers	etc.		
	Mon. and S. Wales P.B.		Mon. and S. Wales P.B.	
	Building Society		Building Society	
	here is Dock-street.		
16	Water Works Insp. office		Water Works Insp. office	
18	Water Works yard		Water Works yard	
20	Groves F. T.	inspector		
22	Huntley	Simeon		
24	Sanitary yard		Sanitary yard	
26	Weights & Measures and		Weights & Measures and	
	Gas Meter office		
Fulford's Cottages, D3
Nos. 23-7 Victoria-avenue.
Gaer Street, D 6
From foot of Waterloo-road.
[LEFT HAND SIDE.]
1	Williams	Alfd.	signalman		
3	Tew	Hy.	engine driver		
5	Watkins	Hy.	labourer		
7	Evans	John	labourer		
9	Davies	Thomas	trimmer		
11	Davies	Wm. jun.	trimmer		
13	Pugh	Miss L.	grocer		
	(return)		
10	Collings	W. N.	clerk		
8	Williams	David	moulder		
6	Shingler	George	stoker		
4	Davies	William	G.W.R.		
2	Mitchell	Rd.	plumber		
Gaskell Street, E 3
Right-hand side Corporation-road.
[LEFT HAND SIDE.]
1	Church	Henry	hawker		
3	Payne	Thomas		
5	Lawrence	Thos.	Henry		
7	Dowen	Enoch	shearer		
9	Harris	Thomas	ironwrkr	
11	Morgan	John	Ed.ironwkr	
	here is Portskewett-street.	
13	Kehmstedt	Mrs. C.		
15	Tudor	W. H.	packer		
17	Millins	Daniel	labourer		
18	Wischer	E. shop			
19	Griffiths(Caleb & Joshua)		Griffiths(Caleb & Joshua)	
	& Co. clothing manu-		& Co. clothing manu-	
	facturers		
22	Morris	James	stableman		
23	Sullivan	William	lab	
24	Wilson	Mrs. Margaret		
25	Pollard	Thomas	trimmer	
26	Watkins	Edwin	shop		
	here is Dock-street.		
27	Neill	James	rigger		
28	Traynor	Miss F.	shop		
29	Hawkins	Mrs. Jane		
30	Davies	Mrs. Cecilia		
31	Reynolds	Mrs. Eliza		
32	Miller	Wm.	oil dealer		
33	Dando	Alfred	mason		
34	Raines	James	shopkeeper	
	here is Granville-square.		
36	Traynor	Miss Florence		
37	Wills	Arthur	smith		
38	Wells	J. L.	fitter's helper	
39	Hockridge	John		
40	Jenkins	A.	grocer and	
	baker		
42	Morgan	J. H.		
43	Rich	Thos.	S. labourer	
44	Upton	Reginald	mason	
45	Ford	Mrs.		
	here is Granville-lane.		
46	Jones	Wm.	Alfd. helper	
47	Void		-		
48	Fitzgerald	John	labr	
	(return)		
	here is Dock-street.		
49	Whistou	Mrs. K. brdng h	Whistou Mrs. K. brdng h	
50	Jesseman & Co.	india		Jesseman & Co.	
	rubber manufacturers		
51	Downey	James	labourer		
52	Newman	Chas.	haulier		
53	Mahoney	J.	coal trimmer	
54	Andrews	John	labourer		
55	Hourihane	John	labr	
56	Simmonds	Geo. S.		
57	Mahoney	Timothy	labr	
58	Baldwin	Henry		
59	Tanner	Alfred	platelayer	
60	Newberry	Wm.	coal trmr	
61	Barkus	Walter	engineerj	
62	Wilcox	Thos.	labourer	
63	Thomas	Thos.	shopkeeper	
	here is New Ruperra-street.		
64	Watkins	W.	shopkeeper	
65	Weston	John		
66	Maggs	Henry		
67	Smith	Henry	diver		
68	Richards	Daniel	smith	
69	Shaw	Mrs. Alice		
70	Evans	Robt.	H. labourer	
71	Snellgrove	Henry	labr	
72	Nicholls	Danl.		
73	Robinson	Wm.	labourer	
74	Paradise	John		
75	Richards	Wm.	trimmer	
76	Lee	Arthur	haulier		
77	Couppey	Mrs. Clara		
78	Pearcheno	John		
79	Sweeney	Dennis		
Geo	80	Owen	James	labourer		
	81	Clissett	John	furntr dlr		
	82	Void			
	82a	Fellowes	J.	bootmaker		
GIBBS ROAD, E 2			
From Beechwood-road. to			
Christchurch-road.			
[LEFT HAND SIDE.]			
1	Wixcey	W. J.,	Hillside		
3	Adams	J. H.,	Brynterion		
5	Morris	Wm.,	Ellesmere		
7	Knight	Miss,	Lendale		
9	Cooper	Geo. H.,	Chatfield		
11	Hipkins	C. J.,	Fairfield		
13	Motow	Bert			
15	Monkley	Chas.,	Belle Vue		
17	Welsh	Mrs. L. A.,	St. Arvans		
19	Phillips	A.,	St. Brides		
21	Jeremiah	Geo.,	St. Neots		
23	Morgan	M. C.,	St. Clears		
25	Andrews	Geo.,	St. Athans		
27	Davies	Kenvyn	Griffith,		
	Jesmond	Dene		
29	Beech	H. A.,	Ivy Dene		
31	Culverwell	E. J.,	Mt. view		
33	Kyd	George,	Oakhurst		
35	Morgan	Wm.,	Dalehurst		
37	Wright	Peter,	Hilcrest		
39	Spear	A. J.,	Southview		
41	Slater	Mrs. E. M.,	Rothesay		
43	Morgan	Mrs. S.,	Ash villa,		
45	Baker	Ernest	J.,	Oak view		
47	Williams	Wm.,	Huscote		
	Parnall	Mrs.	E. M.,		
	Normanhurst			
	(return)			
Frowen	James,	Myrtle cot		
Johnson	Thos.,	Tenby cot		
Anderson	Jas.,	Westview		
here is Whitestone-road.			
here is Diana-street.			
Rees	J. H.	shop		
Beechwood	villa-void		
Hubbard	Hbt.,	The Garn		
Edwards	Arch.	R.,	Laurel		
Corsley-void			
Shepherd	A. J.,	Raskelf		
Wm.	Richens,	Sea view		
Park	view-void			
Chapman	F. C.,	Brooklyn		
Evans	Mrs. P.,	Broughton		
	Williams	C.,	Kenilworth		
	Vacant	sites		
	Bell	J. C.,	Cora Linn		
	Pugh	N. A.		
	Skidmore	B.,	St. Kilda		
	Thomas	Rev. D.,	Sunfield		
	Paterson	Jas.,	Cwmdu		
	Fady	Frank,	The Dingle		
	here is Carey-road.			
	Ingleside-void		
	Johns	W. H.,	Cotemore		
	Bundarra-void		
	Everson	F. W.,	Shireland		
	Clarke	Lewis	A.,	Kenmur		
	Felton	A. H.,	Iona house		
Glass Works Cottages, B 4			
From Albany-street.			
1	Stead	Joseph,	glass works		
2	Rawlinson	J.		do.
3	Fouweather	J.		do.
4	Pearson	Thos.		do.
5	Steel	Thos.		do.
6	Ware	Alfred		do.
7	Purnell	Oliver		do.
8	Thompson	H. B.		do.
9	Saunders	A.		do.
10	Holder	James		do.
11	Larcombe	F.	bottlemaker	
12	Hadley	Frank,	glass works	
13	Marshall	Robert		do.
14	Hadley	George		do.
15	Davies	William		do.
16	Williams	Robert,	fitter	
17	Taylor	Wm.	Wm. glass works	
18	Powell	Thomas		do.
19	Hutchinson	W.		do.
20	Waddington	Jas.		do.
21	Parkin	James		do.
22	Power	Frederick		do.
23	Fouweather	E.		do.
24	Bywater	Joseph		do.
25	Sheppard	John		do.
	Adamson	Jas.,	Arnsbrae	ho	
	(return)			
	Vincent	George,	haulier		
	Warry	Benj.	labourer		
	Phillips	Henry,	labourer		
	Hughes	John,	ironworker		
	Tomlinson	J.	slateworker	
	Dyer	Henry,	labourer		
	Hughes	Mrs.	Mary	
	Frampton	George,	engine	
	fitter		
	Page	Jas. Wm.	painter	
	Williams	Arthur,	labourer	
	Small	George,	mason	
	Gosnew	Thomas		
	Hughes	Jacob,	ironworkr	
	Gallivan	Jeremiah		
	Cox	Thomas,	platelayer	
	Kelson	Albert,	seaman	
	Brown	W. C.	carman	
	Dyer	James,	labourer	
	Bartlett	Fred,	labourer	
	Baker	Mrs.		
	Nelson	Wm.	carpenter	
Gloucester Chambers			
See 33	High-street.		
Glos’ter Place, C 3			
From 1	Church-road.		
1	Clements	J. eng.	driver	
2	Edmunds	John,	gardener	
3	Smale	William,	labourer	
4	King	Edwin,	moulder	
5	Williams	Albert,	haulier	
6	Jenkins	Augustus		
7	Sambrook	William		
8	Coles	Ernest	W. carpenter	
9	Banks	D. J.		
10	Wright	Robt	hairdresser	
	439		
For Carpet Beating and Cleaning			
Glo
NEWPORT STREET DIRECTORY.
Glo
Goo
Glo’ster Street, C 3
From Junction-rd. to Schools
1 Orpin C. W. bricklayer
2 Rowe Thos. shoemaker
3 Savager William, mason
4 Fletcher Edward, hawker
5 Maisey William, labourer
(return)
10 Wilton Charles
11 Richards Mrs. Ellen
12 Davies George
13 Gibbs Abt. furnace man
Godfrey Road, C 5
From Bridge-st. to Fields-rd.
[LEFT HAND SIDE.]
1 Void
2 Williams Mrs. Catherine
3 Jones Griffith J., Barfield
4 Kenward J., gardener
5 James Mrs. A., Elsinore
6 Brewer Mrs. E., Homewood
7 Maggs A. G., Sidmouth h
8 Jones, Geo.S., Annesley h
9 Crouch John E., Ivydale
10 Cook Mrs. A., Schubert h
Cook Miss Ethel, R.A.M.
11 Baker Wm., Sunnydale
here is Faulkner-road.
12 Morgan O. W. physician
and surgeon, Ventnor h
13 Nancekievill E. J., Brook-
lea
14 Emery Walter, Lyndale
15 Healey Mrs.G., Dagenham
16 Jones T. Baker, Ashleigh h
17 Joyce Douglas, Glen-
dorgal
18 Davies Mrs. A., Courtway
19 Williams C., Brynhyfryd
20 Blackborow F., Glendo'r
21 Ash Michael, Laurels
22 Jones Mansel
23 Llewellyn Isaac, 1 St.
Mark's view
24 Hayes Mrs. A. E., 2 St.
Mark's view
25 Evans Henry Chalinder,
Bryn-tirion
26 Cooke E., The Uplands
27 Jones J. Howard, M.D.,
Hafod
28 Campbell W.C.,Corwen v
29 Willey E. H., The Lea
30 Caldicot Mrs.R., 1 St. Ia v
31 Willis Charles A., 2 do.
440
32 Evans Mrs. H. W., Enville h
(return)
33 Skyrme H. A. T., The 13
Chase
34 Heybyrne F. J., Fern Glen 15
35 Crowther Hy., Hillsdean 19
36 Evans E. W., Garthlyn 21
23
Gold Tops, C 5
25
From Mill-street.
27
[LEFT HAND SIDE.]
29
1 Smith Albert, Bell Vue
31
2 Bishop H. C., Heber villa 33
3 Perman E., Garfield
35
4 Camborne villa—void
37
5 Farr C. F.
39
6 Sandhurst—void
41
here is Serpentine-road.
43
St. Mark's Church
45
7 Lister Canon T. Ll., M.A., 47
St. Mark's Vicarage
49
8 Bond Mrs. R., Scudamore v 51
9 Geen Mrs. W. R., Clarent's 53
10 Williams W.H., The Bryn 55
(return)
57
11 Coulman E., Ivor house 59
12 Geen George, Lismore
61
13 White Mrs. H., Derwent 63
14 Dutfield Miss E., Oak v
65
15 Moses John, J.P., Clyde v 67
16 Stewart and Law, Misses, 69
Ladies' coll., Bryn Tegid 71
17 Mitchell A. C., Chester h 73
18 Gratte C.B.,phys.& surg., 75
St. Aubyn's
77
19 Greer W. J. surgeon
79
20 Pritchard John, Melrose v 81
21 Mawson A., Greencourt v 83
22 Phillips C., Rhoswen villa 85
23 Taylor E. G., Brynaur v 87
24 White W. A., Rosehill
89
Tredegar Estate Offices—
91
G. P. Mitchell Innes, agt. 93
J. F. Groves, architect to 95
Tredegar Estate
97
99
Goodrich Crescent, B4 101
(FORMERLY ROSS AND GOOD-103
RICH STREETS.)
[LEFT HAND SIDE.]
From 43 Malpas-road.
1 Hamber William T.
3 Donovan John, eng. drvr
5 Edwards Chas.A.traveller
7 Moore Alfred J. bricklayr
9 Hill James, gardener
11 Marchant George
13 Joseph William Henry
15 Griffiths Wm. cooper
17 Yates Wm. Alfred, G.W.R.
19 Francis John Hy. agent
21 Milford Geo. compositor
23 Williams Philip F.
25 Clutterbuck Jos. postman
27 Squance W. J. R.
29 Bailey Albert T. P.O.
31 Brown Chas. signalman
33 Smith Thomas, mechanic
35 Powell James, police
37 Hill Thos. Wm. enginedvr
39 Dockings Hy. upholsterer
41 Williams Thomas, mason
43 Hooper Jeffrey
45 Richards Edwin, guard
47 Cooper John Hy. G.W.R.
49 McCarthy Arth. fdryman
51 Hayman —
53 Brown J. H. fitter's helper
55 Vaughan David, fitter
57 Moeller J.berthing master
59 Jobbins John, boatman
61 Lloyd Sid. A. engineer
63 Mackie William
65 Brooks Wm. linesman
67 Bennetts Thos. eng. drvr
69 Bishop Thomas J.
70 Slade Jas. A. eng. driver
71 Bennetts Ed. carpenter
72 Slade Mark. police
73 Venning Arth. carpenter
75 Faulkes Mark. T. eng. drvr
77 Griffiths Ed. T. eng. drvr
79 Cole Tom, carpenter
81 Purnall Wm. J. G.W.R.
83 Chappell Mrs. E.
85 Evans Cecil J.
87 Smith G. F. guard
89 Jenkins Thos. dk police
91 Workman H. J. gas wkr
93 Lancaster T. bottlemaker
95 Morrish H. E. baker
97 Young Fredk. Ed. guard
99 Phillips Major S. police
101 Caldicot Edmd. police
103 Wust Henry, ins. agent
105 Hadley J. H. coal mer.
107 Cotterill Rd. H. police
109 Morris Thos. haulier
111 Evans A. G.
113 Charles F. E. B. gas wkr
115 Evans Bert. J. G.W.R.
117 Brewer John, miller
119 Fortune Frank, plumber
The Newport Steam Laundry Co., Bath Street
Goo
121	Mrs. H.	Miles			
123	L.	Prosser	ballast guard		
125	Charles,	Bradbeer	labr		
127	John, glass	Knight	wkr		
128	George,	Lane	G.W.R.		
131	John,	Evans	labourer		
133	Arthur,	Evans	platelayr		
		( return )		
36	Isaac	English			
34	Charles,	Andrews	haulier		
32	Norman,	Davies	reporter		
30	Edwin,	Davies	porter		
28	W.	Kovachich	blacksmith		
26	John H.	Hayman	cellarmn		
24	Edward,	Norman	currier		
22	James,	Lively	gardener		
20	Hubert,	Wood	steelwkr		
18	Thomas,	Creamer	G.W.R.		
16	Frederick,	Gooch	labr		
14	Chas. O.	Tucker	G.W.R.		
12	Chas. E.	Gearon	eng. fitter		
10	Arth. C.	Phillips	ironwkr		
8	Patk. J.	O'Leary	wiremn		
6	G. E.	Power	ironworker		
4	Geo. fitter's	Hatcher	hlpr		
2	Rev. H. C.	Burrowes			
Gordon Street, D 3			
		From Wharf-road.		
		[RIGHT SIDE.]		
1	Hy. baker,	Popham	etc.		
		Griffiths Miss A.	grocer		
2	Jas. E.	Overed	labourer		
3	William,	Jones	painter		
4	A. W.	Tanner	fireman		
5	John Hy.	Adlam	baker		
6	John,	Hodge	labourer		
7	Mrs. G.	Beadle			
8	Withycombe	R.	labourer		
9	Wm.	Miles	labourer		
10	Henry,	Warner	labourer		
16	Chas.	Hartwell	clerk		
17	Chas.	Edwards	bridgemn		
11	Chas.	Walkley	scavenger		
12	Fred,	Fowler	stable helper		
13	Richard,	Johnsey	labr		
14	Henry,	Widdows	driver		
15	Charles,	Hill	bricklayer		
18	Chas.	Peterson	ironwkr		
19	John,	Hodge	labourer		
20	William,	Jones	shop		
		here is Halstead-street.		
21	Wm. Hy.	Price	ironwkr		
22	John,	Brady	ironworker		
23	Mrs. B.	Cavill			
24	Wm.	Tucker	labourer		
DD			
35	Hendrickson	R.	seaman		
26	Richard,	Hobbs	labourer		
27	Oliver	Needs			
38	Mrs.	Hunt	Eliza		
29	John,	Edwards	ironwkr		
30	John,	Edwards	ironwkr		
31	Edward,	Burgess	labr		
32	William,	Price	labourer		
33	C. W.	Akehurst	carpntr		
34	Percival,	Slade	painter		
35	Charles,	Jackson	ironwkr		
		( return )		
		MISSION HALL		
37	Edward,	Burrows	labr		
38	Ralph,	Wilmot	labourer		
39	Richard	Brend			
40	Wm. Hy.	Stevens	labr		
41	Edward,	Hill	mason		
42	James,	Wilkins	labourer		
43	Wm.	Williams	haulier		
		here is Halstead-street.		
44	Wm.	Jones	painter		
45	David,	Brown	butcher		
46	Chas. H.	Bynon	bricklyr		
47	Chas.	McMillan	ironwkr		
48	Walter R.	Ponting	labr		
49	James,	Power	labourer		
50	Wm. G.	Burrows	W.R.		
51	Thos.	Allen	ironworker		
52	Kit	Kit	gas worker		
53	Walter Hy.	Haskins	G.W.R.		
54	Wm.	Wood	ironworker		
55	Jno.	Nethercott	motormn		
56	Wm.	Warner	labourer		
57	Robert,	Bigwood	labr		
58	Ed.	Naylor	hawker		
59	Stephen,	Hibbard	platelr		
60	Edred E.	Grant	butcher		
Gore Street, C 3			
		From 7 Usk-street (Off Bath-		
		street), Caerleon-road.		
		[LEFT HAND SIDE.]		
1	Wm. Geo.	Curnuck			
2	Wm. G.	Jones	W.R.		
3	Ernest,	Kemery	fireman		
4	Geo. Hy.	Hunt	fireman		
5	George,	Brown	fitter		
6	John,	Williams	G.W.R.		
		( return )		
22	James,	Evans	smith		
20	W.	Huntley	wheelwright		
18	Henry,	Bull	fitter		
16	A. C.	Millership	tinwkrr		
14	George,	Webb	decora to		
12	Chas.	Lacey	bricklayer		
Gra			
10	Arthur,	Hill	warehousmn		
8	E. C.	Turner			
6	Ebenezer,	Williams	crptr		
4	Fredk.	Mills	painter		
2	John,	Grainger	ironwrkr		
Grafton Road, C 4			
		Rodney-rd. to Corporation-rd.		
		[LEFT HAND SIDE.]		
42	A. T.	Richmond			
40	Chas.	Gray	R. printer		
38	Dd.	Trask	wagon repairer		
36	Richard	Thomas			
34	Mrs.	Deskea	Mary		
32	Edward	Frowd			
30	Edward	Edwards			
28	Fredk.	Bowen			
26	A. G.	Frowd			
24	Ernest	Hill			
23	John	Macey			
20	Abraham,	Harris	tailor		
18	Arthur	Harris			
16	Mrs. Matilda	Woodcock			
14	Alfred,	Smith	carpenter		
12	Mrs. J.	Rees			
10	E. E.	Silverthorne	ins.agt		
8	Arthur,	Jones	vet. surgn		
6	Mrs. W.	Phillips			
4	Wm. F.	Gatchell	M.		
2	Mrs.	Rowland			
		here is Corporation-road.		
		( return )		
1	Wm. J.,	Baker	Grafton h		
2	Wm.,	Boswell	Capstone h		
3	Edw.,	Morgan	Strathmore		
4	M. E.,	Pring	engineer		
5	John,	Morgan	builder		
6	Thomas Hy.	Cox	J.		
7	Joseph,	Pool	engineer		
15	Herbt. V.,	Macey	St. Ives		
17	J.,	Johns	engineer, Enid h		
		here is Beresford-road.		
Graham Street, D 5			
		From 8a St. Woolos-road.		
		[RIGHT HAND SIDE.]		
1	Edwin	Burridge			
2	Mrs. Annie	Hart			
3	Chas.	Priest	shoeing smth		
4	John,	Webb	checker		
5	Thos.	Tudball	haulier		
6	Ed. C.	Mullins	ironworkr		
7	Walter,	Bird	hoistman		
8	Alfred J.	Oliver	tinsmith		
9	H.	Stockwell	gasfitter		
10	Fred. W.	Carr	baker		
441		
	Buy all your Glass from the Glass King, 48 Bridge Street.		
Gra	NEWPORT STREET DIRECTORY.	-	-	-	-
-	Graham-street—continued	-	-	-	-
11	Ebsworth	Chas. eng. drvr	-	-	-
12	Wilson	William, fitter	-	-	-
13	Dally	T. W. G.W.R.	-	-	-
14	Russell	Chas. foreman	-	-	-
15	Rossiter	H. G. painter	-	-	-
16	Wiltshire	John, eng. drvr	-	-	-
17	Cherrington	Thomas	-	-	-
18	Christopher	Jas. M.	-	-	-
19	Smart	Geo. goods guard	-	-	-
20	Saffin	J. G. warehousemn	-	-	-
21	Pope	John, labourer	-	-	-
22	Parsons	George James	-	-	-
23	Thomas	Arthur F. P.O.	-	-	-
24	Browning	F. smith	-	-	-
25	Flage	George	-	-	-
26	Dunn	Wm. John, baker	-	-	-
27	Addaway	Wm. labourer	-	-	-
28	Hayward	H. labourer	-	-	-
29	James	Mrs. Ellen	-	-	-
30	Bayliss	James, plasterer	-	-	-
31	Humphreys	Arthur J.	-	-	-
-	(return)	-	-	-	-
32	Evans	Llewellyn, labr	-	-	-
33	Howell	G. A. fitter	-	-	-
34	Morrish	Samuel, labr	-	-	-
35	Jones	Thomas, labourer	-	-	-
36	Higgins	George, assistant	-	-	-
37	Ballinger	Lewis, signalmn	-	-	-
38	Fitzgerald	Wm. gas wrks	-	-	-
39	Dart	Alfred, smith	-	-	-
40	Davies	Edwin, fireman	-	-	-
41	Maney	J. R. labourer	-	-	-
41B	East	Francis	-	-	-
42	Heath	Chas. labourer	-	-	-
42B	Ryan	Mrs. Clara	-	-	-
43	Howell	Mrs. James	-	-	-
44	Parsons	Sanl. plasterer	-	-	-
45	Gillard	John, shunter	-	-	-
46	Weight	Wm. mechanic	-	-	-
47	Eynon	Wm. carpenter	-	-	-
48	Webb	W., French polishr	-	-	-
49	Capel	Henry, uphol-	-	-	-
50	-	sterer	-	-	-	-
-	Granville Square, D 4	-	-	-	-
-	From 34 George-street.	-	-	-	-
-	[LEFT HAND SIDE.]	-	-	-	-
1	Lewis	John, labourer	-	-	-
1	Williams	Rd. billposter	-	-	-
2	Wigmore	Eb. storeman	-	-	-
3	Lyons	Francis J. seaman	-	-	-
4	Price	George, labourer	-	-	-
5	Vick	James, labourer	-	-	-
6	Leonard	Geo. labourer	-	-	-
7	Chapman	Wm. C. labr	-	-	-
8	Haggerty	John, labourer	-	-	-
9	Hourihane	Jas. labourer	-	-	-
10	Thomas	Fred, trimmer	-	-	-
11	Brimble	Robert	-	-	-
12	Howells	Mrs. M.	-	-	-
13	Fotheringham	Charles	-	-	-
14	Teed	Wm. S. seaman	-	-	-
-	here cross over.	-	-	-	-
15	Langdon	John, haulier	-	-	-
16	Carlson	Charles, seaman	-	-	-
17	Crocombe	S. J. labourer	-	-	-
18	Lloyd	Leonard	-	-	-
19	Skuse	Mrs. Mary	-	-	-
20	Richardson	H. labourer	-	-	-
21	Bird	Mrs. Mary Ann	-	-	-
22	Phillips	Henry, labr	-	-	-
-	Granville Street, D 4	-	-	-	-
-	80 Dock-street to Canal-par.	-	-	-	-
-	[LEFT HAND SIDE.]	-	-	-	-
1	Gohr	C. ship carpenter	-	-	-
2	Hart	Michael, trimmer	-	-	-
3	Morgan	Mrs. M. J.	-	-	-
4	Holland	Wm. labourer	-	-	-
5	Evans	Thomas, mariner	-	-	-
6	Hourihane	Jas. Aug. labr	-	-	-
7	Harrison	Chas. labourer	-	-	-
8	Portal	Cornelius	-	-	-
9	Kenchington	C. dealer	-	-	-
10	Sullivan	John, labourer	-	-	-
11	Powell	Wm. labourer	-	-	-
12	Campbell	Angus	-	-	-
13	Gallow	Wm. ostler	-	-	-
-	Warman	H. A. smith	-	-	-
-	and firewood works	-	-	-	-
-	(return)	-	-	-	-
14	Lawson	Thos. labourer	-	-	-
14A	Powell	Michael	-	-	-
15	Telling	Mrs. Margaret	-	-	-
16	Hennah	John H. labr	-	-	-
17	Crump	Thos. labourer	-	-	-
18	Richardson	Mrs. Louisa	-	-	-
19	Foley	Augustine	-	-	-
20	McCarthy	Denis, labr	-	-	-
21	Sullivan	Cor. labourer	-	-	-
22	Young	George, labourer	-	-	-
23	Williams	Hy. labourer	-	-	-
24	Wood	Edward, haulier	-	-	-
25	Rowlands	James, labr	-	-	-
26	Arundel	Wm. crane drvr	-	-	-
27	Edwards	Wm. crane drvr	-	-	-
28	Thomas	Alfred, trimmer	-	-	-
29	Rodregulez	John, seaman	-	-	-
-	Griffin Street, C 4	-	-	-	-
-	From 26A High-street.	-	-	-	-
-	[LEFT HAND SIDE.]	-	-	-	-
1	Shore	George,	-	Wales Luncheon Bar	-
-	-	-	-	Provision Market	-
-	Little	& Co. tailors	-	-	-
-	here is Doek-street,	-	-	-	-
-	(return)	-	-	-	-
2	Strong	& Co. brush mftrs	-	-	-
3	Sheppard	W. H. & J.	-	-	-
-	fruiterers	-	-	-	-
4	Bere	H. grocer	-	-	-
5	Harris	E. E. furnisher	-	-	-
6	Clarke	Geo. salt stores	-	-	-
7	Jones	C., Blucher's Arms	-	-	-
8	Partridge	John, 'Three	-	-	-
-	Salmons	-	-	-	-
9	Rawden	Geo. R., Angel	-	-	-
-	Restaurant	-	-	-	-
10	Sanders	J. F., The	-	-	-
-	Egg Market	-	-	-	-
-	Griffiths Street, C 6	-	-	-	-
-	Penllyne Estate, Risca-road.	-	-	-	-
-	Halstead Street, D 3	-	-	-	-
-	Corporation-rd to Philip-st.	-	-	-	-
-	[LEFT HAND SIDE.]	-	-	-	-
1 to 5	unbuilt	-	-	-	-
7	Cort	B. credit draper	-	-	-
9	Dovey	Chas. ironworker	-	-	-
11	Screen	John, ironworker	-	-	-
13	May	William Henry	-	-	-
15	May	Wm. M. Hy. jr. plumber	-	-	-
17	Wilmott	Chas. labourer	-	-	-
19	Price	Jas. dock labourer	-	-	-
21	Marston	Arthur, ironwkr	-	-	-
23	Selby	Arthur, plasterer	-	-	-
25	Monoghan	John, painter	-	-	-
27	Morgan	W. H. carpenter	-	-	-
29	John	Henry, bricklayer	-	-	-
-	here is Essex-street.	-	-	-	-
31	Fellows	Mrs. M. D. shop.	-	-	-
33	Smith	Wm. tailor	-	-	-
35	Ward	Mrs. E. stocktaker	-	-	-
37	Adams	Wm. ironworker	-	-	-
39	Meadham	Wm. carpenter	-	-	-
41	Davies	Wilfred, eng. drvr	-	-	-
43	Rogers	George, ironwkr	-	-	-
45	Bevan	John, brickmaker	-	-	-
47	Spruce	T. ironworker	-	-	-
49	Hancox	William, haulier	-	-	-
51	Mann	Wm. G.W.R.	-	-	-
51	Hourihane	John, ironwkr	-	-	-
55	Johns	Albert	-	-	-
-	The Glass King's Address is 48 Bridge Street, Newport.	-	-	-	-
Hal
57	Bell	Harry	haulier	market	
	here is Gordon-street.		market	
59	Moore	John		market	
61	Pirouet	Clement	F. J. lab	market	
63	Evans	George	labourer	market	
	(return)		market	
76	Spencer	Alfred	Thomas	market	
74	Bailey	Charles	labourer	market	
72	Olpson	Charles	ironwrkr	market	
70	Trevise	Geo. Fredk. lab	market	
68	Attwood	A. E. sheetwghr	market	
66	Trezise	Geo. Fredk. lab	market	
	here is Gordon-street.		market	
64	Phillips	J. L. sawyer	market	
62	Tidman	F. shop		market	
60	Hawkins	George	ironwrkr	market	
56	Townsend	F. T. G.W.R.	market	
54	Carpenter	A.C.sheetwhgr	market	
52	Jones	John	G.W.R.	market	
50	Smith	Hy. watchman	market	
48	Sherrand	Wm. teacher	market	
46	Bunt	John	carpenter	market	
44	Wiseman	Hy.sheetweighr	market	
42	Price	Wm. baker		market	
40	Dyke	John	ironworker	market	
38	Wilson	Chas.laundyman	market	
36	Stephens	Griffith,ironwrkr	market	
34	Salmon	Fredk. watchman	market	
32	Tully	Wm. ironworker	market	
30	Skelding	Walter, G.W.R.	market	
28	Stevens	Edward, shearer	market	
26	Bulpit	Chas. fitter		market	
24	Isitt	Wm. John, sawyer	market	
22	Bettley	Geo. sawyer	market	
20	Evans	Mrs. Fanny		market	
18	Hurford	Ed. J.		market	
16	Jones	Thomas, shearer	market	
14	Haynes	A. W. electrician	market	
12	Wheeler	John, annealer	market	
10	Smith	Chas. A. painter	market	
8	Perry	Thos. police insptr	market	
6	Lowdnes	A. L. mill wrkr	market	
4	Welsh	Thos. ironworker	market	
2	Bendall	Wm. S. driver	market	
NEWPORT STREET DIRECTORY.		market	
15	Cousens	Mrs. A.		market	
17	Void		market	
19	McLoughlin	John		market	
21	Milner	James	F. ironwrkr	market	
23	Payne	James, ironworker	market	
25	Griffiths	John, ironwrkr	market	
27	George	Ernest, ironwrkr	market	
29	Jenkins	Thos. ironworker	market	
31	Singleton	E. ironworker	market	
33	Proctor	Edwin, ironwrkr	market	
	(return)		market	
41	Building		market	
46	Building		market	
44	Henwood	Wm. ironworkr	market	
42	Attewell	Edwin		market	
40	Jones	Morgan, labourer	market	
38	Johnson	Lewis, ironwrkr	market	
36	Woolley	Wm. ironworker	market	
34	Griffiths	D. ironworker	market	
32	Baugh	Fredk. ironworker	market	
30	London	G. W. ironworkr	market	
28	Spicer	Mrs. Emma		market	
26	Murphy	Peter, ironworkr	market	
24	Turner	Mrs. A.		market	
22	Turner	Joseph		market	
20	Richards	Thos. ironwrkr	market	
18	Walker	Thomas, ironwrkr	market	
16	McAtee	Jas. dock labourer	market	
14	Rogers	Wm. ironworker	market	
12	Gough	William, labourer	market	
10	Sockett	Joseph		market	
8	Barton	William		market	
6	Jones	George, ironworker	market	
4	Sockett	Sylvanus		market	
2	Wood	Sydney, ironworkr	market	
Hamilton Street, E 24		market	
OFF CORPORATION-ROAD.		market	
[LEFT HAND SIDE.]		market	
1	Anthony	W. H. tailor		market	
3	Bourne	George, ironwrkr	market	
5	Barklam	Wm.T.ironwrkr	market	
7	Ward	Wm. J. ironworker	market	
9	Satchell	Alfred	James	market	
11	Newell	John, ironworker	market	
13	Aston	Edward, ironwrkr	market	
1st Floor.		market	
Inland	Revenue Offices		market	
Surveyor	of Taxes		market	
Supervisor	of Taxes and officers		market	
2nd Floor.		market	
The General	Accident (Fire and Life) Assurance Corporation, Ltd. Newport & District Branch	Office, Nat.	Tel. 878.	market	
Beeston	W. J. (10-11) Collector of Government Taxes for Maindee and Christchurch; assistant overseer	for Christchurch and St. Woolos; clerk to Christchurch and St. Woolos Parish Councils. Nat. Tel. 878.	market	
Page (Ernest)	& Lister, architects, surveyors & valuers	market	
Joyce	Ernest & Co., Ltd. stationers		market	
Harrow Road, D 3		market	
From 70 Chepstow-road to Corporation-road.		market	
[LEFT HAND SIDE.]		market	
Morgan	Stephen, Oak vil		market	
Farrow	J. H., Mon. Abria		market	
50	Ramsdale	Joseph	H.	market	
48	Thomas	Chas.	H.	market	
46	Rowlands	Peter, Ashley h	market	
44	Jones	Albt. E., Belgravia	market	
42	Matthews	Jas., Tranmere	market	
40	Tanchan	Mrs.	Bertha	market	
38	Sharrem	Aug. Edward	market	
36	Pearce	Alf. E., Tregenna	market	
34	Morgan	Mrs.	Jemina, Hazlehurst	market	
	here is Bedford-road.		market	
32	Sevenoaks	Geo., Ivydean	market	
30	Merrix	John		market	
28	Adams	A., Minnett house	market	
26	Evans	R. W.,Treloyhan h	market	
24	Isaacs	Thomas		market	
22	Pugh	W. H., Chelsea h	market	
20	Thomas	W., Homemeade	market	
18	Hankins	E., Lydbrook		market	
16	Moxham	R. L.,Revelstoke	market	
14	Diggory	T. H.		market	
12	Harrington	Mrs. Elizbth.	market	
	here is Rugby-road.		market	
10	Thomas	Hy., Merridale	market	
8	Thomas	John, Monteville	market	
	443		market	
Hampton Street, D 3	market	
Dudley-st. to Walsall-st.	market	
Handsworth St., E 3	market	
Bilston-street to Soho-street.	market	
steam laundry	market	
1	Greenland	James	Edwin	market	
2	Moore	Geo. engine driver	market	
3	Martin	Samuel,ironworker	market	
5	Whiteutt	Albert, do.	market	
6	Void	market	
Hardwick Street, B 3	market	
Off Caerleon-road.	market	
Harry Street, C 5	market	
Cambrian-rd. to Station-st.	market	
CROWN CHAMBERS—	market	
Glass 1½d. per foot from the Glass King.	market	
NEWPORT STREET DIRECTORY.
Har
Harrow-road—continued
6	Keall Francis	Chertsey
4	Gunnell Thos.	Pendennis
2	Morris Abraham
(return)
3	Edwards C.	Walton ho
5	George C. E.	Wellesley
7	Bennett Steph. A.	Tyrone
9	Wright G. T.	Selsdon
11	Lewis Fredk. J.	Pendre
Jordan E. C. & Son
builders' yard
13	Jordan E. C.	St. Audries
15	Evans Wm.
17	Rees John
19	Brown E.
21	Clissitt Cyrus T.
23	Parsons Mark	Dean ho
25	James Rees	Watford
27	Watkins Jas. Wm.	Frome house
29	Hood Mrs. Lavinia
31	Saunders Harold	Grove house
here is Bedford-road.
33	Unbuilt
35	Clode James	Dunkswell
37	Fowles Ed.	Ryecroft
39	Jones John Dl.	Ffynonau
41	Turner Mrs. Caroline
Cranleigh
43	Parfitt F. C.	Seaton ho
45	Creedy C.	tinsmith
5	Quick Mrs. Mary
6	Jones William	labourer
7	Kelly Mrs. Charlotte
8	Williams Thos.	haulier
9	Carter Richd. J.	fireman
10	Donovan William
11	Williams John	butcher
12	Hopkins Mrs. Emma
13	Williams Hy.	labourer
Horlock Albt.	signalman
14	James William	hawker
15	Whittaker A. T.	haulier
16	Johnstone Miss Mary J.
17	Hawkins Robert	painter
18	Forbes William	seaman
19	Morgan Mrs. Emma
20	Thomas Alfd. engine drvr
21	Hallett Mrs.
22	Robbins J. C.	ins. agent
23	Bees Miss Louisa
24	Hogan R. J.	labourer
25	Jarvis EdwD. J.	carpenter
26	Derrick Henry	haulier
27	Phillips —
28	Pinnell Albert	labourer
29	Bush Francis	moulder
30	Cromwell Mrs. Sydney
31	Chapman Richard	sweep
32	Fidler Edwin	photogra'r
33	Simmonds Mrs. H.
34	Jennings Wm.	labourer
35	Phelps William
36	Coleman Wm.	gasfitter
here is Evans-street.
Havelock Street, D 4	37	Creswell Geo. G.W.R.
58	Stow-hill to North-street.	38	Doyle Thos.	gas works
1	Daley Wm.	labourer	39	Clarke Geo. engine driver
2	Patterson Charles	fitter	40	Stack Michael	labourer
3	Viner Henry A.	41	Townsend Ernest	lab
4	Wheelan Mrs. shopkeeper	42	Thomas Jonathan	butchr
PRESBYTERIAN CHAPEL	43	James David	bricklayer
44	Thomas Edwin	labourer
Hawarden Road.	45	Morton George
Off Chepstow-road (Cross	46	Cox Mrs. Mary
Hands).	47	Porter Chas.	gardener
48	Thomas Geo.	gas works
Hawthorne Avenue.	49	Livermore Roy
Somerton Garden Estate.	50	Rogers Arthur	pipe makr
51	Perkins J.	grease maker
Henry Street, C 4	52	Lloyd Thos.	brewery hand
From Wyndham-st., Marshes	53	Jukes William
[LEFT HAND SIDE.]	54	Smith Chas. W.
1	Morgan Charles	painter	55	Evans Wm.	labourer
2	Marney Dennis	haulier	56	Williams Wm. Hy.	groom
3	Taylor Mrs. Lavinia	57	Francis Hezekiah	erptr
4	Hemmings John	(return)
59	Lyons Jas. Hy.	haulier
60	Fincher Jos.	labourer
61	Rossiter Frank	labourer
62	Lee Anthony	labourer
63	Blakemore Wm. Henry
64	Mulholland John	lab
65	Davies Morgan	plasterer
66	Cox Wm. Jas.	labourer
67	Sydney George	stoker
68	Evans Wm.	labourer
69	Rushmore Jos. W.
70	Sydney Geo.	stoker
71	Bartlett Walter	smith
72	King Joseph	carter
73	Payne John	smith
74	Williams Edward	mason
75	Church Geo.	labourer
76	Finnegan Rd.	mason
77	Doggett F. J.	printer
78	Norvill Albert J.	labr
here is Evans-street.
79	Holley Elizabeth
80	Larcombe J. D.	glass wks
81	Hersey Wm.	labourer
82	Hopkins Orestes
83	Rowe Albert	mechanic
84	Coombs Hy.	carpenter
85	Rees Edward	puddler
86	Wonfor Geo. E.
87	Jones Thomas J.	smith
88	Rees Thos.	engine driver
89	Knight Wm. Hy.	plasterer
90	Wetter Alfred	shop
91	Niblett Mrs. Elizabeth
92	Wall Chas.	labourer
93	Ellaway Thos. N.	labr
94	Martin W. W.	plasterer
95	Thomas Dd.	painter
96	Roach Wm. Chas.	comv.
97	Couch Joseph	labourer
98	Longville Samuel
99	Coombes Robert	labourer
100	Wainwright John	lab.
101	Gilbert E. L.	tinman
102	Collins Hy. Geo.	smith
103	Parker Robert	linesman
104	Sheaf William	labourer
105	Baldwin H. K.	moulder
106	Grant Miss M.	shop
Herbert Street, D 5
Cardiff-road to Alma-street.
[LEFT HAND SIDE.]
1	Walters John P.
2	Ferris Dennis	eng. driver
3	Dunn Mrs. A. L.
The Glass King's Address is 48 Bridge Street, Newport.
NEWPORT STREET DIRECTORY.
Hew
Her
4	Evans	Mrs. H.		
5	Davidson	Wm. E.		
6	Marsh	T.	carpenter	
7	Phillips	Wm.	guard	
8	Stevens	Mrs. Maria A.		
9	Stevens	Wm.	smith	
10	Clissitt	Cyrus	cabinetmkr
11	Reed	Albert E.		
12	Garland	C. H.	dairyman	
13	Taylor	H. G.	joiner	
14	Jones	John	Oliver	
here is Mountjoy-road.		
15	Rosser	Thomas	coach builder, Scrope cottage
(return)		
16	Oddfellows' Hall		
17	Davies	Charles	guard	
GOTHIC VILLAS-		
18	Witheridge	J.	mas. mar.
19	Weeks	Sidney	boilermkr
20	Cook	Mrs.		
21	Harris	James	boilermkr
22	Harmer	Frank	O.	
23	Denham	G. dock	pilot	
24	Rees	Mrs.	Mary	J.	
25	Truscott	William		
26	Ballantyne	Wm.	Edward
27	Plaister	Francis		
28	Brimblecombe	Hy.	carptr
29	Godfrey	Alfred		
30	Maternity Nurses' Home		
31		
32	Phillips	D.	Thorn villa
Hereford Street, C 3
From 61 Chepstow-road to
Church-road.
[LEFT HAND SIDE.]
1	Incledon	John	pointsman
2	Sully	Ernest	haulier	
3	Morgan	Mrs.	Emma	
4	Davies	Mrs.	Elizabeth
5	James	Mrs.	Norah	
6	Blanchard	F. W.	ins. supt
7	Ross	Fred	W.	
8	Rees	Mrs.	Rhoda		
9	Carlson	Chas.	ship carptr
10	Hodge	Edward	dealer	
11	Dowdall	George	seaman	
12	Morris	Hy. J.	carpenter
13	Jenkins	Fredk.	painter	
14	Henry	Thomas	grocer	
here is Manchester-street.		
15	Bridges	Mrs.		
16	Browning	George		
17	Moore	Alfred	dealer	
18	Francis	Mrs.	Emily	
19	Gale	Jas.	ship carpenter
20	Mason	Wm.	E.	traveller
here is Bristol-street.		
21	Davey	Enoch	mason	
22	Warren	Wm.	H.	baker
23	Millichamp	Wm.	traveller
24	Leyson	Mrs.	Ruth	
25	Christopher	D. J.	G.W.R.
St. MATTHEW'S CHURCH		
26	Sidney	Mrs.	M. A.	
27	Faulks	Wm.	labourer	
28	Bullock	Thos.	rubber wks
29	Stephens	Fredk.	haulier
30	Watts	Fredk.	labourer	
here is Bristol-street.		
31	Coles	Fredk.	shunter	
32	Parfitt	Wm. Hy.	guard	
33	Westbury	Albert	labr	
34	Fothergill	Ed.	saddler
35	Wilks	Mrs.	H.		
36	Chambers	Albert	E. labr
here is Manchester and
Liverpool-streets.		
37	Bolton	H. J.	Hereford	
Arms Hotel
38	Howell	Mrs. Mary		
39	Fradd	John	H.	baker
40	Knapman	Thos.	haulier
41	Watkins	Geo.	linesman
42	Perkins	Hubert	grocer
43	Oxenbury	Jas. eng.	drvr
UNITED METHODIST
Church		
here is Exeter-street.		
45	Cox	Mrs.	A.	
46	Cann	Percival	plasterer
47	Perkins	Frank	boot dealr
48	Driver	Sergt.	C.	
49	Harrold	Sergt.	T.	
50	Bottomley	J.	accountant
Salvation Army Barracks		
Hewerton St., C 4		
From Wyndham-st., Marshes		
[LEFT HAND SIDE.]
1	Holorest	Henry	milwrgt
2	Sprudd	Edwd.	labourer
3	Moran	Edward	labourer
4	Miles	Samuel	scavenger
5	Hilson	Hy.	brewery hand
6	Void		
7	Davies	John	labourer	
8	Gowans	Hy. J.	mason	
9	Wytch	William	haulier	
10	Freeman	Geo.	labourer	
11	Watkins	Saml.	labourer	
12	Mullins	John	labourer	
13	Void		
14	Watson	Wm.	cabt. mkr	
15	Palmer	Oliver	labourer	
16	Rowlands	Martin	lab	
17	Moseley	John	haulier	
18	Prothero	William	A.	
19	Wood	John	Hy.	labourer
20	Hobbs	Emanuel		
21	Hopkins	Wm.	labourer	
22	Reid	Wm. R.	labourer	
23	Brettel	John	mason	
24	Gould	Edward	labourer	
25	Wiltshire	Albert	G.	
26	Burnell	John	clerk	
27	Button	John	labourer	
28	Vickery	Wm.	labourer	
29	Bryan	Edward	labourer	
30	Holland	Wm.	labourer	
31	Norvill	Wm. H.	labourer	
32	Simmonds	Thomas		
33	Thomas	Jonathan	seaman
34	Upton	Chas.	labourer	
35	Reed	Edwin	George	
36	Hughes	Fred.	W.	labr
SHAFTESBURY STREET		
Schools		
(return)		
48	Lockyear	Mrs.	Ellen	
49	Gould	Thomas		
50	Naish	Alfred		
51	Morris	Wm.	Hy.	labr
52	Price	Mrs.	Kate		
53	Smith	John	carpenter
54	Denahay	Jas.	labourer	
55	Lawrence	Daniel		
56	Fry	John	labourer	
57	Burrup	Mrs.	M.	J.	
58	Jennings	Edmund		
59	Francis	Wm.	labourer
60	Bailey	James		
61	Williams	Mrs.	Fanny	
62	McNamara	Wm.	labourer
63	Haines	Frederick		
64	Toms	Edwin	engine drvr
65	Hicks	Mrs. Kate		
66	Cromwell	John	labourer
67	Smith	Henry	haulier	
68	Bailey	James	haulier	
69	Kelly	Joseph	labourer	
here is Evans-street.		
445
Buy your Glass from Trace, the Glass King.
NEWPORT STREET DIRECTORY
83	E. W.	Taylor	outfitter	Taylor & Son	
84	Robert	Jordan	mining engineers	Jordan Robert & Son	
	Samuel H.E.	watchmkr		Samuel H.E. watchmkr	
		Butter Creams Ltd.		Butter Creams Ltd.	
21	Derrett J., Old Ship	here is Market-street.	W. H. Shute	architect and surveyor, and at Risca	here is Market-street.	
	W. H.	Shute	architect and surveyor, and at Risca	National Benefit Trust Ltd.	
	National Benefit	Trust Ltd.		Western Navigation Coal Company—R. P. Killmister, manager	
	Western Navigation	Coal Company—R. P. Killmister, manager		London and Manchester Industrial Assurance Co. Ltd.—H. B. Hawkes, superintendent	
	London and Manchester	Industrial Assurance Co. Ltd.—H. B. Hawkes, superintendent		Goldsworthy A. W. solicitor	
	Goldsworthy A. W.	solicitor		Esdaile A. J. optician and surveying instrument maker	
22A	Esdaile A. J.	optician and surveying instrument maker		Samuel H. jeweller, etc.	
23	Samuel H.	jeweller, etc.		Stead & Simpson, Ltd., “National” boot manufacturers	
23A	Stead & Simpson,	Ltd., “National” boot manufacturers		Entrance to the Market.	
	Entrance to the	Market.		Lloyd & Yorath, Ltd. brewers and wine and spirit merchants	
23B	Lloyd & Yorath,	Ltd. brewers and wine and spirit merchants		Hince T. A., Crown Wine Vaults	
24	Evans Wm.	saddler and harness maker		Purser John and Sons, jewellers & watchmakers	
25	Purser John and	Sons, jewellers & watchmakers		Simmonds Alf. hatter, &c.	
26	Simmonds Alf.	hatter, &c.		Samuel H. jeweller	
26A	Samuel H.	jeweller		GRIFFIN CHAMBERS—	
	GRIFFIN	CHAMBERS—		May Joseph & Sons, wholesale clothiers	
	May Joseph & Sons,	wholesale clothiers		here is Griffin-street.	
	here is Griffin-	street.		KELVIN CHAMBERS—	
	KELVIN	CHAMBERS—		Llewellyn & Co. solicitors	
	Llewellyn & Co.	solicitors		Atkins & Co. house agts	
	Atkins & Co.	house agts		Pritchard W. & Co. fancy drapers	
27	Pritchard W. &	Co. fancy drapers		Oliver Geo. boot mfr.—	
27A	Oliver Geo.	boot mfr.—		C. Brew, manager	
28	Hall E. & Sons,	family grocers at store prices, agents for W. & A. Gilbey, and agents for Whitbread's sales and stouts in bottles. Nat. Tel. 275		Hall E. & Sons, family grocers at store prices, agents for W. & A. Gilbey, and agents for Whitbread's sales and stouts in bottles. Nat. Tel. 275	
Hew	Hewertson-st.—continued.		Lovell & Co. confectioners	
70	Elijah	Holly	coal dealer	Lovell & Co. confectioners	
71	Thos.	Young	labourer	Burridge Seaton, ladies' hair & toilet specialist	
72	Joseph	Clark	haulier	Derrett J., Old Ship	
73	Wm.	Roberts	cooper	here is Market-street.	
74	John	Upton	plasterer	W. H. Shute, architect and surveyor, and at Risca	
75	Alfred	Preece	labourer	Western Navigation Coal Company—R. P. Killmister, manager	
76	Wm.	Elliott	labourer	London and Manchester Industrial Assurance Co. Ltd.—H. B. Hawkes, superintendent	
77	Wm.	Merchant	haulier	Goldsworthy A. W. solitr	
78	Mrs. Sarah	Roberts	nah. shop	Esdaile A. J. optician and surveying instrument maker	
79	Michael	Buckley	tailor	Samuel H. jeweller, etc.	
80	Mrs. Ellen	Wookey		Stead & Simpson, Ltd., “National” boot manufacturers	
81	Thos.	Vaughan	labourer		Entrance to the Market.	
82	Amos	Burnell	smith		Lloyd & Yorath, Ltd. brewers and wine and spirit merchants	
83	Wm.	Thompson	fitter		Hince T. A., Crown Wine Vaults	
84	Geo.	Bayliss	labourer		Evans Wm. saddler and harness maker	
85	Mrs. Elizabeth	Wookey		Purser John and Sons, jewellers & watchmakers	
86	Alexander	Anderson		Simmonds Alf. hatter, &c.	
87	David	Morgan		Samuel H. jeweller	
88	Emmanuel	Harris	lab	GRIFFIN CHAMBERS—	
89	Rd.	Richards	haulier	May Joseph & Sons, wholesale clothiers	
90	Edwin	Cromwell		here is Griffin-street.	
91	Geo.	Fox	labourer	KELVIN CHAMBERS—	
92	Geo.	Slater	foundryman	Llewellyn & Co. solicitors	
93	John	Bowden	mason	Atkins & Co. house agts	
94	Wm.	Lewis	haulier	Pritchard W. & Co. fancy drapers	
95	Mrs. Selina	Betts	Oliver Geo. boot mfr.—	
96	Alfred	Kelly	mason	Hall E. & Sons, family grocers at store prices, agents for W. & A. Gilbey, and agents for Whitbread's sales and stouts in bottles. Nat. Tel. 275	
97	Void		
98	Thos.	Bridge	labourer	here is Screw Packet-road and Dock-street.	
99	Joseph	Wren	tile layer	Hayden E. P., Old Green Hotel	
100	Walt.	Bennett	cellarman	James Mrs. S., Bristol Dining Rooms	
101	Joseph	Lewis	G.W.R.	Smith Albert, chemist and surgeon dentist	
102	Edwd.	Hoskins	labr	Dowdall Hy., Great Western Dining Rooms	
103	Wm.	Phillips	labourer	Newport & County Club	
104	John	Meredith	smith	King's Head Hotel—Blackburn & Co. proprtrs	
105	Thos.	Basham	labourer	Carpenters' Arms-lane.	
HIGH STREET, C 4		Dobell John & Co. Ltd., wine and spirit merchants	
[LEFT HAND SIDE.]		Wauters H. confectioner	
From the Bridge to Commercial-street.		Void	
The Floral Hall—M. Jarman, proprietress		Fennell E. & Sons, fishmongers, poulterers, etc.	
78	Shaftesbury	Café	here is Market-Arcade.	
79	Alfred W.	Lewis	ARCADE CHAMBERS—	
	chemists, Medical Hall		Hammer Hy. corn merchant	
80	Singer Sewing Machine Co., Ltd.		Stevens James, auctioneer	
	Howells Harry	H. solicitor		Lewis Frank, solicitor	
	Hand-in-hand Permanent Money Society-O.Harris secretary		Hearts of Oak Insurance Co.	
81	Thos.	Hindley	china dealr		H. W. Hill, manager	
82	G. & C.	Fox	cutlers and opticians		Slade W. Crawford & Co. chartered accountants	
		Scott Robert & Co. boot dlrs	
		Griffiths Harold E. teeth adaptor	
		Freeguard W. E. & Co. stock and share brokers	
		Griffiths Harold, insurance and mortgage broker	
		Dargue, Griffiths & Co. engineers	
12	Evans W. E. & Co., Ltd. bootmakers	
13	S. Wales Argusand Weekly Argus office	
15	Keene Mrs. C.	E. tobacnst		
	Brown A. J.	florist		
16	Dean John	H. tailor		
17	Moses E.,	Bunch of Grapes		
18	Lawlor E.	P. house furnshr		
The Glass King's Address is 48 Bridge Street, Newport.		
NEWPORT STREET DIRECTORY.
Hig	Bland and Sons, "The	(return)	Nat. Provincial Bank,Ltd.		
	Mikado"	-W. G. Davy, manager	Newport & South Wales	
WINCHESTER CHAMBERS-	34	Bowen S. M. tobacconist	Wine & Spirit Co., Ltd.	
Hall Wm. C. solicitor	35	Cordey's Stores, Ltd.	Secretary's office (2)	
Boyal Liver Friendly Scty	35a	S. Wales Tobacco Manu-	Second Floor.	
-H.H. Francis, manager		facturing Co., Ltd.	International Correspon-	
Akers H. engraver	37	Williams Walter H. wine	dence Schools, Ltd. (27)	
29	Jones and Co. hatters,		and spirit merchant	Foreign Language School,	
hosiers, &c.	38	Barter J. & Co. tailors	Berlitz Method (26)	
	Donegal Tweed Co.	King S. J. collector of	
Provident Clothing and		taxes (29)	
Supply Co., Ltd.	EMLYN CHAMBERS-		Third Floor.	
Blackbrow F. coal mer	Pegler W. provision mer.	Morgan Mrs. masseuse	
Baxter Jos. photographer	Barr Bros. photographers 45	Gibbons W.& Co.clotHIERS	
James R. T. coal merchant	Fuller C. & son, artificial	THE NEWPORT ARCADE	
Davies W. G. & Co.whole-		teeth manufacturers	48	Florida W. H. jeweller	
sale grocers & confectnrs	39	Masters & Co. the	Newport & S. S. Wine	
Rowlands J. R.		Newport Clothiers, also	and Spirit Co., Ltd. —	
(late Hews & Rowlands)		Cardiff and Swansea- 46	Jno. Pritchard, manager	
house and estate agent	&	E. Whitsun Jones, mgr.	Jones A. E. boot dealer	
and architect	40	Harrison C. H. teeth 48	Richards J. J. &	
South Wales Equitable		adaptor	Co., Ltd., drapers	
Money Society	-	Sheppard A. E. architect	Watkins Wm. toy dealer	
30	Cash & Co. boot manutrs		and surveyor	49	Dougherty R. T., Grey-	
PEMBROKE CHAMBERS-		Lewis J. photographer	hound Hotel	
Morgan C. dentist	40A	Baker & Manhire,	50	Greenland&Co.stationers	
Minerva Mutual		drapers and milliners	and fancy dealers,Noah's	
Money Society-	41	A. Head, secretary		Ark Corridor	
	Hillman John, house agt	Marks & Spencer Ltd.	
	J. A. Head, secretary		Id. bazaar	
31	Hodges&Sons(clothiers),	QUEEN'S CHAMBERS-		Bibby W. jeweller	
32	Ltd.	41	Habershon, Fawckner &	Ross H. E. hairdresser	
33	United Counties Bank, Ld		Co. architects and sur-	51	Newport Trimming Shop	
GLOUCESTER CHAMBERS-		veyors	-E. H. Cordey	
First Floor.		Maypole Dairy Co. Ltd.	52	Joyce & Sons, booksellers,	
Le Brasseur & Co.solicitrs	42	Oliver G. boot manufac- 52	stationers, printers, &c.	
Moore (Lyndon)& Cooper,	43	turer-G. White, mangr	53	Pennington J. N. confee-	
solicitors	43	Taylor E.G.&Sons, 53	tioner and pastrycook	
Moore W. Lyndon, soli-		drapers, milliners and	54	Carter P. D., Tredegar	
citor, Borough Coroner,		furnishers	Arms Hotel	
Commissioner for Oaths	CARLTON CHAMBERS-		55	Burcham C. H. mercer	
Cooper F.Lyndon,solicitr,		First Floor.	BoodlesLtd. teethadaptprs	
Commissioner for Oaths,	Pillinger Henry J. & Co.,	56	Tredegar Café	
and Deputy Coroner	stock and share brokers 56	entrance to Railway-station	
Baker Wm. registrar of	(3.5-7-9)	58	Savoy Hotel—Bland &	
births and deaths (13-	Thompson Cuthbert F. 58	Sons, proprietors	
14)	mechanical and consult-	59	Burcham C. H. hatter	
Second Floor.	ing engineer (6)	60	GENERAL POST OFFICE	
Chambers Edgar, accoun-	Wagstaff J.H.chiropodist 60	-See Local Informa-	
tant and auditor (17-18)	Jones Geo. & Co. iron and 61	tion	
Thomas W. Calvin, local		metal merchants (11-12) 62	here is Thomas-street.	
manager Scottish Temp.	Reece Chas. financier (13)	CORN EXCHANGE	
Life Assurance Co. Ltd.	Meacock Walter & Co.	EXCHANGE CHAMBERS-	
Third Floor.		chartered accountants	Rees Treharne & Sons,	
Void		(23-24)	civil engineers, etc.	
here is Skinner-street and	Sykes & Glaser, soli-	Rees W. G., F.S.I.	
Commercial-street.		citors (19-22)	Rees Blethyn T., C.E.	
		Waters C. H., accountant	447	
NEWPORT STREET DIRECTORY.
HIG
HIGH-STREET—continued.
63	Davis, Lloyds & Wilson,	solicitors,Coms.forOaths	71	Griffiths & Sons,	tailors, clothiers, &c.
South Mon. Conservative offices—L. Foster Stedman, agent	72	Shaftesbury Temperance	Hotel—Harry Davies
County of Mon. Tariff Reform Federation—L. Foster Stedman, agent	73	Shaftesbury Restaurant
74	Lawrence Bros.	hosiers, house furnishers
64	Void	75	Jay F. & Co.,	complete 76	house furnishers
65	Nelson & Co.,hairdressers and tobacconists	77	Hall John, tool merchant Morris Wm., ltd.,collieries proprietors
66	Davies & Sons (Newport), Ltd.,	tailors, hosiers, &c.
67		
68		
KING'S CHAMBERS—(1st Floor)	Hardwick Colliery Co., Ltd.—Wm. Morris, agt
Davies G. H. Oakley, solicitor (9-10)	Patent Block Tar, Motor Oil & Asphalt Co., Ltd.
Pain J. D. & Son, solicitors and notary public, Commissioners for Oaths (3-6)	National Free Homes Association, Ltd.
Pain Wyndham C.	Newport Castle
Davies' Registry (8)	
(2nd Floor)	
Newport Abercarn Black Vein Steam Coal Co., Ltd. (11-12-13-14)	
(3rd Floor)	
Scottish Legal Assurance Society—J. Lloyd, mngr	Mount Zion Chapel, Welsh Independent
68	Davies & Sons Ltd.,	hatters and hosiers	3	Shewring Jas.	sign writer
Newport Billiard Hall	4	Newman Mrs. Martha
69	Redshaw W. J.	millinery and blouse specialist and fancy draper	5	Ballhatchet Thomas
6	Dando David
IMPERIAL CHAMBERS—(1st Floor)	7	Bell Andrew, plater
Robjent F. P. stock and share broker	8	Wangler Ed.	traveller
9	Hiscox Harry A.	smith
10	Matthew Andrew
(2nd Floor)	11	Weager Jas.	storekeeper
Parsons & Jolliffe, chartered accountants, auctioneers and valuers	VICTORIA ROAD CONGREGATIONAL CHURCH
70	Monmouthshire Evening Post prepaid office	(return)
EXCHANGE ROAD—	13	Moore Thomas
Dutfield & Frost, the agricultural stores	14	Hazell Mrs. Mary
15	Roberts James
Monmouthshire Evening Post, Editorial and Commercial Department	16	English Mrs. M.
448	17	Leng Herbert,	dispenser
18	Dunn A. S.	cabinetmaker
19	Derrett Tom,	engineer
20	Pitman H. C.	lay reader
21	Collins Frank,	contractor
22	Thomas Mrs. Elizabeth
Pitt T., R.S.S., shoeing smith	23	Rees A. H.	Rees Mrs.,	Ystrad House School
here is Shaftesbury-street.	24	Newport Spiritualist Church
25	White George
26	Marks J. tailor
27	Bradshaw E. W. stocktkr
	Gowen William, Hill side cottage
	Handford's stores
28	Newcome Mrs. Hannah
29	Davies Mrs. E.
30	Hill John, G.W.R.
31	Void
32	Smith Mrs. E.
33	Webley G. boot repairer
34	Newport Liberal Association and Institute
NEWPORT RAILWAY MISSION
Jones Bernard G. & Co., motor garage
Hilla Road, C 6
Bryngwyn-rd to Oakfield-rd.
Hood Street, F 2
From Somerton-road to Camperdown-street.
Hopefield, B 4
From 26 Dos-road to Power-street, Barrack-hill.
[LEFT HAND SIDE.]
1	Robinson Geo. F.
2	Evans Mrs.
3	Cooke Charles
4	Evans Jos.	B. carpenter
5	Thomas Albert, cooper
6	West Fredk.	sawyer
7	Brangham J.	ironworker
8	Ford Tom Arthur
9	Grist John, police
10	Higgs Thos. ins. agent
11	Trump Robt.	signalman
12	Voyle Wm. blacksmith
13	Garland Arthur J. labr
14	Griffiths Wm.	labourer (return)
16	Paul William, shingler
17	Porter Thomas, mason
Mission Hall
18	Thomas C. general shop
NEWPORT STREET DIRECTORY.
Hos
Hoskins Street, C.4
From 8 Pugsley-st., Marshes.
[LEFT HAND SIDE.]
1	Jones	Thos.	painter			
2	Thomas	Thos.	sl'ightermn		
3	Bowen	Albert,	cellarman		
4	Woollen	Wm.	labourer		
5	Lewis	Elijah			
6	Wixcey	Tom,	platelayer		
7	Holmau	Edwin			
8	Churcher	A. Geo.	labr		
9	Brettell	Francis	Wm.labr	
10	Bishop	Thos,	labourer		
11	Nicholls	Wm.	labourer		
12	Bishop	Thos.	labourer		
13	Prince	Hy.	labourer		
14	Agland	Saml.	J. labr.		
15	Vickery	Geo.	haulier		
16	Power	Wm.	labourer		
17	Lewis	James,	blacksmith		
18	Void			
19	Cole	Fredk.	mill hand		
20	George	Chas.	labourer		
21	Skuse	James,	mason		
22	Fidow	Wm.	labourer		
23	Williams	Harry,	wireman		
24	Bryan	Joseph,	labourer		
25	Bolt	Henry			
26	Garland	Francis,	bsktmkr		
27	Griffiths	Thos.	labourer		
28	Sonnett	Andrew			
29	Wetter	Chas.	miller		
30	Jenkins	John,	sailmaker		
	here is Evans-street.		
31	Tutton	S.	general shop		
32	Vaughan	Ivor,	fitter'shlpr		
33	Marshall	Alfred,	labr		
34	Moore	Edwd.	labourer		
35	Holmes	William			
36	Dawson	John			
37	McCarthy	John,	labourer		
38	James	James			
39	Turner	John,	wood turnr		
40	Hawkes	Edwd.	labourer		
41	Ware	Arthur,	labourer		
42	Wilkins	Clifford,	bricklyr	
43	Savery	Frederick	Jas.		
44	Weetch	Mrs.			
45	Williams	Geo.			
46	Felkin	Wm.			
47	Winfield	Chas.		(return)	
48	Price	William,	cabman		
49	Gonella	John			
50	Marchi	C.			
51	Wiltshire	William			
52	Dunn	Wm.	nailmaker		
53	Tutton	Edwin,	labourer		
54	Vickery	Wm.	haulier		
55	Thomas	William,	labr		
56	Davies	Benj.	shoemaker		
57	Hooper	Mrs.	Prudence		
58	Jones	John,	labourer		
	PRESBYTERIAN CHAPEL		
	here is Evans-street.		
59	Rachelle	T.	m.shopkeepr	
60	Morris	Dd. C.	wagon bldr	
61	Jones	Mrs.	M. A.		
62	Geary	Edward,	labourer		
63	Bryan	Mrs.	Ellen		
64	Naish	Albert,	labourer		
65	Beniams	C. W.		
66	McCarthy	Mathew,	labr	
67	Sanders	G. H.	haulier		
68	Martin	Frederick		
69	Rysdale	Geo.	labourer	
70	Thompson	Robt.		
71	Lewis	Mrs.	Sarah		
72	Toulouse	Walter		
73	Short	Edward,	mason		
74	Boddy	John,	gas works	
75	Ileardon	John,	labourer		
76	Harvey	Job,	G.W.R.		
77	Cobeelis	John			
Howe Street, F.2
From Somerton-road to
to Camperdown-street.
Hubert Road, C.2
Off St. Julian's-avenue.
1	Parkyn	R. H.,	bldrs' yard	
1	Parkyu	Rt. Hy.,	Field view	
3	Brown	Stan. T.,	Westwick	
5	Gait	Harold,	Islwyn		
7	Batty	Wm.	junr. Tyne v	
9	Simms	James			
Ifton Street, E.2
Off Lloyd-street.
[RIGHT HAND SIDE.]
1	Roche	Wm.	dock labr		
3	Rosser	Miss	A.		
5	Short	William			
7	Jordan	Walter,	ironworkr	
9	Williams	Alfred		
11	Williams	George		
13	Sexton	Joseph,	ironworkr	
15	Blud	John	T.	do.	
17	Summer	Samuel	do.	do.	
19	Bate	James	do.	do.	
21	Fallon	John	do.	do.	
23	Smith	Wm.	ironworker	
25	Tregese	Fredk.	do.	
27	Void		
29	Pumfort	Wm.	do.	
31	Void		
33	Void		
35	Mort	Joseph	do.	
	(return)		
14	Holford	Edward,	ironwkr	
12	Williams	Robt.	crane dvr	
10	Page	Wm.	ironworker	
8	Nihan	Thos.	plasterer	
6	Cotterell	Saml.	ironwkr	
4	Bate	Edward	do.	
2	Edwards	John	haycutter	
Imperial Chambers.
See 7C High-street.
Ivor Street, D.5
From Hill-st. to Park-st.
1	Smith		D. 5
2	Moss	Mrs.	C.	
3	Cartmell	Ed.	tobbacconist
4	Nargrove	Arthur	William	
5	Anstice	William		
6	Belgion	Chas.	clerk	
7	Thomas	John		
8	Beckey	W. G.		
9	Gainor	Edwin		
Ivy Road.
Somerton Garden Estate.
Jackson Place.
From 36 Albert-avenue.
[RIGHT HAND SIDE.]
2	Maggs	T.	electrician	
4	Colwill	William,	tailor	
6	Evans	Wm.	Wm.	lino operator
8	Walker	Charles		
10	Jones	Frank	Jas.	clerk
12	Dix	A.			
14	Lewis	John	N.	traveller
16	Humphrey	R. L.	cutter	
18	Brain	George		
20	Williams	F. A.		
22	Smith	A.		
	(return)		
21	Willmett	John		
19	Young	J. A.	chemist	
17	Johnson	George	E.	
15	Thomas	Benjamin		
13	Prosser	T.	builder	
11	Whittaker	Geo.		
9	Stevens	Herbert	A.	449
Buy all your glass from the Glass King, 48 Bridge Street.
NEWPORT STREET DIRECTORY.
Jac
Jen
JACKSON-PLACE—continued
5	Isaacs	John	rwly guard		
7	Void		
7	Prung	Archibald	labourer		
9	Found	Wm.	blacksmith		
11	Bryant	Walter	painter		
13	Close	James	rigger		
15	Smith	Mark	platelayer		
17	Evans	William	rigger		
19	Rondel	Chas.	labourer		
21	Edwards	James		
23	Lewis	Thomas	labourer		
25	Brunnock	Patrick	striker		
27	James	Charles		
29	Ritter	Mrs. E. H.		
31	Waggett	Ernest		
32	Richardson	Philip		
35	Brown	Harry		
JAMES STREET, E 5
From 13 Alexandra-road to
Baldwin-street.
[LEFT HAND SIDE.]
3	Mahoney	Mich.	trimmer		
4	Murray	Timothy	labr		
5	Dowdall	Alf.	shipwright		
6	Rosen	Wm.	shoemaker		
7	Carpenter	Mrs. S. A.		
8	Edwards	Alfd.	bootmakr		
here is Marion-street.
9	Allen	Edward	coal seller		
10	Void		
11	Pearce	Fredk.	bricklayer		
12	Sheppard	Geo.	labourer		
13	Robert	M.	boilermaker		
14	Badger	Jesse	moulder		
15	Void		
here is Baldwin-street.
(return)
16	Robinson	S.	dealer		
17	Whelton	Mich.	boilernkr		
18	Williams	E. J.	trimmer		
19	Void		
20	Eager	Lewis	pilotsman		
21	Shorney	Jesse	labourer		
22	Snelling	Albt.	engineman		
PHOENIX FOUNDRY
23	Bale	Alexander	labr		
24	McLaren	Mrs. boarding h		
Mathews	A. C.	builder		
25	Jones	Mrs. Margt.	caretkr		
JAYNE'S BUILDINGS, D 4
From Union-lane, Dock-street
1	Skinner	Theophilus		
2	Gill	Mrs. Sophia		
3	Jones	Tom		
4	Price	Wm. L.		
5	Tanner	Aug.	crane driver		
6	Bailey	Henry		
7	White	Robt.	mason		
8	Bennett	Mrs. M. A.		
9	Morgan	Jas.	factory hand		
Jeddo Street, E 5
From 23 Courtybella-terrace.
[LEFT HAND SIDE.]
1	Antice	Chas.	boilermakr		
3	Collins	Thomas	trimmer		
90	Wright	Wm. Geo.	labr		
88	Blake	William	labourer		
86	O'Leary	Jere.	eng., driver		
84	Spelman	John		
82	Thomas	Wm.	trimmer		
80	Dyer	Frank	labourer		
78	Spiller	Wm.	labourer		
76	Richards	Fred.	labourer		
74	Jones	Thomas	plasterer		
72	Youngson	John		
70	Channing	Chas.	labourer		
68	Bailey	G. H.	labourer		
66	Prosser	Wm. Rd.	labr		
64	Wilks	Henry	labourer		
62	Hannan	John	boilermkr		
	Cadogan	William		
60	Fisher	Mrs. Hannah		
58	Verrinder	Mrs. Ellen		
56	Whitfield	P.	fitter'shelper		
54	Beckett	Mrs. Emma		
52	Davies	W. H.	labourer		
50	Davies	Frank	trimmer		
48	Davies	John	trimmer		
46	Thomas	Walter	trimmer		
44	Moseley	Edwd.	haird'sser
42	John	John	grocer		
here is Pottery-terrace.
40	Williams	Ed.	shopkeeper		
38	Sully	John	fish shop		
36	Taylor	W. H.	dock guard		
34	Buck	Tom	platelayer		
32	Morgan	Miss Rosina		
30	Dally	Tom	painter		
28	Welsher	Jonathan	labr		
26	Jones	Mrs. Amelia		
24	Adams	Mrs. E.		
22	Routley	Jas.	labourer		
20	Bryant	Thos.	labourer		
18	Ginger	Ernest		
16	Osmond	Reuben	tug dvr		
14	Gray	Mrs. A. E.		
12	Evans	Charles	shunter		
10	Lane	Thomas	trimmer		
8	Pearson	Andres	seaman		
6	England	Wm.	labourer		
4	Bailey	Wm.	trimmer		
2	Carruthers	G.	Royal Cak		
JENKINS STREET, E 3
Off Cromwell-road.
[LEFT HAND SIDE.]
1	Sherman	James		
3	Carless	Thos.	ironworker		
5	Hales	John	ironworker		
7	Void		
9	Spruce	Jos.	ironworker		
37	Channing	Chas.	G.	hobbler		
37	Brown	Robt.	Wm.	labr		
	Butcher	Robert	smith		
39	Taylor	Geo.	E.	shunter		
	Waggett	Walter	labr		
41	Murray	John	labourer		
43	Lewis	T.,	Homfray	Arms	48
here is Pottery-terrace.
45	Co-operative	Br'ch	Stores	44
47	Wigmore	Francis	W.	labr	42
49	Mansfield	J.	coal	trimmer	40
51	Huntley	Wm.	labourer		
53	Yendall	Geo.	butcher		
55	Sims	Robert	trimmer		
57	Clarke	Henry	labourer		
59	Gwyer	Robt.	pilotsman		
61	Davies	Aug.	H.	jun.	labr
63	Smith	Dd.	Wm.	labourer	28
65	Brunnock	Jno.	blacksmith	26
67	Jarman	Wm.	platelayer		
69	Webb	Mrs. Ellen		
71	Dyer	Henry		
73	Langford	Thomas		
75	Morgan	Mrs. S. A.		
77	Westerberg	Gustaf		
	Bellhouse	Wm.	labourer		
79	Dacey	Dennis	labourer		
83	Fitzgerald	Wm.	labourer		
85	Adams	Thos.	boilermaker		
87	Davies	Edwin	trimmer		
89	Larcombe	Fdk.	labourer		
91	Dyer	Chas.	labourer		
93	Slattery	Mrs. Jane		
95	Donovan	Daniel	trimmer		
97	Morgan	Theo.	eng. driver		
99	Dunn	Joseph		
(return)
92	Myers	John	shoemaker		
94	Gough	Mrs. Ellen		
96	Plaister	Francis	labr		
The Glass King's Address is 48 Bridge Street, Newport.
450
NEWPORT STREET DIRECTORY.
Jen
11	Jones	George	labourer	-	-
13	Bennett	Thos.	labourer	-	-
15	Smith	Thos.	ironworker	-	-
17	Spruce	Isaiah,	ironworkr	-	-
19	Hughes	Wm.	ironworker	-	-
21	Roche	Thomas,	haulier	-	-
23	Fellows	Joshua,	ironworkr	-	-
25	Williams	Mack.	Orb wks	-	-
27	Void	-	-	-	-
29	Griffiths	John,	ironworkr	-	-
31	Allcook	Geo.	ironworker	-	-
33	Void	-	-	-	-
35	Andrews	John,	ironworkr	-	-
37	Carless	Patrick	-	-	-
39	Collins	Thomas	P.	-	-
(return)
30	Griffiths	John,	ironworkr	-	-
28	Evans	Charles,	ironworkr	-	-
26	Hartshorn	Jesse,	ironworkr	-	-
24	Clarke	Geo.	ironworker	-	-
22	Jarvis	Daniel	ironworker	-	-
20	Kenny	Mrs.	Sarah	-	-
18	Hill	Joseph,	ironworker	-	-
16	Powell	Ed.	Thos.	ironworkr	-	-
14	Faulkner	Arthur,	labr	-	-
12	Pritchard	Jas.	W.	ironworkr	-	-
10	Griffiths	Hy.	ironworker	-	-
8	Lewis	Mrs.	J.	-	-
6	Close	Mrs.	-	-	-
4	Buckley	Fredk.	ironwork	-	-
2	Waters	Thos.	ironworker	-	-
Vacant	sites	-	-	-	-
ORB	WORKING	MEN'S	CLUB	-	-	-
Jeffrey	Street,	D	3	-	-	-
Wharf-road	to	Llanwern-st.	-	-	-
[LEFT	HAND	SIDE.]	-	-	-
1	Vaughan	Fred.	rigger	-	-
3	Pring	Jas.	Hy.	engineer	-	-
5	Gatehouse	H.	tram	endtr	-	-
7	Wheeler	Thos.	engineer	-	-
9	Evans	Mrs.	Jane	-	-
11	Whitehouse	J.	J.	enginr	-	-
13	Thomas	Thos.	haulier	-	-
here	is	Bishton-street.	-	-	-
15	Dugmore	Jas.	engineer	-	-
17	Morgan	Theophilus,	labr	-	-
19	Stent	Chas.	H.	motorman	-	-
21	Weeks	Walter	-	-	-
23	Void	-	-	-	-
25	Davies	Rd.	S.	bar	dragger	-	-
27	Lewis	Ed.	J.	ironworker	-	-
29	Phillips	Thos.	wire	drawr	-	-
(return)
34	Jones	Mrs.	G.	shopkeeper	-	-
32	Beard	George,	labourer	-	-
30	Sweeting	Aaron,	hawker	-	-
28	Pitts	Chas.	Hy.	g.w.r.	-	-
26	Griffiths	Wm.	H.	plateleyr	-	-
24	Baynham	E.	W.	milkman	-	-
22	Cook	John	W.	mason	-	-
20	Bishop	Albert,	ins.	agent	-	-
18	Pearce	George	James	-	-
16	Morgan	J.	H.	ironworker	-	-
14	Lockyear	Edward	A.	-	-
12	Whitford	Arth.	J.	engur	-	-
10	Dowdell	Philip,	ironwrk	-	-
8	Meredith	Chas.	mason	-	-
6	Lake	Wm.	carpenter	-	-
4	Morris	Alfred,	mason	-	-
2	Baldwin	Fredk.	E.	labr	-	-
John	Street,	E	4	-	-	-
From	103	Dock-street.	-	-	-
Heber	house	-	-	-
entrance	to	Winmill-street.	-	-	-
Jones	Street,	D	5	-	-	-
From	top	of	North-street	to	-	-	-
St.	Woolos-road.	-	-	-
[RIGHT	HAND	SIDE.]	-	-	-
1	Hill	George	-	-	-
2	Dyer	Mrs.	F.	-	-	-
3	Taylor	Thos.	W.	striker	-	-
4	Scard	Thos.	machinist	-	-
5	Pritchard	Mrs.	widow	-	-
6	Parsons	John,	plasterer	-	-
7	Fitzpatrick	P.	J.	labr	-	-
8	Corcoran	John,	labourer	-	-
9	Bullock	Mrs.	E.	-	-
10	Parsons	Ed.	plasterer	-	-
11	Williams	L.	-	-	-
12	Williams	Thos.	moulder	-	-
13	Waters	James,	labourer	-	-
14	Phillips	Wm.	plateleyer	-	-
15	Johns	John,	labourer	-	-
16	Williams	T.	Ray	-	-
17	Squires	Albt.	Hy.	painter	-	-
18	Frailey	Wm.	plateleyer	-	-
19	Roden	Robert,	electrician	-	-
20	Edwards	Jas.	shopkeeper	-	-
21	Abbott	Philip	James	-	-
22	Waite	Henry,	timekeeper	-	-
23	Dyment	William	-	-	-
24	Vout	Charles	-	-	-
25	Pocock	Mrs.	Harriet	-	-
26	Boucher	Jas.	Chas.	labr	-	-
27	James	Wm.	ironworker	-	-
28	Moore	W.	brazier	-	-
29	Byfield	A.	warehouseman	-	-
30	Davies	John,	engineeredriver	-	-
31	Woodridge	Wm.	George	-	-
Jun
32	Waters	John	T.	plateleyr	-	-
33	Shellard	Thos.	caretaker	-	-
34	Coles	Walter,	shop	assist.	-	-
35	Halse	Mrs.	Elizabeth	-	-
36	Tydesley	W.	coal	shipper	-	-
37	Vokins	W.	grocer	-	-
(return)
38	Daymond	S.	W.	grocer,&c.	-	-
39	Weston	Henry,	carman	-	-
40	Thomas	T.	Dd.	foreman	-	-
41	Dewberry	Regd.	-	-	-
42	Barber	Richard	-	-	-
43	Taylor	Fredk.	labourer	-	-
44	Sturney	Thomas	-	-	-
45	Morgan	Mrs.	shopkeeper	-	-
46	Ellaway	Josiah,	labourer	-	-
47	Brown	Chas.	-	-	-
48	Pellow	Mrs.	M.	C.,	Clifton	-	-
Tavern	-	-	-	-
49	Westacott	Wm.	labourer	-	-
50	Bath	David	J.	-	-
51	Parry	Geo.	S.	baker	-	-
52	Capel	John,	labourer	-	-
53	Tucker	W.	H.	G.W.R.	-	-
54	Gibbon	Arthur	-	-	-
55	Green	Richard,	G.W.R.	-	-
56	Holt	George	-	-	-
57	Brickley	Wm.	shoemaker	-	-
58	Lewis	Mrs.	Annie	-	-
59	Jones	William,	labourer	-	-
60	Murray	Wm.	labourer	-	-
61	Blanks	Augustus	-	-	-
62	Pole	George,	labourer	-	-
63	Whiting	Thos.	G.W.R.	-	-
64	Davies	John,	labourer	-	-
65	Hughes	John,	fitter	-	-
66	Venn	George,	fireman	-	-
67	Newman	Wm.	labourer	-	-
68	Mahoney	Mrs.	Wm.	-	-
69	Workman	F.	M.	plateleyr	-	-
70	Void	-	-	-	-
71	Hislop	T.	C.	tailor	-	-
72	Giffen	J.	window	cleaner	-	-
73	James	Phillip	Wm.	-	-
74	James	Frank,	painter	-	-
75	Dunk	John,	assistant	-	-
Junction	Road,	C	3	-	-
Cuerleon-rd.	to	Duckpool-rd.	-	-	-
[LEFT	HAND	SIDE.]	-	-	-
1	Fletcher	Jos.	china	dealer	-	-
2	Stratton	J.	W.	-	-	-
3	Tucker	E.	J.	fireman	-	-
4	Talbot	Sam.	J.	-	-	-
5	Smithers	Hy.	wireman	-	-
6	Cross	Wm.	J.	plateleyer	-	-
451	-	-	-	-
NEWPORT STREET DIRECTORY
Jun
Junction-road—continued
7	Hy. Edward	Holmes	bricklayer		
8	Wm.	Holmes	plasterer		
here is Bishop-street.
9	Wm.	Gale	seaman		
here is Dean-street.
10	Fred.	Long		(return)	
11	H. J.	Pearce		Vacant sites	
12	Charles, labourer	James		4 houses building	
Katherine Street.
Off Brynglas-road.
3 houses building
2	Chas. S.	Taylor		
Kear Street, D 4
From 3 Emlyn-street.
Keen Street, C 3
Off Cromwell-road.
[RIGHT HAND SIDE.]
1	Chas. Jas.	Clarke	ironworker	
3	Robt. Jas.	Ward	ironwkr	
5	Hy.	Birch	warehouseman	
7	Alfd.	Bennett	painter	
9	Robert	Loveridge		
11	Ed. J.	Williams	roller	
13	John A.	Marshall		
15	Fredk.	Pitt	bricklayer	
17	Enoch, labr	Williams	(return)	
10	J.	Edwards	boilermaker	
8	Job, ironworker	Davies		
6	Alfd.	Davies	do.	
4	Fred.	Bloor	do.	
2	Rd.	Lockley	do.	
Kelvedon Street, D 3
Off Corporation-road.
[RIGHT HAND SIDE.]
2	Hy.	Brown	ironworker	
4			Void	
6	John, chem. wrkr	Evans		
8	Alec Edwin, ironwkr	Reed		
10	L.	Hughes	pipe moulder	
Vacant sites
(return)
Vacant sites
7	Void	
9	H.	Treebury	boilersmith	
Williams	J. H. builder	and contractor	
Kenilworth Road, D 2
Chepstow-road, Cross Hands.
1	John	Gosden		
3	Hanniball N.	Chinn		
5	Thomas Wm.	Popplewell		
7	Reynolds	George		
9	Hy. Edward	Williams	Houses building	
Vacant sites
(return)
12	Void		
16	Charles, labourer	James		
29	John, Rockleigh	Price	Bond W. T., Rockleigh	
30	Calvin, High view	Frost		
31	Alfred, Gaerwood	Searle	(return)	
Pugsley	Mrs. Thos., Loxhore	
OAKLANDS ROAD
W. J., Oaklands	Lloyd		
G. F., Cefn parc	Colborne		
S.John	Evangelist Ch.	
33	Miss H., Caerwent	Gwyther		
34	Charles, Longleat	Pitman		
Kimberley Terrace, B4
See Malpas-road.
King’s Chambers
See 67 High-street.
King’s Hill, D 5
From Palmyra-place.
Davy	W. G., King’s hill ho	
Kingsmill Gard’ns, D5
See Clyffard-crescent and
Tunnel-terrace.
Kingsmill Ter., D 5
From top of Tunnel-terrace,
Clyffard-crescent.
1	J. G., Holme dene	Jones		
2	Albert	Deacon		
4	William	Harris		
3	Allen B.	Hodkinson		
5	Charles, clerk	Chambers		
6	Thomas, clerk	Harries		
7	Misses	Hawkes		
8	Henry	Chivers		
9	Wm. jeweller	Bibby		
10	Bowen Garibaldi, carpentr	Down		
11	Wm. E., Haresfield house	Jones		
The Glass King’s Address is 48 Bridge Street, Newport.
Kin
NEWPORT STREET DIRECTORY.
Lei
King's Parade, E 4
7	Dennis	Wm. R. H.	
8	Morgan	G. W. railway grd	
9	Thomas	Wm. carpenter	
10	Davies	Philip, sailmaker	
11	Williams	Wm.	
Lambert Street, B 4
From Barrack-hill.
[LEFT HAND SIDE.]
1	Wilcox	J.	
3	Thomas	Geo. labourer	
5	Johns	J. E. steel worker	
7	Davies	Wm. T. sigualman	
9	Clarke	Francis John, labr	
11	Luffman	John. enginemn	
13	Duffey	Robt. glass blower	
15	Edmunds	Thos. carpenter	
17	Evans	Geo. gardener	
19	Charlton	F. W. bricklayr	
21	Downes	Samuel	
23	Fowler	James, labourer	
25	Reardon	Mrs. Mary	
27	Knight	Henry, labourer	
29	Cook	Thos. bricklayer	
31	Saunders	Thos. plasterer	
33	Legg	Toin	H. eng. driver	
35	Wilkins	C. C. bricklayer	
37	Pearse	J. C. G.W.R.	
39	Reilly	Paul	
41	James	John, platelayer	
43	Davies	George, fireman	
45	Glover	John, printer	
47	Manning	E. A. painter	
49	Fereday	Joseph, moulder	
51	Workman	Mrs. E. K.	
53	Makepeace	Thos. haulier	
55	Saunders	Henry, G.W.R.	
57	Bowen	Chas. mason	
59	Dyer	Wm. lathrender	
61	Page	Chas. A. haulier	
63	Thomas	John	
65	Wright	Benj. labourer	
67	Fuge	Chas. bricklayer	
69	Attewell	Tom, milk seller	
(return)
Lawns Terrace.
Nos. 216-230 Chepstow-road.
Lawrence Hill, D 2
From Chepstow-road.
Kerslake	J. S., Walden	
Parnall	R. H. B., Glamnor	
Anning	William, Hatherleigh	
Simmonds	C. P., Bryncliffe	
Leicester Road, C 3
From 98 Duckpool-road to
Morden-road.
[LEFT HAND SIDE.]
1	Hackett	Mrs. H.	
2	Chapman	Mrs. Stephen	
3	Knight	Alfred	
here is Annesley-road.
4	Dodds	Mrs. Mary J.	
5	Reed	R. J.	
6	Hall	Frederick William	
7	Sheppard	James Henry	
8	Turner	William	
9	Leveson	Wm. Arthur	
10	Griffiths	Llewellyn	
11	Hamilton	William	
(return)
12	Price	David	
13	Oates	Mrs. A.	
14	Rabett	Reginald C.	
15	Pugsley	Jas.; Chandos lo	
16	Brundett	George	
17	Poole	James	
18	Williams	W.H.Brinsmead	
19	James	Mrs. H.	
20	Hayman	Edward C.	
21	Woodfield	J. W. R.	
22	Gibson	Wm. mas. mariner	
453
Buy your Glass from Trace, the Glass King.
King's Parade, E 4
West Side of Old Dock.
Mahoney	James and Co.	marine stores
Miles	Michael, labourer	
Walsh	Patrick, labourer	
Howells	William, labr	
Collins	Thomas, seaman	
Chambers	Jno. T. labr	
Anderson	Mrs. Ann	
Drudy	Michael, rigger	
Canlon	Daniel, labourer	
Johnson	Samuel, labourer	
Walsh	Morris, trimmer	
Muller	Alex. seaman	
Void	
Williams	Jno. shopkeeper	
Fontaine	A. J. foundry	
King Street, D 5
From 45 Cardiff-road.
Pollard	Albert, haulier	
Miller	Mrs. M. J.	
Binding	Jas. labourer	
Gibbs	Frederick John	
Hunt	Sidney	
Pulley	Chas., King's vale	
Townsend	George	
St. Paul's Mission Room	
(return)
Edwards	Thos. labourer	
Lewis	S. J. guard	
Flynn	Thomas, eng. drvr	
Kingston Road, D 3
Off Rugby-road.
Hiley	Anthony, manager	
Tobias	Richard James	
Woods	J.	
Beardmore	H.	
Hiley	William	
John Thomas	
Vacant sites	
Kirby Street, E 5
From 87 Lewis-st. to Alma-st.
[RIGHT HAND SIDE.]
Webb	Mrs. Thirza	
Wall	Mrs. Ann	
Jeffrey	Geo. shipwright	
Field	A. G. sack collector	
Dunn	Wm. Geo. moulder	
Brown	Sidney, haulier	
(return)
Jones	William	
Westacott	Mrs. A. S.	
Vatcher	Henry John	
Barron	Fred. glass workr	
Williams	Edwin, printer	
Bell	A. J. carpenter	
Brown	George, gardener	
Payne	Alfred, clerk	
Davies	Edward J. mason	
Davies	Tom, engine fitter	
Williams	Saml. boilerrmr	
Churches	Wm. R. police	
Powell	Wm. Rees, postmn	
Westley	Wm. H.M.C.	
Evans	John, glass blower	
Dunk	Geo. Henry, fitter	
Wevill	Wm. bricklayer	
Len
NEWPORT STREET DIRECTORY.
Lennard Street, D 3
From Corporation-road.
[LEFT HAND SIDE.]
1	Pope	Mrs. John		
3	Lee	F. E.	timekeeper	
5	Garland	J. H.	carpenter	
7	Perry	Mrs. Elizabeth		
9	Poole	W. H. R.		
11	Hiley	Francis		
13	Kendrick	A. C.	stocktaker	
15	Carroll	Wm.	postman	
here is Essex-street
17	Dyer	Frank,	painter	
19	Hayes	Geo.	platelayer	
21	Richards	Arthur,	travellr	
23	Wyatt	Edwin,	G.W.R.	
25	Rogers	Luke,	ironworker	
27	Ruddock	Chas.		
29	Smith	James	Ashford	
here is May-street.
(return)
48	Herivel	James	Thomas	
46	Owens	Evan	Chas.	
44	Morgan	Thos.	plasterer	
42	Waite	Wm.	ironworker	
40	Dowden	Walter,	seaman	
38	Niblett	Fred,	packer	
36	Amos	Fredk.	litho. printr	
34	Gebbett	John	B. ironwkri	
32	Burgwin	Mrs. E.		
30	Cross	Jonathan,	ironwkr	
28	Lowe	John,	furnaceman	
26	Burt	Ernest	F. traveller	
24	Wood	Andrew	Chas.	
22	Rogers	Sidney,	furnacemn	
20	Gibbons	Ed.	iron shearer	
here is Essex-street.
18	Shutt	Wm.	ironworker	
16	Golightly	Francis	G. fitter	
14	Ellis	Walter,	ironworker	
12	Atkins	J. H.	carpenter	
10	Foster	Chas.	ironworker	
8	Barrett	Charles		
6	Phillips	H. G.	shipwright	
4	Shutt	John,	roller	
2	Burgwin	Chas.	ironwkr	
Lewis Street, E 5
From 169	Commercial-road.
[LEFT HAND SIDE.]
1	Tompkins	Geo.	enginemn	
2	Hughes	Chas.	H.M.C.	
Gayton	W.	J.	
3	Francis	James,	guard	
4	Carpenter	W.	B.	agent	
5	Parkes	J.	H. jun.	smith	
454				
6	Jones	Jos.	H. fitter	
7	Roberts	John,	B.T.	
8	Day	Harry,	labourer	
9	Smith	Geo.	L. painter	
10	Barnes	Geo.	F. shipwright	
11	Jones	T.	W. seaman	
12	Tipping	Chas.	J. sawyer	
13	Coleman	John,	seaman	
14	Fenton	John,	guard	
15	Humphries	George		
16	Hill	Wm.	engine driver	
17	Bowen	James	Wm.	
18	Davies	Amos,	eng. driver	
19	Bernier	Alfred		
20	Cox	George	Alexander	
21	Reade	Mrs.	Rachel Ann	
22	Trigg	Philip	Thomas	
23	Lenthall	Joseph		
24	Clement	Llewellyn,	cptr	
25	Knight	Dl.	T. weighman	
26	Thorne	Edwin		
27	Harding	Isaac,	signalman	
28	Davies	Wm.	timekeeper	
29	Hughes	Hy.	ins. agent	
30	Pope	William,	mason	
here is Charlotte-street.
31	Main	R.	H. grocer	
32	Maunship	Frank		
33	Thomas	John	O. watermn	
34	Maggs	Arthur	James	
35	Wall	J.	Albert, steward	
36	Turnbull	M.	boilermaker	
37	Cann	Ed.	ship carpenter	
38	Locke	Mrs.	Esther	
39	Smith	Francis,	labourer	
40	Void		
41	Do.		
42	Do.		
43	Do.		
44	Luxton	Anstis,	painter	
45	Allison	Jno.	boilermaker	
46	Smith	T.	engine driver	
47	Thomas	Wm.	boilermakr	
48	Trow	Charles,	tailor	
49	Campfield	Geo.	G.W.R.	
50	Evans	Thos.	H. pilotsman	
51	Jones	John,	tailor	
52	Davey	Thomas,	smith	
53	Newport	John	Wm.	
54	Edwards	Thomas		
55	Young	Thos.	foundryman	
56	Wood	Andrew,	moulder	
57	Maby	Jno.	Frederick	
58	'homas	Mrs.	Mrs.	
59	Hay	Alex.	guard	
60	Young	Wm.	Hy. labourer	
61	Hill	Jos.	engine driver	
62	Bloxham	Fred.	eng. driver	
63	Rose	Wm.	coppersmith	
64	James	Henry		
65	Rees	Mrs.	Sarah	
66	King	Mrs.	Esther	
here is Capel-crescent.
(return)
67	Lewis	Jas.	P.	
68	Roberts	Ed.	engine drvr	
69	Westwood	T.	E.	
70	Davies	Mrs.	Ann	
71	Thomas	Edmund,	tailor	
72	Jones	Austin		
73	Tidman	Thos.	foundrymn	
74	Bayliss	Geo.	eng. driver	
75	Reid	John,	fitter	
76	Pring	John,	trimmer	
77	Hathaway	Allbt.	machinist	
78	Clapp	John,	labourer	
79	Watts	Chas.	Hbt. foreman	
80	Marshall	Thos.	James	
81	Turner	J.	Henry, fitter	
82	Trew	Digby	F. agent	
83	Robinson	T.	J. guard	
84	Neill	James,	sailmaker	
85	Durrant	Robert,	guard	
86	Harris	Mrs.	Annie	
87	Colwill	John,	carpenter	
here is Kirby-street.
88	Goodridge	Ann,	shopkpr	
89	Graddon	John,	jun. fitter	
90	Davies	John	Charles	
91	Dando	Chas.	shoemaker	
92	Stanton	Edwin,	signalman	
93	Aston	Edwin,	signalman	
94	Cusk	Hy.	cabinetmaker	
95	Davey	Chas.	shipwright	
96	Redman	John,	crane drvr	
97	Groves	John,	mason	
98	Geary	Mrs.	Lucy	
99	Cleverly	Albert,	miller	
Chamberlain	Walter		
100	Lovering	John,	guard	
101	Thomas	Micah,	weighmn	
102	Davies	Mrs.	F.E.	beerrtltr
here is Charlotte-street.
103	Herschmanu	Rev.	M. D.	
104	Evans	Mrs.	Sarah	
105	Knott	Chas.	seaman	
106	Ford	D.	H. timekeeper	
107	Williams	J.	patternmakr	
108	Chapman	Mrs.		
109	Coes	Wm.	Hy. carpenter	
110	Gollop	William		
111	Flanders	Jas.	carpenter	
The Glass King's Address is 48 Bridge Street, Newport.
Lew
112	Tripp	Adam S.			
118	Bowen	H. factory hand		
114	Johns	Robert, G.W.R.		
115	Murphy	Mrs. Catharine	21	
116	Reid	Mrs. Ellen		
117	Wiltshire	Frank, fitter	17	
118	Dare	J. E. dairyman	15	
	here is Francis-street.		
119	Miller	Wm. C. bricklayer	11	
120	Francis	Mrs. Elizabeth		
121	Chick	Richd. carpenter	9	
122	Owens	Evan, caretaker	7	
123	Thomas	Richard, tailor	5	
124	Pottow	Henry, labr		
125	Brooks	H. ship carpentr	1	
126	Coachman	Amos		
127	Renouf	Wm. wagon liftr		
LIBENETH ROAD, E 2		
From Somerton-rd to Limekins	2	
Vacant ground		
	here is Aberthaw-road.		
1	Gibson	Herbert, checker		
2	Short	W. E. quarryman		
3	Stocker	Wm. stonemason		
4	Wills	James, fitter		
5	Richards	F. ironworker		
6	Parfitt	Joseph		
	Vacant sites		
7	Drew	Thos. H. engineer	17	
8	Hopkins	H. R. signalman	19	
9	Howe	Wm. painter		
10	Lloyd	E. W. signalman		
11	Void		
	Davies	J. & Co. lime wks	27	
	Drew	T. H., junr. engi-	29	
	neering works		
LILLESHALL STREET, E 3		
Off Corporation-road, near	35	
Railway-bridge.		
	[RIGHT HAND SIDE.]		
2	Whiley	Fred. labourer		
4	Rouse	William Fredk.		
6	Foster	Thomas, ironwrkr	45	
8	Clarke	Wm. ironworker	47	
10	Ralph	Thomas, ironwrkr	49	
12	Hancock	Samuel		
14	Gelder	John, ironworker	53	
16	Grimaldi	John		
18	Cooper	Wm. ironworker	57	
20	Biss	Robert, ironworker	59	
22	Derrick	Hy. A. labourer		
24	Pope	Alfd. dock labourer	63	
	Vacant sites		
(return)		
NEWPORT STREET DIRECTORY.		
Vacant sites		
	Stone Alfred, wireman	25	
	Hemmens Wynd. seaman	23	
	Whittle Wm. A. ironwrk	21	
	Phillips Herbert		19	
	Butler I.		17	
	Baggott Geo. Hy.		15	
	Wall Stephen		13	
	Farmer Henry		11	
	Bolt Chas. J. brakesman	9	
	Boswell Richard, fireman	7	
	Lander John, ironworker	5	
	White Thomas		3	
	Carwardine J. W. do.	1	
Linden Road.		
Somerton Garden Estate.		
	Lime Street, E 5		
	[LEFT HAND SIDE.]		
1	Stock	A. Rd. butcher		
3	Greer	John, boilermaker	72	
5	Ogilvie	Morris, labourer	70	
7	Scannell	David, labourer	68	
9	Found	R. C. smith		66	
11	Lane	Wm. coal trimmer	64	
13	Gibbs	W. engine driver	62	
15	Kenny	Wm. J. fitter	60	
17	Morgan	John Edwin, labr	58	
19	Berry	Wm. John, labr		56	
21	Phillips	Mrs. Rosetta		54	
23	Sullivan	Patrick, labr		52	
25	Allison	Thos. boilermaker	50	
27	Sanders	P. engineman		48	
29	Rackham	Mrs. M. A.		46	
31	Welsher	H. Jas. labr		44	
33	Swanborough	Henry		42	
	here is Pottery-terrace.		
35	Hughes	W. H. shopkeeper	40	
37	Sims	Joseph, trimmer		38	
39	Morgan	Thos. irondresser	36	
41	Hall	Benj. labourer		34	
43	Sheppard	Wm. trimmer	32	
45	Billington	Peter, guard	30	
47	Pollock	Russell G.		32	
49	Ingleson	Mrs. Kate		
51	Terrell	Edwd. trimmer		26	
53	Mansfield	John, trimmer	24	
55	Manship	John, labourer	22	
57	Hooper	John, labourer		20	
59	Price	Mrs. Ann, shop		18	
61	Mulcahy	Patk. T. labr		16	
63	Sanders	Wm. rigger		14	
65	Void		12	
67	Hall	Robert, rigger		10	
		8	
		69	
		71	
		73	
		75	
		77	
		79	
		81	
		83	
		(return)		
		85	
		87	
		89	
		90	
		88	
		86	
		84	
		82	
		80	
		78	
		76	
		74	
		Flynn	Mich. coal trimmer
		Travers	Matthew, labr
		Blackborow	John
		Berry	Francis, trimmer
		Bickle	John, labourer
		McCarthy	Mrs. Hannah
		Bates	Edward, labourer
		Void
		Void
		Harvey	Robert, labr
		Leahy	Michael
		Rondell	Jos. C. hoistman
		Biddiscombe	Jas. labr
		Jones	James, labourer
		Westacott	Henry, baker
		Heard	Thos. Augustus
		Harrington	Jere, trimmer
		Lewis	Geo. shopkeeper
		Baker	Rd. labourer
		Forder	Fredk. labourer
		Francis	A. donkeyman
		Stephens	Edward P.
		Sheppard	Mrs. E. nurse
		Willis	Walt. labourer
		Void
		Glynn	Wm. labourer
		Rich	Thos. labourer
		Card	Henry, mason
		Daley	Daniel, runner
		Jenkins	Joseph Wm.
		Donoghue	Jere, labourer
		Bevan	Thomas, labourer
		Rees	John, fitter
		Pantall	Wm. Edward
		Harper	Wm. John, labr
		Coleman	David, labourer
		Waite	Fredk. boilermakr
		Rees	Geo. Hy. coal trimr
		Matthews	C. P. grocer
		here is Pottery-terrace.
		Power	Walter, hoistman
		Flynn	Edwd. boilermaker
		Pippin	Jas. labourer
		Bull	Mrs. Eliza
		Nicholas	Fredk. boatman
		Saunders	Mrs. Mary
		Powell	Thos. coal trimr
		Harnett	Tim, coal trimr
		Fennessy	John, trimmer
		Scadden	Robt. labourer
		455
Glass 1½d. per foot from the Glass King.
NEWPORT STREET DIRECTORY.
Lim
Lime-street-continued
6	Wall	Albert		
4	Manship	Abram,	stevedr	
2	Provis	Geo.,	boilermaker	
Linton Street, E 4
King's-parade to Castle-street.
1	Coleman	Samuel,	sen.	
3	Hayes	Dennis,	hobbler	
5	Hayes	Ernest,	seaman	
7	Void		
9	O'Keefe	Cornelius		
11	Jefferies	Wm. Jno.	labr	
13	Dunn	Mrs.	Margaret	
15	Miller	Geo.	labourer	
17	Heard	John,	labourer	
Liscombe Street, E 3
Off Cromwell-road.
[RIGHT HAND SIDE.]
2	Spicer	Wm.	ironworker	
4	Williams	Benj.	do.	
6	Phillips	David	do.	
8	Bates	Robert	do.	
10	Heath	William	do.	
12	Cartwright	G. H.	do.	
14	Davies	Mrs.	Martha	
16	Green	James,	ironworker	
18	Jones	Hy.	ironworker	
20	Cox	Richard	do.	
22	Perry	Job	do.	
24	Wilkinson	Wm.	do.	
26	Jones	Saml.	do.	
28	Hodson	Geo.	do.	
30	Wheeler	Geo.	Thos.	do.	
32	Polston	John	H. ironwrk	do.	
34	Colley	Edwd.	do.	
36	Edwards	Arthur	do.	
38	Harley	Jos.	T.	do.	
40	North	Joseph	do.	
42	Yoxall	Wm.	do.	
44	Ball	Benjamin	do.	
46	Kitson	Thomas	do.	
48	Willings	Job	do.	
50	Campbell	Jos.	do.	
(return)
47	Edwards	C. T.	do.	
45	Brown	Charles	do.	
43	Thorneycroft	T.E.	do.	
41	Arnold	Dd.	do.	
39	Dovey	Walter	do.	
37	Hudman	Albt.	do.	
35	Poyner	Alfred	do.	
33	Howell	James	do.	
31	Hill	John	T.	do.	
29	Davies	Leonard	do.	
21	Pugh	Frederick,	ironwrkr	
25	Kitson	W.	J.	do.	
23	Richards	Samuel	do.	
21	Walter	Samuel,	painter	
19	Jukes	Arthur,	ironworker	
17	Kitson	Robert	do.	
15	Jordan	Thos.	wiredrawer	
13	Mathews	Jno.	ironworker	
11	Davies	Stephen	do.	
9	Weare	Mr.	Sarah	
7	Paynter	John,	ironworker	
5	Clarke	William,	eng. drvr.	
3	Davis	Thos.	ironworker	
1	Bennett	Geo.	do.	
Liverpool Street, D 3
Hereford-st. to London-st.
[LEFT HAND SIDE.]
1	Fear	Clifford,	G.W.R.	
3	Marston	Thos.	signal fittr	
5	Whitehill	Mrs.	Mary	
7	Williams	Thos.	eng. drvr.	
9	Panting	T. A.	G.W.R.	
(return)
16	Mitchell	Thos.	tailor	
14	Harris	Dd.	boilermaker	
12	Charstensen	Kristian	
10	Belcher	E.	W.	motorman	
8	Leggett	Albert	E.	mason	
6	Jones	Wm.	T.	mason	
4	Gunter	D.	J.	labourer	
2	Insull	William,	bricklayer	
Livingstone Place, D 3
From 86 Chepstow-road.
[RIGHT HAND SIDE.]
1	Gronow	Sylvanus	
2	Miller	Miss	M.	
3	Hughes	John,	bricklayer	
4	Ashton	V.	J.	smith	
5	Milner	Geo.	carpenter	
6	Creedy	Chas.	tinsmith	
7	Lee	W.	E.	printer	
8	Williams	John	
9	Hoskins	S.	W.	eng. drivr	
10	Webb	Edwd.	platelayer	
11	England	H.	warehousemn	
12	Lee	James,	tile layer	
13	Newbery	Geo.	ironworker	
14	Carpenter	Mrs.	Sarah	J.	
15	Lewis	Wm.	J.	engineman	
16	Kirkham	Wm.	tram insp.	
17	Prewett	Thos.	R.A.seamn	
18	Gillingham	Frank,	smith	
19	Jones	James,	seaman	
20	Davies	Wynd.	warehsmn	
Lla
21	Evans	John,	tram inspt.	
22	Lyons	Lawrence	do.	
23	Abbott	Robert,	guard	
24	Carpenter	F.C.	sheetwghr	
25	Passmore	G.	tram insp.	
26	Gatfield	Henry,	painter	
27	Saviger	Edwin	G.	driller	
28	Marsh	John,	labourer	
29	Bryant	Chas.	haulier	
30	Pomeroy	David,	G.W.R.	
31	Barrett	Arthur,	bricklayr	
32	Blackmore	D.	J.	haulier	
33	Lake	Mrs.	Emily	
here is Speke-street.
34	Powell	S.	coal merchant	
35	James	Miss	Annie	
36	Cawley	Mrs.	M.	L.	
37	Lyne	Rotert,	labourer	
38	Taylor	L.	G.	motorman	
Ashton	& Sons,	general	
smiths	
(return)
39	Jones	Richard	G.	
40	Owen	Wm.	labourer	
41	Probert	Wm.	J.	blacksmth	
42	Lodge	F.	E.	G.W.R.	
43	Holling	Mrs.	Norah	
44	Miller	Albert,	platelayer	
here is Speke-street.
45	Sands	John,	feather drsr	
46	Willis	Chas.	R.	waiter	
Llanarth Street, D 4
From 41 Commercial-street.
[LEFT HAND SIDE.]
3	Perry	H.,	Robin	Hood	
4	Lewis	Jas.	L.	hairdresser	
5-6	Co-operative	Industrial	
Society	Drapery	& Boot	
Departments	
here is Dock-street.
7	Kalahar	D.	
8	Jones	Hosea,	Brewery	Inn	
9	Collins	Mrs.	Mary	
10	Tothill	Wm.	supt.	
11	Jones	Mrs.	Emma	
12	May	Thomas,	factory	
13	Dickson	Mrs.	E.	R.	out-	
14	fitter	and	pawnbroker	
Howell's	iron	warehouse	
20	Millinship	Wm.	Hy.	
21	McEvoy	M.	shop	
here is Union-street.
Corporation	Electricity	
Generating	Station	
22	Lenahan	Edward,	mason	
The Glass King's Address is 48 Bridge Street, Newport.
	(return)	Lia	
23	Globe	Lodging House--Wm. Lloyd	
24	Lee	Cornelius, labourer	
25	Howell's warehouse	
26	Hickey	John	
27	Howell	Thos. H. Ltd., iron and oil merchants	
	here is Union-court.	
32	Void	
33	Butcher	Wm. Hy.	
34	May	George	
35	Rebuilding	
36	Wreford	A. D.	
37	Heirene	Daniel	
38	Bowles	Mrs. E.	
	here is Dock-street.	
	Phillips	Wolfe & Sons, outfitters & pawnbrokers	
39	Vacara	Thomas, fish bar	
40	James	Mrs., refreshmnt ho	
41	Pingel	Geo. Hy., King William	
42	Gibb	W. J. & Sons, poulterers, etc.	
LLANDAFF STREET, D 6	
	Waterloo-road to Coldra-road	
1	Corner	Thomas	
2	Davies	Thos., Ravenswood	
LLANTHEWY ROAD, C 5	
	From Clytha Park-road to Risa-road.	
	[RIGHT HAND SIDE.]	
2	Fulton	G. Y., The Bun-galow	
4	Ramsay	Geo., Oamaru	
6	Gould	A. J., Thornbury	
8	Clark	Wm., Dindigul vil	
10	Williams	Wm., Troed-y-rhiw	
12	Lewis	Walter, Dean ho	
14	Kilminster	J. W., Lyndale	
16	Belvedere--void	
18	Dawson	A. R., Ambleside	
20	Harding	C. R., Inglefield	
22	Meacock	S. A., Wyecliffe	
24	Forsyth	Mrs. M.,Dunkerry	
26	Wilkins	Mrs. M. B. O., Lifford	
28	Jeffs	W. H., Millbrook ho	
30	Southey	C. V., Hillside	
32	Bezant	A. R., Homeville	
34	Ostler	Mrs. A., Neuweid	
26	Traylor	W. J., Wyvenhoe	
	here is Spencer-road.	
	LLANTHEWY ROAD BAPTIST CHURCH	
38	Brown	James Parry	
40	Hellyer	E.P., Knocknarea	
42	Void	
44	Morgan	Ed. E., Bryn-y-Mor	
	Williams	J. B., Bryndeilo	
	2 houses void	
46	Crane	Mrs. B., Holmes-ford	
48	Roberts	E. Noel, Tegfryn	
50	Ford	Miss L.A.,Sunnyside	
52	Davies	Harold, Lealholme	
54	Hazel	MissS. A., L.R.A.M.,	
56	Roderick	G.C.,Kingswood	
58	Roberts	--, Clovelly	
60	Freeguard	Mrs., Silver-thorne	
	Freeguard	James F.	
62	Kyles	David, Mount view	
64	Cullum	Miss, Rosslyn	
66	Young	Andrew, Glen Rosa	
68	Richards	Mrs. Lavinia, Northernhay	
70	Ramsey	A. N.	
72	Davies	Alf. J., Rothesay	
74	Stanley	J. W., Rosemont	
76	Harries	E. D., Inglewood	
78	Void	
80	Porter	J. G., St. Wilfred	
82	Barrett	Mrs. M., Sylhet	
	(return)	
81	Grant	W. J., Kingston h	
79	Diamond	Mrs. M. A., Hillcrest	
77	Kenny	Hy., Brynhyfryd	
75	Sully	Wm. H., Claremont	
73	Skinner	Misses, Pen-y-bryn	
71	Robinson	J. W., Ballantrae	
69	Price	Miss E., Pen-y-dre	
67	Dawson	A. W., The Garth	
65	Pearse	Miss, Corrisvale	
63	Collins	Syd., Stoneleigh	
61	Evans	Mrs. H., Trevano	
59	Boyns	J. C., Eaton villa	
57	Jones	Geo., Glenholme	
55	Hiscott	Fredk., St. Pierre	
53	Williams	Harry, St. Giles	
51	Winter	Edwin John	
49	Compton	C. E., St. Hilary	
47	Jacobs	Leslie, Brightholme	
45	Thomas	Ithel, Dan-y-lan	
43	Dennis	Mrs. P. J., Harlyn	
41	Hartley	E., Castledene	
	here is Spencer-road.	
37	Fisher	Mrs.S. M., Scethrog	
33	Vaughan	Hy., The Beeches	
31	Lawrence	Wm., Arvon	
29	Copus	Edward, St. Basils	
27	Williams	A. E., Bryn awel	
25	Hammer	Hy., Trelawney	
23	Andrews	H. L. C., Hazel-dene	
21	Greenway	G., Hollymount	
19	Jeffs	R. H., Tregenna	
17	Evans	Mrs.C.P., Llanberis	
15	Martin	Geo., Kemble ho	
13	Smith	F. L., Sydington ho	
11	Henry	T., Llanthewy ho	
9	Haynes	R. H., Norton ho	
7	Buckingham	S. J., Walton house	
5	Groves	John F., Durlstone	
3	Jacobs	Mrs. J., Tadeta	
1	Hyams	Alex., Arcadia	
LLANVAIR ROAD, C 4	
	From East Usk-road.	
	[RIGHT HAND SIDE.]	
2	Rodway	Mrs. G.	
4	Rodway	George	
6	Hills	Walter, rubberwrk	
8	Hart	Francis Charles	
10	Saddler	E. hoopmaker	
12	Foster	John, tinsmith	
14	Tyler	Wm. dock labourer	
16	Void	
20-24	Morgan	A. S. & Co.'s, Ltd., yard	
26	Challicomb	George	
26	Davis	Hy. John, G.W.R.	
28	Tanner	Henry, moulder	
30	Brooks	Wm. labourer	
32	Coslett	Edwin, G.W.R. (return)	
3	Houghton	Geo. labourer	
1	Daniels	Mrs. A.	
	Hodge	Ralph & Co., saw mills	
	S. Wales	Brattice Cloth and India rubber works	
	Purnell	A. & W. saw mills	
LLANVAPLEY ROAD, C 3	
	From Constance-st., Caerleon-road.	
Llanwern Street, D 3
From Corporation-road to Railway.
[RIGHT HAND SIDE.]
2	Lewis	Wm.	stevedore	-	-
4	Matthewwson	W. A.	teachr	-	-
6	Trew	Mrs.	Annie	-	-
8	Welbirg	Mrs.	A. P.	-	-
10	Weight	R. T.	clerk	-	-
12	Sturley	Aug.	rivetter	-	-
14	Williams	Thos.	tailor	-	-
16	Lyons	John J.	-	-	-
18	Harris	John,	foreman	-	-
20	Strickland	Mrs. D. L.	-	-	-
22	Stiley	Albert,	motorman	-	-
24	Abbott	Bernard,	elect’n	-	-
26	Houghton	Wm.	painter	-	-
28	Harper	Wm. H.	greenger	-	-
30	Thomas	Albert	-	-	-
32	Willis	John Hy.	ironwrkr	-	-
34	Pitson	Tom,	rivetter	-	-
36	Void	-	-	-	-
38	Inward	Robt.	stereotyper	-	-
40	Williams	Alfd. ins.	agent	-	-
42	Brittan	Albert	-	-	-
44	Carter	James	Arthur	-	-
46	Miller	Henry	George	-	-
48	Williams	Mrs. G.	-	-	-
50	Crawford	Wm.	engineer	-	-
52	Griffiths	Mrs. M. E.	-	-	-
54	Davies	Thomas	-	-	-
56	Stocker	Alf. G.	w.r.	-	-
58	Gething	John A.	ironwkr	-	-
60	Purcell	David,	ironwrk	-	-
62	Lavis	Joseph,	eng. driver	-	-
64	Ford	Chas.	carter	-	-
66	Boore	Mrs. E.	-	-	-
68	Davies	John	-	-	-
70	Williams	John Hy. baker	-	-	(return)
9	Godwin	Wm.,	Dudley ho	-	-
7	Allison	Richd.	boilermakr	-	-
5	Beaumont	W. C. H.,	Mayville	-	-
3	Evans	Walter	-	-	-
1	Willis	Thos. A.	ironwrkr	-	-
Llewellin Street, E 2
Off Somer-road.
[LEFT HAND SIDE.]
1	Pearce	Arthur,	labourer	-	-
3	Williams	John,	platelayer	-	-
5	Poole	Mrs. Mary	-	-	-
7	Pearce	Wm.	labourer	-	-
9	Vince	Geo. Hy.	ironworkr	-	-
-	Clarke	G.	turn’r, Fields view	-	-
-	Waters	T.	farmer,	Eschol vil	-	-
-	John	William,	milkman	-	-
-	Burch	Thomas	C., The Ferns	-	-
-	Johns	Alfred,	milkman	-	-
-	Wilkins	James,	ironworker	-	-
-	Hockey	Mrs.	-	-	-
-	Phillips	Thomas	-	-	-
-	Williams	Frank	-	-	-
-	Phillips	Ebenzer,	ironworker	-	-
-	Pratt	Arthur S.	ironworker	-	-
-	Miller	Mrs. M.	-	-	-
-	Dent	Robert,	milkman	-	-
-	Jones	Miss Ann,	1 Vine place	-	-
-	Price	Henry,	quarryman	-	-
-	Nash	Wm.,	Killarny house	-	-
-	Brown	Wm.,	Orchard dairy	-	-
-	Lewis	John,	ins. agent	-	-
-	Fray	David,	engineer	-	-
-	Heath	Thos. W.	ironworker	-	-
-	Wallace	Joseph,	quarryman	-	-
-	Bennett	Robert,	quarryman	-	-
-	Gough	Mrs. Ruth	-	-	-
-	Hodges	Edward,	platelayer	-	-
-	Thomas	Thomas,	platelayer	-	-
-	Viner	W. H.	stationmaster	-	-
-	Thomas	Mrs. Susan,	lime-burner, Crossing kilns	-	-
-	Fife	William,	shipwright	-	-
-	Poole	Edwin,	quarryman	-	-
-	Gough	Thos.	lime worker	-	-
-	Gough	George,	quarryman	-	-
-	Harris	William,	quarryman	-	-
-	Williams	Mrs. Catherine	-	-
-	Williams	William,	Crown	-	-
-	Green	Samuel,	mason	-	-
-	Royster	Alfred,	ironworker	-	-
-	Clarke	Chas. Geo.	burner	-	-
-	Phillips	Job,	labourer	-	-
-	Sefton	William,	ironworker	-	-
-	Pearce	Thomas,	quarryman	-	-
-	Harris	William,	quarryman	-	-
-	Pearce	Thomas,	quarryman	-	-
-	here is	Lliswerry-crossing	-	-
-	Hughes	E. A.,	Lliswerry Hotel	-	-
-	Thomas	F.	lime burner, Rock-field	-	-
Lloyd’s Bank Cham’s	Price John,	quarryman	-	-
See Commercial-street.		-	-	-
Lloyd Street, E 2
From Somerton-road.
[RIGHT HAND SIDE.]
1	Hooper	R. J.,	G.W. R.	-	-
3	Fay	Patrick,	ironworker	-	-
5	Pratt	John G.	do.	-	-
7	Madge	Henry,	labourer	-	-
9	Little	George,	ironworker	-	-
11	Griffiths	Edwd.	do.	-	-
13	Flook	Henry,	fireman	-	-
-	here is	Ifton-street.	-	-
15	Rogers	Joseph,	shop	-	-
15	Heal	John,	quarryman	-	-
17	Edwards	T. junr.	irrnwkr	-	-
19	Hall	Mrs. Mary	-	-	-
21	Pitt	Edwin,	labourer	-	-
23	Parker	Wm. Hy.	ironwkr	-	-
25	Davies	James	-	-	-
27	Edwards	Thos.	marker	-	-
29	Cox	James,	mason	-	-
31	Rogers	Chas.	ironworker	-	-
33	Jackson	Alfred	do.	-	-
35	Void	-	-	-
37	Pearce	Albert,	fireman	-	-
-	Whitbread	& Co.’s stores	-	-	-
-	Evans	W. farmer,	Lliswerryh	-	-
-	Edwards	E. S.,	Bro Deg	-	-
-	Lewis	Henry	M., Elms farm	-	-
-	Dent	F.,	Belle Vue farm	-	-
-	Dent	John	G., Olway farm	-	-
-	Thompson	T.,	Lliswerry farm	-	-
-	Howell	Mrs. M.,	Golf house	-	-
-	Waters	R. H.,	Brookfield	-	-
-	See also	Libeneth-road.	Aber-thaw rd.,	and Somerton-rd.	-
Lliswerry,	F 2	-	-	-
From Somerton-road.		-	-	-
-	Davies	J. & Co.,	Aber-thaw	Lias Lime & Portland Cement manufacturers	-
NEWPORT STREET DIRECTORY.	Lyn					
Loc					
LOCK	Loc					
Locke Street, C 5		here is Bristol-street.					
[LEFT HAND SIDE.]		(return)					
1 Smith George, haulier	70	Stephen John E.					
2 Rogers Henry, foreman	68	Frost William, packer					
3 Butler Zeph. g.w.r. inspt	66	James Edward, plasterer					
4 Wren Thomas, mason	64	Taylor Wm. Geo. fitter					
5 Jones Mrs. E.	62	Node Alfred John, police					
6 Weatherley Jas. H. grocer	60	Davies Chris, crane drvr					
7 Donovan Thomas, foremen	58	James Mrs. Kate					
8 Needs Robt. stonemason	56	Plaister Wm. labourer					
(return)	54	Rogers Joe, labourer					
9 Deakin Charles, cleaner	52	Knight Thos. Henry					
10 Lougher Evan, guard	50A	Meyrick Henry, driver					
11 Orlidge E. toy dealer	50	Vowles Mrs. S.					
12 Howell James, painter	48	West Joseph					
13 Rappell Wm. Hy. mason	46	Pritchard Thomas					
14 Rice Alfred, cellarman	44	Thorogood A. R. traveller					
15 Giddings Fredk. G.g.w.r.	42	Harding Thomas					
16 Hodge Richard, labourer	38	Ellaway W. N. motorman					
17 Hail Albert, dealer	36	Watkins Geo. Ed. painter					
18 Kite James, G.W.R.	34	Rogers Robert					
19 Hufnell James	32	Whitehead James					
20 Churches Thos. labourer	30	Narbett David, saddler					
21 Evans Thos. cabinet makr	28	Harris Wm., Yardley ho					
22 Stephens Wm. foreman	26	Price Thos. assist. supt.					
24 Needs George, plasterer	24	Owen Mrs. S.					
23 Soffe G. W.	22	Smith William Thomas					
25 Thomas John, plasterer	20	Morgan Edgar A. butcher					
	18	Hall Arthur B.					
London Street, D 3	16	Saunders Ed. painter					
From 87 Chepstow-road to	14	Jones Thos. labourer					
Bristol-street.	12	Hopes Syvester R.					
[LEFT HAND SIDE.]	10	Dowle Arthur, clerk					
7 Mole Fredk. sawyer	8	Pugsley Mrs., Ty Gwaliod					
9 Jones Edw. J. F. insptr		CONGREGATIONAL CHAPEL					
11 Reynolds Geo. coal mer.					
13 James David, driver		Lord Street, C 3					
15 Nicholas John, blacksmith		From Junction-road to School					
17 Skene James, fitter		to Albany-street.					
19 Gardner Mrs. A. E.		[LEFT HAND SIDE.]					
21 Light William		1	McKim James, sailor					
23 Chapman Wm. G.W.R.		2	Sanders Wm. painter					
25 Williams E. O. shop		3	Pearce Hy. Jn. labourer					
here is Liverpool-street.		4	Bowden Geo. H. baker					
27 Christophers C., Criccieth	10	Richards Thomas, labr					
29 Fisher Herbert Clement	11	Brown Henry, labourer					
30 Fowler Wm., Blackthorne	12	Lewis Wm. labourer					
33 Williams Hugh, Rosedene	13	Doble Thos. waterman					
35 Jenkins Mrs. Ann, Bryn-	14	Murphy Jno. lime burner					
derwen					
37 Hayles Geo. ins. agent		Lucas Street, C 4					
39 Heath Francis H. carpntr	Queens-hill to Factory-road.					
41 Watkins Mrs. E. S.		[LEFT HAND SIDE.]					
43 Harris Mrs. C. E. nurse	1	Lewis W. J. attendce officer					
Gibbon George					
Murphy Danl. furnace mn					
Collman Wm. stamper,p.o.					
Dowdall Wm.					
Coward Tom, inspector					
Stockwell Jas. gas inspectr					
Parkin Wm. mariner					
John Wm. Hy. inspector					
Burns James, mason					
Bowden Ernest, G.W.R.					
Keew Fredk. Wm. G.W.R.					
Harding Joseph, labourer					
Tilley Thomas, G.W.R.					
Lawless Mrs. H.					
Howard Robert Jas.					
Edwards Fdk. Wm.					
Scoulding Geo. manager					
Dunbar Mrs. M. A.					
(return)					
Hale Thos. dealer					
Williams Geo. labourer					
Rees John J.					
Evans Samuel, machinist					
Driscoll Daniel					
Buckley T. eng. driver					
Lane Leonard					
Lyons Edwd. compositor					
Reardon Patrick, gaswkr					
Comley Albt. carpenter					
here is Rose-street.					
Gooding Fred					
Farr Rd. Hy. insp. G.W.R.					
Titchener Jos. do.					
Taylor Robert, engineer					
Allman Walter, smith					
Donald Frank, assistant					
Lyne Road, B 4					
From 164 Shaftesbury-street					
to Albany-street.					
[LEFT HAND SIDE.]					
Mann R. T., Rising Sun Hotel					
Wood James, G.W.R.					
Wood Geo. F. bricklayer					
Hammond Jas. gardener					
Davidson Cuthbert, fitter					
Williams Isaac, traveller					
Fereday Andrew, mouldr					
Groves Alfd. bottle blower					
Wood Wm. labourer					
Fox Mrs. Ann					
Bowen Chas. labourer					
Pearce Wm. T. G.W.R.					
Gay Mrs. Julia					
Bristow Frank, slatemas					
Harris Mrs. Harriet					
459					
Printers of High-Class Trade Circulars.					
NEWPORT STREET DIRECTORY.
Lyn
Lyne-road-continued
14	Fortey Geo.	Hy. stoker	
15	Thomas John,	labourer	
16	Sleeman Wm.	grocer	
here is Edwin-street.
17	Morrish Mrs. M.	A. shop	
18	Cortan James,	labourer	
19	Hillman Geo. H.	labourer	
PRIMITIVE METH. MISSION	HALL	
(return)
30	Regan Morris,	porter	
31	Collins Cor.	gas works	
32	Cleverley Stephen	
33	Vaughan Jos.	labourer	
34	Cook Geo. F.	G.W.R.	
35	Francis Wm.	fitter	
36	Void	
37	All Saints' Mission house	
–	E. Maxfield,	caretaker	
38	Lewis John,	labourer	
39	Clarke Geo. H.	labourer	
40	Workman Chas.	labourer	
41	Edworthy Geo.	bottlemkr	
42	Barnes Wm.	enginedriver	
43	Fry Wm.	trimmer	
44	Brooks Wm.	Arthur	
(return)
45	O'Brien Patrick,	labourer	
46	Gibson Jos. glass	blower	
47	Herbert Arnold,	labourer	
48	Bell Robt.	gas stoker	
49	Logan Robert	
50	Meadows George,	ganger	
51	Foote Wm.	caretaker	
52	Hallett Charles,	mason	
53	Charles Francis	
SHAFTESBURY ST. BRANCH	READING ROOM.	
Macarthy's Court, D	4
From 153 Commercial-street.	
6	Chester Mrs. B.	
5	Hyndman John	S.	
4	Price W. J.	labourer	
Maddox Close, C	4
Factory-road.	
Magor Street, E	3
Left-hand side Corporation-rd	
[LEFT HAND SIDE.]
11	Pullen Thomas,	fireman	
13	Counsell Henry,	labourer	
15	Perrott Chas.	Hy.ironwkr	
17	Arthur Thomas,	ironwkr	
19	Hall Joseph,	stoker	
21	Schofield Christopher	
23	Void	
25	Void	
27	Maybury Rd.	ironworker	
29	Void	
31	Void	
33	Everson Trevor,	ironworker	
35	Lewis Wm.	ironworker	
37	Void	
39	James Arthur,	G.W.R.	
41	Edwards Alfred,	ironwkr	
43	Arthur William	do.	
45	Hales Albert	do.	
47	Void	
49	Brisbois Alex	J. do.	
51	Hancox William	do.	
53	Hancox John	do.	
55	Hales Mrs. Mary	A.	
57	Whittington Jno.	ironwkr	
59	Griffiths J.	ironworker	
61	Jenkins John E.	ironworker	
63	Sockett Joseph	do.	
65	Walker Wm.	do.	
67	Gripton Jno.	J. do.	
69	Wilkinson Frank	
91	Void	
(return)
96	Keenan Thos.	ironworker	
94	Davies Thos.	do.	
92	Wild Thos.	do.	
90	Flavell Thos.	do.	
88	Head James	do.	
86	Kelly Bert	do.	
84	Curtis Chas.	do.	
82	Potts Henry,	doubler	
80	Shinton Jos.	ironworker	
78	Roberts Lot,	labourer	
76	Void	
74	Phipps George,	ironwkr	
72	Wesson Samuel	do.	
70	Pantyer Wm.	labourer	
68	Hales Thomas,	ironwkr	
66	Sunderland Wm.	labourer	
64	Davies Mrs. R.	
62	Arnold Frank,	ironworkr	
60	Lewis Harry	do.	
58	Aston George	do.	
56	Haywood Geo.	do.	
54	Swatman Mrs. E.	
52	Yeates Samuel,	ironworkr	
50	Jones Jas.	mill worker	
48	Perry Mrs. Martha	
46	Lowe Edward	
42	Void	
40	Perry Saml.	ironworker	
38	Lightwood Wm.	Chas.	
36	Void	
34	Tranter James,	ironwkr	
32	Emery Henry	do	
30	Jones Tom	do	
28	Mogford Alfred	
26	Williams Wm.	wm. ironwkr	
24	Beddington Wm.	labr	
22	Hemmens Alfred	
20	Baker Cleaton,	police	
18	Jackson Eli,	ironworker	
16	Wassall Chris.	ironworkr	
14	Lowe Wm.	J.	
12	White John,	ironworker	
10	Lee Arthur	do.	
8	Larvin Thos.	do.	
6	Williams Wm.	do.	
4	Boswell Thos.	engineman	
2	Kehmstedt H. C.	shop	
Maindee Parade, D	3
From 130 Duckpool-road to	Albert-avenue.	
[RIGHT HAND SIDE.]
1	Jenkins Alfd.	stonemason	
2	Peace Geo.	millwright	
3	Crayford Fredk.	tailor	
4	Talledge Thos.	ballast gd	
5	Rowe Fred.	platelayer	
6	Lewis J. A.	engineer	
7	Turley W. C.	platelayer	
8	Probert Wm.	gardener	
9	Stockwell H.	signal fitter	
10	Clarke Wm. smith	
11	Poole Fred G.	carriage bldr	
12	Taylor A. F.	baker	
13	Bucknell W. H.	fireman	
14	Gear John,	blacksmith	
VICTORIA PLACE—	
15	Hoggett Henry	
16	Bristow Llewellyn,	baker	
17	Deakin Thos. C.	conductor	
18	Turner Mrs. E.	
(return)
19	Bray Arth. coach	painter	
20	James Geo.	Alfred,	monumental sculptor & general mason
21	Lewis Thos.	coal shipper	
22	Williams John	A. teacher of music and organist
23	Voyce Charles,	labourer	
24	Brooks Edwin A.	
25	Robinson Wm.	shopman	
26	Puller A. S.	sampler	
27	Fifoot John,	carpenter	
R. H. Johns Ltd., Wholesale Stationers, 46 Commercial St., Newport.
	Mai			Mal
28	James	John, turner			
29	Halse	Percival Walter			
	MALPAS ROAD HALL	(For-	16	Void
	ward Movement)		17	Morley	Joseph, polisher
55	Conn	Mrs.M.generalshop	18	Bailey	Mathew
57	Jones	Alex. glass works	19	Scahill	Thomas
59	Evans	Wm.John,fireman	20	Void
61	Jeremiah	W. W. clerk	21	Void
63	Stephens	Frederick	22	Void
65	Phillips	Sydney	23	Void
67	Adams	Worthy, ins.supt.	24	Void
69	Richards	Miss D.	25	Roberts	Edward Charles
71	Cox	Mrs. W. E.	26	Thorne	Fred, agent
73	Lewis	John, plumber	27	Addis	Henry
75	Meredith	G. E. carpenter	(	return)
77	Hormann	Louis William	Birkett	Mrs. K., Norlands
	Hormann	Mrs.dressmakr	Jackson	Mrs.M.,Lochnagar
79	Meredith	Mrs. A. C.	Kelston	-	void
81	Ford	George, asst. supt.	Webb	Wm., Leighville
83	Neil	E. E. bottle hand	Brown	J. S., The Laurels
85	Thomas	Edwin, seaman	Williams	Wm. James,
87	Chivers	Wm. G. cab driver	manager,	The Ferns
89	Jewitt	J.D. machinerepr.	Tunnadine	S. H., One Ash
91	Sweet	Walter J. eng'man	Tunnadine	A., Carlton h
93	Benians	Thos. gardener	Malpas Road Brick works
95	Wilson	John, gas worker	158	Chapman	F. assistant
97	Young	Mrs. E.	156	Powell	Ed. blacksmith
99	Thomas	R.J. photographr	154	Brewer	John, G.W.R.
101	Harris	John, mason	152	Jones	Chas. decorator
103	Taylor	John, general	150	Jones	Ed.Os. accountant
105	shop	148	Phillips	A. C. ironworkr
	here is Goodrich-crescent.	146	Garbutt	John Henry
107	Blake	Charles, mason	here is	Pant-road.
109	Pring	Benjamin, police	144	Parsons	R. J. gen. shop
111	Forster	Wm. Geo. Jas.	142	Collard	Wm. S.
113	Phillips	Abraham, labr	140	Mason	Saml. nail cutter
115	Skeet	Wm. farrier	138	Howell	Thos.T.engineer
117	Watkins	Edwd. painter	136	Smith	Herbt. san. insptr
119	Cooper	Alf. wheelwright	134	Vernon	Alfred, manager
	Poole	G. T.	132	Ball	George, ins. agent
	Poole's	Crindau Lime	130	Gait	Mrs. A. E.
	and Mortar Works		128	Barrett	Harry, gas stokr
	KIMBERLEY TERRACE-		126	Vickery	Hy. J. bricklyr
1	Elston	Fredk. H. clerk	124	Marsh	Herbert, postman
2	Lockwood	Alfred R.	122	George	James, joiner
3	Legge	Augustus, tipper	120	Strickland	Thos. mason
4	Bowen	Sidney, fitter	118	Watkins	Thos. butcher
5	Jodes	Fredk. warehosman	116	Berry	John, butcher
6	Greening	H. D. clerk	114	Stevens	George, smith
7	Woodward	Hy. labourer	112	Dowdall	E., Lyceum
8	Preece	Thos. labourer	110	Tavern
9	McCrory	Mrs. Emily		
10	Lloyd	S. A.	108	Morrish	George, baker
11	Mills	Albert. gym. inst.	106	Griffiths	Mrs. E. L. groer
12	Boorer	Herbert	106	Woods	Frank, labourer
13	Brooks	William	104	Baggs	Robt, painter
14	Brown	J. S. sergt. R.E.	102	Stinchcombe	J. shoemkr
15	Puncher	Thos. mason	100	Palmer	Sid. E. foreman
			98	Smith	Geo. Wm. fitter	461
NEWPORT STREET DIRECTORY
CRINDAU GOSPEL HALL
here is Albany-street.
Banfield W. bootmaker
MALVERN ROAD, E 3
Off Corporation-road.
Malpas-road-continued
96 Maddern William
94 Grant Geo. J. carpenter
92 Jobbins George
90 Dyke Mrs. J.
88 Thomas Wm. C. factory
86 Lovelock A. J. G. W. R.
84 Jarvis Thos. Hy. gardener
82 Phillips Mrs. M. J.
80 Griffiths Henry, clerk
78 Stanley Mrs. Sarah
76 Brown Charles, postman
74 Pope Wm. R. J. plasterer
72 Jenkins Saml. carpenter
70 Wright Bert. G. W. R.
68 Drewett F. police sergt.
66 Clayton Hbt. Hy. gasfitter
64 Phillips Edgar, gasfitter
62 Edwards Geo. carpenter
60 Baynham Mrs. A. M.
58 Jones John, agent
here is Brynglas-road.
56 Worthy Fcs. E. boiler mkr
54 Meredith Mrs. Annie
52 Payne John, smith
50 Thistlewaite Mrs. drssmkr
48 Giles George, smith
46 Clayton Edwin, rly insptr
44 Thomas Jas. A. ins. agent
42 Nicholas Alfred
40 Duggan William Geo.
38 Mounce Wm. F. traveller
36 Moss Fredk. Robt. plastr
34 Stokes Wm. confectioner
here is Redland-street.
32 Void
30 Thomas H. butcher
28 Salter Frederick
26 Maloney Thos. gardener
24 Hughes D. shoemaker
22 Richards Benj. eng. driver
20 Kirby Bros. & Davis, tailors
18 Meaker A. painter
16 Hellen Thos. dock lab'rer
14 Stacey Herb. hairdresser
12 Cole John, glass worker
10 Curtis Sidney, factory
8 Fisher Thomas, porter
6 Nelson & Sons, Ltd. 37
butchers
4 Atwell Fred. newsagent
2 Jones E. F. shoemaker
Lea F. J. chemist
Bere H. G. grocer
Morgan Albt. W. butcher
Uzzell S. J. greengrocer
462
MANCHESTER ST., C 3
[LEFT HAND SIDE]
Prince-street to London-street
1 Meaker Wm. G. painter
2 Ferris Edward G. G. W. R.
3 Williams Wm. bricklayer
4 Bell William, planer
here is Camelot-place.
5 Cooper W. R. rubber wks
6 Pages James, labourer
7 Parry Arthur, labourer
8 McDougall Mrs. A.
9 Tooze Chas. mason
10 Morris Wm. Jas. ironwkr
11 Clarke Wm. J. labourer
12 Chapman W. J. salesman
13 East Wm. Chas. labourer
14 Dacey John William
15 Brooks John Hy. tailor
16 Horne Jas. L. labourer
17 Meredith George
18 Snowden Mrs. E. shopkpr
here is Hereford-street.
19 Edwards Wm. greengrocer
20 Reynolds Mrs. H.
21 Poole A. E. postman
22 Pears George, polisher
23 Parsons Hy. brewery hnd
24 Hourihane T. ironworker
25 Jones Ernest
26 Goldstein Barnet, tailor
27 Duggan A. wood cutter
28 Goodman Wm. carpenter
29 Jenkins Wm. collier
30 Smith Joseph, baker
31 Crisp A. E. wood cutter
32 Groves Wm. crane driver
33 Morris Wm. Jas. painter
34 Lewis Geo. butcher
35 Sanders Wm. carpenter
36 Perkins W. H. platelayer
37 Brunt John
38 Rowe Fredk. greengrocer
(return)
55 Probert Mrs. Martha
56 West R. patent fuel makr
57 White Geo. H. greengrocer
58 Pendree Howard, tailor
59 Atkins John, haulier
MANLEY ROAD, C 6
Risa-road (2nd turning).
1 Coakham G. J. carpenter
2 Bale Walter
3 Parkinson G., Fernbank
4 Guy H. C. S.
5 Wansbrough E. J. M.
6 Cole Miss Constance
Cole Miss M. N.
7 Hall Thomas George
8 Standerwick J. gardener
9 Cronan John
10 Williams Saml. gardener
11 Glynn George Edward
12 Griffiths Daniel
13 Kelly E. S., Eskdale
14 Hughes John, Hill foot v
MANSEL STREET, E 2
Off Somerton-road.
[LEFT HAND SIDE]
4 Paginton Frederick
6 Davis John A. blacksmith
8 Jones Albert E. checker
10 Cleverly Nath. H. labr
12 Harris Alfred
14 Jones Wm. H. carpenter
16 Bowman Francis
18 Brooks Wm. labourer
20 Morgan Mrs. Amelia
22 Southam Henry
24 Gosling John, G.W.R.
(return)
23 Grainger Joseph, roller
21 Jaynes Albt. labourer
19 Davies Ben. labourer
17 Pitman James, labourer
15 Hall Ewart, haulier
13 Norgrove John, carpenter
11 Evans John, salesman
9 Hill Frank, labourer
7 Smith T. sheet weigher
5 Bransfield Jno. ins. agent
3 Warry Samuel, labourer
1 Bridges Mrs. M.
MAPLE CRESCENT.
Somerton Garden Estate.
R. H. Johns Ltd., Lithographers, 46 Commercial St., Newport.
Mar
NEWPORT STREET DIRECTORY.
Mar
Marion Street, E. 5
From James-street.
[LEFT HAND SIDE.]
1 Redman Jas. greengrocer
3 Alpin Jas. seaman
5 Traynor Wm. John
7 Gould Aaron, labourer
9 Lovesey Charles
11 Powell Chas. trimmer
13 Purnell Thos. coal trmr
15 Davies Wm. hoistman
17 Carter Wm. labourer
19 Williams Wm.timekeeper
21 Stevens Wm. gen. dealer
23 Burford Arthur, shipper
25 Casey Walter, trimmer
Collier John, labourer
27 Hale Rowland, dk.gat'mn
29 Moss Fredk. James
31 Williams Thos. labourer
33 Jones Walter, labourer
35 Hughes Saml. coal trimr
37 McQuillan Jas. coal trimr
39 Bale Wm. trimmer
41 Clarke Wm. H. oil dealer
here is Pottery-terrace.
ALEXANDRA SCHOOL.
43 Jones Moses, milkman
45 Bartlett Wm. smith
47 Murphy Wm. labourer
49 Wyatt George, carpenter
51 Hughes Wm. trimmer
53 Vittle Albert, boilermakr
55 Gilmore Wm.
57 Beasley Thos. labourer
59 James Mrs. Emily
61 Dyer Joseph, labourer
63 Minns William R.
65 Reynolds Thos. hobbler
(return)
56 Barry John, trimmer
54 Dick Alex. trimmer
52 Hughes Saml. labourer
50 Moore Wm. labourer
Dinham Wm. boilermkr
48 Dinham John, do.
46 Vaughan Dd. eng. driver
44 Baylis Philip, labourer
42 Williams Mrs. E.
here is Pottery-terrace.
40 Harvey John, labourer
38 Emery Sidney, fireman
36 Davies John, coal trmr
34 Maggs Joseph
32 Rock George, labourer
30 Hale Samuel, trimmer
Hughes Thos. labourer
28 Beckett H. window clnr
26 Maggs George, labourer
24 Tucker William, lab
22 Picton George, labourer
20 Purnell Wm. moulder
18 Purnell Thos. trimmer
Morgan D. N. labourer
16 Price Chas. rigger
14 Stenniford Rd. labourer
12 Morgan John, trimmer
10 Noyes John, foundryman
8 Morgan Hy. trimmer
6 Kerridge D. A. labourer
4 Lalies John, seaman
Market (Provision)
C 4
G. A. Parfitt, manager
1 Limbrick G. fancy dealer
2 Keeping J. fish dealer
3-4 Limbrick G. fish dealer
5-6 White W. H. fish dealer
7-8 Horton A. fish dealer
9 Williams J. refreshments
10 Gibb W. poultry dealer
11 Thomas Henry, butcher
13-14 Colonial Meat Co.
15 Haine S. refreshments
16 Watkins K. butcher
17 Haine C. F. greengrocer
18-19 Watkins Bros. butchrs
20-21 Eastman's Limited
22 Evans W. butcher
23 James L. butcher
24 Duckham Bros. butchers
25 Collett H. butcher
26 Thompson J., butcher
27 Wellsteed H. butcher
28 Habberfeld R. F. butcher
29 Davies John, butcher
30 Lewis J. confectioner
31 Wellsteed T. butcher
32 Pope D. butcher
33 Davies Rees, butcher
34 Edwards James, butcher
35 Richardson S. A. butcher
36-37 Basham John & Son
38 Jones W. greengrocer
39 Tandy E. greengrocer
40 Downey Kate, greengrocr
41 Hedge H. T. confectioner
42-43 Uppington T. greengrer
44 Andrews B. greengrocer
45 Evans E. greengrocer
46 Williams W. greengrocer
47 Lewis W. greengrocer
48 Baker G. greengrocer
49 Basham T. greengrocer
50 Gibbs A. greengrocer
51 Lewis J. greengrocer
52 Sindry Bros.greengrocers
53 Davey R. china dealer
54 Lovell G. F. confectioner
55 Edwards John, butcher
56 Duckham R. butcher
57 Williams W. butcher
58-59 Duckham F.G.butcher
60 Partridge H. butcher
61 Mogford J. butcher
62 Jones D. draper
63 Pile B. butcher
64-65 Eastman's Limited
66 Wooley H. butcher
67 Taylor S. E. greengrocer
68 Sheppard E. greengrocer
69 Uzzell H. greengrocer
70 Harris John, greengrocer
71 Williams R. greengrocer
72 Davies A. W. florist
73 Turner and Wainwright,
confectioners
74 Uzzell H. greengrocer
75-76 Orlidge E.
77 Kedward J. R. florist
78 Dickins Mary, refreshmts
79 Cattell J. confectioner
80 Woodley H. butcher
81 Eastman's Limited
82 83 & 84 Jones G. E. fancy
dealer
85 Case S. fruiterer
86 Gough C. butcher
87 Morgan M. refreshments
88 Morgan Uriah, butcher
89-90 Baldwin W. butcher
Printers of Illustrated Catalogues and Price Lists.
NEWPORT STREET DIRECTORY.
Mar
Mar
Market—continued
91-92	Baldock A. W.	butcher	.
93	Dent Arthur	butcher	.
94	Hooper	butcher	.
95-96	Poole G. E.	butcher	.
97	Coles P.	refreshments	.
98	Webb W. H.	butcher	.
99	Locke H. J.	butcher	.
100-1	Sayer W.	grocer	.
102-3	Cornick John	grocer	.
104-5	Watkins J.	grocer	.
106	Gunter E. P.	grocer	.
107	Bowden Bros.	confectionrs	.
108-9	Williams J. H.	grocer	.
110	Anstee E.	greengrocer	.
111-2	Cordey T. Ltd.	grocers	.
113	Williams W. A.	fancy d'lr	.
114-5	Orchard A.	greengrocer	.
116	Barton J.	greengrocer	.
117	Thomas Mrs.	confectioner	.
118	Green Jos.	shoe dealer	.
119	Embling D.	confectioner	.
120-1	Cooperstein B.	drapery	.
121	Cooperstein B.	drapery	.
122-3	Taylor W. J.	refreshmts	.
124	Jones S.	books	.
125	Jones E. G.	.	.
126	Capper H.	butcher	.
128	Morgan E.	butcher	.
129-30	Gower T. S.	grocer	.
131	Jones A.	fancy dealer	.
132	Jones W.	greengrocer	.
133	Coles P.	refreshments	.
134-5	Pell A. G.	confectioner	.
136	Rose J.	confectioner	.
137	Davies Mrs.	newsagent	.
138-9	Bowden Bros.	confenrs	.
140	Baker A.	greengrocer	.
141	Baker E.	greengrocer	.
142	Baker J. G.	greengrocer	.
143	Collingbourn F. J.	.	.
Market Street, C 4
From 22 High-st. to Dock-st.
[LEFT HAND SIDE.]
1	Parry E. R.	outfitter	.
2	Dowdall P.	dining rooms	.
3	Smith J.	earthenware & china dealer	.
Carver	Mrs. Susan	.	.
4	Arnold A. G. & Son, en-gineers and ironmongers	.	.
7	Tandy Chas.	Black Swan	.
	here is Market-arcade.
	Carpenter's Arms-lane.
7	Flook H. & Co.	wholesale fishmongers & fruiterers	.
8	Lewis A. Ll.	Cross Keys	.
10-11	Flook & Co.'s	stores	(return)
12	Tamplin Wm.	bootmaker	MARKET HOUSE
14	Stoneman G. J.	watchmkr	.
	Carver Rd.	hairdresser	.
Marlborough Rd., D 3
From Harrow-rd. to Eton-rd.
[LEFT HAND SIDE.]
1	Wilkinson Chas. K., Blair Drummond	.	.
3	Ployblank A., Marlboro' h	.
5	Parker Robert,	Dunellan	.
7	Davies Wm. John	.	.
9	Leigh Tom,	Isleworth	.
11	Griffiths Fdk.,	Walliscote	.
13	Evans Fdk. Geo., Lucerne	.
15	Cohen Noah,	Geneva	.
17	Richards D. W.,	Gienlyn	.
21	Flint Fredk.,	The Hoe	.
23	Griffiths Chas.,	Ormesby	.
25	Channing Harry,	Gowerh	.
27	Borough Frank	.	.
29	Baulch Wm. M.	.	.
	Richards D. W., Ltd, builders and contraetors	.	.
31	Monks S. J.	.	.
33	Moore D. J., Machen ho	.
35	Barnett James	.	.
37	Howells Wm. H., Rothsay	.
39	Givons J. R., Eton view	.
41	Stewart James C.,	Ailsa v	.
43	Abbott Jas.,	Ferndale ho	.
	Vacant sites	.	.
49	Price Frank A.,	Clyde ho	.
51	Gibbons John Hy.,	Tre-genna	.
53	Taylor F. W., Caswell ho	.
55	Gardner H. J.,	Bute ho	.
57	Ball Alfred, Glenview	.
59	Scott Jas., Ross house	.
61	Void	.	.
63	Void	.	.
65	Davies D. J.	bldr, Trigfa	.
65A	Davies D. J.	bldr's yard	.
67	Davies Ernest	.	.
69	Malborn Joseph	.	.
71	Evans Charles	.	.
73	Marshall John	.	.
75	Thomson H. G.	.	.
77	Heath Fredk.	.	.
79	Cossick Solomon, tailor	.
81	Bowen Mrs. G., Almora	.
83	Jones Alfd. Hy., Fern Lea	.
85	Hooper J.,	Lynwood	.
	Hooper J. & Sons,bldr'syd	.
	Morris & Biddle,carpentrs and builders	(return)
	vacant sites	.
84	Phillips David Geo.	.	.
82	Richards Reginald F.	.	.
80	Brown Edward	.	.
78	Burgess Edward	.	.
76	McCall Stephen	.	.
74	Reeves George	.	.
72	Jones Charles	.	.
70	Doyle James	.	.
68	Williams Mrs. F. A.	.	.
66	Johns Mrs. M. H.	.	.
	here is Oriel-road.	.
	Vacant sites	.
40	Lewis James	.	.
38	Anderson George J.	.	.
36	Esedaile A. J., Roxburgh	.
35	Biddle W. H., Germiston	.
	here is Elton-road.	.
32	Fulton James, Corralinn	.
30	Senior H. G., Springfield	.
28	Linton Mrs. T., Clivedon	.
26	Griffiths Wm., Parkfield	.
24	Swannock W., Clarence h	.
22	Smith S. G.,	Becceles	.
20	Erickson C.,	Prospect ho	.
18	Griffiths J. M., Heatherwood	[Brynderrin]
16	Lewis John Edward	.	.
14	Watkins Chas.,	Glendale	.
12	Thain William Leslie	.	.
10	Lawrence Jas., Corwen h	.
8	WorboiserR., Westward ho	.
6	Wise Reuben, Glencoe	.
4	Jones Wm., Baynesville	.
2	Baker Edward, Parkham	.
	Marshes Road.	.
	Now Shaftesbury-street.	.
	Marshesfield Street.	.
	[LEFT HAND SIDE.]	.
1	Bastin Hy., shipwright	.
3	Keates Geo. ironworker	.
5	Manley Richd.	do.	.
7	Duggan James, labourer	.
9	Hooper Charles	.	.
11	Beech Thos. ironworker	.
13	Rowley Joseph, ironrwkr	.
15	Bennett Jas. ironworker	.
Mar			NEWPORT STREET DIRECTORY.			Mil
17	Trickett	Wm.					
19	Bryon	John Hy.					
-	Vacant sites		(return)				
-	Vacant sites					
MAY STREET, D 3					
From Wharf-rd. to Lennard-street.					
[LEFT HAND SIDE.]					
1	Roberts	Wm.	platelayer			
3	Kersley	Edwrd.	ironwrkr			
5	Pates	Wm.	tram driver			
7	Hodge	Benjamin	baker			
9	Colley	Ernest	carpenter		26	
11	Isitt	Samuel	blacksmith		27	
13	Crompton	Mrs. E.		(return)	28	
-					29	
4	Kleinstein	J.	bootrepairer		
MELLON STREET, D 3					
From 134 Dock-st. to George-st.					
[LEFT HAND SIDE.]					
1	Emmott	Benj.	ins. agent		
3	Lewis	Charles	milkman		
5	Scanlon	Jas. Jos.	labr		
7	Crean	Jas.	labourer		
9	Evans	Wm.	labourer		
11	Pocock	Joshua	labr		
13	Fitzgerald	Geo.	labourer		
15	Mellon	John	labourer		
17	O'Brien	Marshall				
19	Murphy	Cornelius					
21	Haggerty	Jere.	labourer		(return)
4	Price	Geo.	labourer			
38	Watts	John	labourer			
-	here is Robbins-lane.					
Baker & Blackmore,	shoe-ing smiths				
36	Phillips	& Sons	stables			
34	Westbury	Hy.	C.	foremm	
32	Hall	Robert	George			
30	Sullivan	Cor.	labourer			
28	Blanks	Henry	labourer			
26	Young	Alfred	labourer			
24	Dervin	John	labourer			
22	Daley	Mrs. Julia					
20	White	Hy.,	'Irishman's	Arms		
18	Thackwell	Geo.	mason			
16	Stevens	Albert	G.W.R.			
14	Dallimore	William					
12	Trump	Robert					
10	Collins	Mrs. Mary	E.			
8	Walsh	Dennis	labourer		12	
6	Pugh	Aaron	labourer		13	
4	Stevens	James	labourer			
2	Hicks	Arthur					
MERCHANT STREET, D 4					
Opposite back of Town-hall.					
Horton's lodging house					
21					
22	Void					
23					
24	Payne	John	smith shop		
-	Banfield	H.	E.	carpenter
25	Edmunds	Mrs.	Mary Ann			
26	Jones	Mrs.					
27	Edwards	Geo.	hawker			
28	Welsh	John	labourer			
29	Evans	Mrs.	Edith			
MENDALGIEF ROAD, E 5					
Cardiff-rd. to Alexandra-dock			
Corporation allotments					
Pillgwenlly Athletic ground					
(return)					
-	Vacant sites					
-	Four houses	void			
-	here is Milman-street.					
-	Six houses	void			
-	here is Alice-street.					
1	Martin	John	rigger			
Hill	Thomas	builder			
Hughes	John	G.W.R.			
Phillips	Lewis	coal inspector			
Gough	Gilbert	G.W.R.			
Cann	Alfred	shipwright			
Thomas	Wm.	engine driver			
Nowell	Joseph	traffic insptr			
-	Two houses	void			
-	here is Adeline-street.					
-	Houses building					
-	New Park					
-	Vacant sites					
METHUEN ROAD, E 3					
Off Eton-road.					
1	Williams	Henry				
3	Whitaker	Wm.	Alfred			
5	Bown	E.	G.			
7	Beaumont	Wm.	C.	H.	
9	Biggs	William					
11	Lloyd	Mrs.	M.			
13	Bryant	Arthur	S.			
-	here is Oriel-road.					
-	Vacant sites					
17	Hedley	Jas.,	Chisholm		
19	Greenland	Misses			
21	Void					
23	Void					
-	Vacant sites					
Metropolitan Bank	Chambers.				
See Commercial-street.					
Midland Bank	Chambers.				
1	Bridge-street.					
MILL PARADE, F 5					
From end of Commercial-road					
to Watchhouse-parade.					
1	Griffiths	C.,	Ship Hotel		
-	Griffiths	Brothers,	Ltd.,		
-	brewers, etc.					
2	Ash	Mrs.	S.				
3	Void					
4	Void					
5	Trigg	Mrs.	M.	J.	shop
-	here is Pottery-road.					
7	Void					
9	Void					
-	Coubro & Scruttun,	ship-chandlers		
14	Watkins	Wm.	haulier			
15	Lavender	Dd.	Jno.	smith
16	Sully	John					
17	Lawrence	Hy.	ironfoundr		
18	Casey	James					
19	Anstice	Thomas	George			
20	Webb	Robert	dock pilot		
-	Bailey	C.	H.	engineer, &c.,	
-	Tyne Engine works					
-	Isca Foundry	and	Engineering Co., railway	
-	plant and genl.	engineers		465	
For every Description of Commercial Printing.		
Mil
Mill-parade—continued
23	Dixon	G.	tailor		
CONGREGATIONAL CHURCH		
24	Wood	Albt. dock labourer	56	Haggarty	Michael
25	Hale	Mrs. Caroline	58	May	A. H. traveller
26	Fisher	Tom, dock labourer	60	Baker	E. C. coal trimmer
27	Parry	Geo. W. coal meht	62	Void	
28	Smith	James, electrician	64	Jones	Geo. coal trimmer
29	Sully	Wm. fisherman		(return)	
30	Parry	Jas. coal merchant	41	French	Jas. coal trimmer
31	Lewis	Heury, crane drvr	39	Hughes	Thomas	
32	Cartwright	T. G. collec-	37	Lynch	Chas. rivetter
	tor's office	35	Thayer	Walter, pilotsman
33	Howlin	Richard	33	O'Neill	Wm. trimmer	
	here is Coomanssie-street.	31	Sadler	Fredk. storekeepr
34	Echevarria	Jose, grocer	29	Lynch	F. foreman	
35	Void		27	Driscoll	Denis	
36	Littlejohns	James	25	Richards	William	
37	Void		23	Bale	William Henry	
38	Void		21	Thomas	Idris	
39	Void		19	Stevens	R. J., The Grange
40	Collier	Mrs. E.		here is Wolseley-street.	
41	Perkins	Wm. haulier	17	Cameron	Jno., Westleigh
42	Evans	Geo. West of Eng-	15	Nash	Geo. dock boatman,
	land Tavern		Pen-y-lan	
	here is Watchhouse-parade.	13	Myler	David, Rockleigh
	(return)	11	Spurrier	A. W., Fernlea
Cardiff and Newport Patent	9	Spurrier	D., Pendeen	
Fuel Co., Rhoswen wharf	7	Suller	Frederick	
—J. Evans, manager	5	Griffin	Joseph, foreman	
TRANSPORTER BRIDGE	3	Jones	Thomas G. pilot	
Thomas C. H. wagon repairer,	1	Bigmore	Simon, junior	
	smith, etc.	Milner Street, E 3
Lydney and Crump Meadow	Off Corporation-road.	
Collieries Co., Ltd.—S. O.	[RIGHT HAND SIDE.]	
	Hands, agent	2	Absalom	John, assistant
Newport Foundry Co.—H.	4	Salvidant	Jos. shipwght
	Lawrence, proprietor	6	Murray	Chas. boilermkr
Newport Engineering & Ship	8	Williams	Edwd. ironwkr
	Repairing Co., Ltd.	10	Void	
Tredegar Dry Dock and	12	Pottle	Joseph	
	Wharf Co., Ltd., engineers	14	Williams	John T. do.
	and ship repairers	16	Onions	John	do.
Mill Street, C 4	18	Gallear	Isaiah	do.
From Shaftesbury-street to	20	Woods	Wm. chargemau
	Gold Tops.	22	Tyler	Rd. A. ship painter
[LEFT HAND SIDE.]	24	Screen	Wm. ironworker
1	Sims J. W., Eastern Valleys	26	Webb	W. H. caretaker
	Thomas-street Subway.	28	Edwards	Geo. ironworker
	here is Railway-bridge.	30	Carthy	Robt. W. do.
	(return)	32	Searles	Ernest	do.
19	Smith	Geo. glass blower	34	Edwards	A.	do.
20	Robson	John, G.W.R.	36	Carthy	James	do.
21	Sheppard	Mrs.	33	Beech	Caleb	do.
22	Haste	Walter, driver	40	Cousins	Geo.	do.
466	42	Whitehouse	Rd. do.
	44	Birch	Jabez	do.
R. H. Johns Ltd., Printers & Stationers, 46 Commercial St., Newport.
Mil
46	Williams Job, ironworker	do.
48	Lockley Joseph
(return)
13	Maycock John James
11	Head Jonathan
9	Rew James G. ironwork	r
7	Keyse Wm. boilermaker	do.
5	James Wm. Hy. ironwkr
3	Whitehouse Thos. do.
1	Stone William
Morden Road, C 3
From 140 Caerleon-road to
Christchurch-road.
[LEFT HAND SIDE.]
McDonald H. D., Morden ho	46
1	Daly John
2	Capper John H., Calindo h	48
3	Bevan Miss C.
4	Squire Lewis, secretary
Co-operative Society
5	Cessac Chas P.
6	Miller Alfred
7	Turner John, stonecutter
8	Holchet H. H.
9	Snelling EdwD. wheelwgt
10	Richards Chas. H.
11	Lewis John
12	Snook Jas. traveller
13	Morris John, Llandogo h	57
14	Nancekiewill Thomas
Waters Alfred E. clerk
draughtsman
15	Scott Albert
16	Yeates William, traveller	60
17	Billingham C. J. T.	61
62	Nicholls John
63	Attwood Alfred
64	Phillips Mrs. Fanny
18	Hynyman Wm. D. P.O.
19	Robertson Charles
20	Blatchly J. J. gas fitter
21	Hepburn D. C., Hadley h	66
22	Trew E. J. clerk, Whitley h	67
23	Fox James, ironmonger
24	Banwell Frank
25	Williams Arthur M., p.o.,
Greencroft
26	Meaker Sydney
here is Ronald-road.
HIGHWEEK TERRACE–
27	Little A. W., Ingleside
28	Taylor H. V., Mt. Pleasant	76
29	Hodgson George
30	Blowen Edward John
31	Prithcard C. M. clerk
32	Page C. Ernest, architect
33	Bayliss J. W., Melverton h
34	Foxon W. H.
NEWPORT STREET DIRECTORY.
35	Cole A. Kenrick, Staverton
here is Leicester-road.
BELLE VUE TERRACE–
36	White Hy. Jas. grocer
37	Holmes Chas. F., Cynon v
38	Williams Harry
39	Clements F. C.
40	Jory Hubert V.
41	Oldrieve James
42	Wahlberg A.
43	Brown Mrs. J., Crofton h	13
44	Jones Hedley
45	Robson Rev. G. B., Nor-	17
wood house
(return)
VOID
47	Allen W. A.
Hall Lawrence George
here is Leicester-road.
ARCADIA TERRACE–
49	Turner Alfred, engineer
50	Void
51	Prosser Benjamin
52	Groves Richard
53	Rocke Chas. G. accountant	4
54	Stewart Mrs. A. E.
here is Ronald-road.
55	Roberts John
56	Wilks H. E. accountant	4
57	Sier W. T.
Mor
Morris Street, D 3
From 186 Corporation-road.
[LEFT HAND SIDE.]
1	Moise John, G.W.R.
3	James Wm. J. motorman
5	Hipkins David, ironwkr
7	Margetts T. W. millwrgt
9	Sterry Wm. labourer
11	Davies Miss Selina
13	Macdonald Charles
15	Moss John E. wagon bldr
17	Compton Geo. carpenter
19	Rippon Albert
21	Woodfield Isaac, labourer
23	Barnbrook Enoch, ironwkr
25	Dyer Hy. C. engine drvr
27	Scotford Charles
29	Ebdon Tom, foreman
31	Loder H. frame maker
33	Jones Jno. T. engine drvr
35	Nekrewes Miss L.
37	Collard Mrs. Jane
39	Baker John, sheetweigher
41	Langford EdwD. sawyer
43	Pembridge Philip
45	Ratcliffe John, wire drwr
47	Johnson Aug. gas wrkr
49	Jay Leopold, tailor
(return)
58	Callier W. R., P.M. & P.	H.	52	Davies Mrs. S.
Callier Bros. drapers	50	Chivers Oliver, postman
59	Attewell W. J. inspct.g.w.r	48	Mathews James
60	Scott James McFarlane	46	Paget Albert J. postman
61	Evans Rev. David	44	Morris Wm. ironworker
42	Knapp George
40	Dywies EdwD. weighman
38	Heath Thomas, shearer
65	Dyer Fredk. engineer	36	Hiley Wm. Hy. wirewkr
66	Wayland S. F.	34	Williams Philip, motormn
67	Jones W. bridge carpenter	32	Davies Mrs. Hester
68	Gosling Mrs.	30	Heath EdwD. O. roller
69	Mathews R. T. clerk	28	Newbury Allbt. H. collectr
70	Lewis G. P.	26	Gittings Wm. wiredrawer
71	Seer Joseph, traveller	24	Owen C. H. railway guard
72	Jenkins Wm. accountant	22	Harper Walt. wiredrawer
73	Heffer Jas. rlwy foreman	20	Dix James, ironworker
74	Pound James	18	Workman Wm. G.W.R.
75	Cliff Jos., Richmond ho	16	Jones Wm. shearer
76	Green Jas., Coombe ho	14	Johnson Alfd. eng. driver
77	Morgan Fredk.	12	Hill Hy. John, fireman
78	Ward Geo. warehousemn	10	Lloyd Ed. schoolmaster
79	Roberts J. H. schoolmastr	8	Workman Richd. checker
6	Crotty Mrs. Julia
4	Jenkins 'Thomas, ironwkr
Morgan Street, D 5	2	Jeffreys H. wheelright
Now Park-square, Nos. 31-40	467
Suppliers of Best Grade Office Stationery.
NEWPORT STREET DIRECTORY.
MOUNTJOY PLACE, D 5
Mountjoy-rd. to Clytha-cres
[LEFT HAND SIDE.]
1	Pleace	Jas.	water clerk		
2	Dumayne	Chas.	shipper		
3	Arr	Wm. D.	timekeeper		
4	Gillman	Frank		
5	Void		
6	Organ	J. C.	tramway insptr		
7	Smith	Alfred Chas.		
8	Jones	Edwd.	ships' pntr		
9	Fenton	William		
10	Scrivens	George		
11	Syner	R. W.		
(return)
12	Davies	Mrs. Margaret		
13	Lloyd	P. R.		
14	Keepin	Fredk. Wm.		
15	Williams	Edwd. L.	clerk	
16	Thomas	Mrs. Jane		
17	Bye	Chas.	musician		
18	Lloyd	P. R.	engineer		
19	Fisher	George		
20	Strickland	Valentine G.		
21	Walker	Walter		
MOUNTJOY ROAD, D 5
From 14 Herbert-street to Commercial-road.
[LEFT HAND SIDE.]
1	Smith	J. W.	pork butcher		
2	Sturley	J. G.	shipwright		
3	Budden	George Wm.		
4	Harris	J.	foreman fitter		
5	Hallett	Jos.	inspectr. G.W.R.		
6	Rogers	Wm.	plasterer		
7	Davies	Mrs. Emma		
Hancock Wm. & Co., Ltd.	baker	Anchor Brewery	
(return)
Gammon	George H.	hay	stores	
8	Keohane	Timothy		
Morgan & Son,	cab and carriage proprietors, Tyne house	car-riage proprietors, Tyne ho	
Thatcher & Co., Ltd., Bristol Smith Wm. Mason Brewery	brewery	
Rosser	Thos.	coachbuilder		
MOUNTJOY STREET, D 5
From Mountjoy-place to 149 Commercial-road.
1	Bienes	Frank		
2	John	James,	H.M.C.	
3	Weare	Mrs. Eliza		
4	Jenkins	William Lewis		
5	Trent	William,	labourer	
6	Bryant	Arthur		
7	Greer	John		
Void		
(return)
Burleigh & Jones,	under-takers	Christians' Meeting Rm	
9	Schoolroom		
10	Void		
11	Pennington	F.	boilermkr	
13	Morgan	A. & Son,	under-takers	
NASH ROAD, F 2
From Somerton-rd., Liswerry
Capper	Chas.,	Victoria Inn	
Dalton	Alfd.,	Pontvane farm	
13	Void		
15	Void		
17	Weston	Michael,	trimmer	
19	Youngston	Daniel		
21	Phillips	Mrs. Hannah		
(return)
32	Pinkler	B.	labourer	
30	Powell	Wm.	boarding ho	
28	Lewis	Evan,	labourer	
26	Mapstone	Mrs. Mary		
24	Gearon	Cornelius,	trimmer	
22	Jenkins	Wm.	labourer	
20	Smith	Chas.	do.	
18	O'Brien	Joseph	do.	
16	Lloyd	Wm.	do.	
14	McCarthy	Michael		
12	Champion	Geo. Hy.	labr	
10	Rowlands	Thos. Hy.	labr	
8	Casey	Thomas,	trimmer	
6	Thomas	Mrs. Margaret		
4	Driscoll	John,	labourer	
2	Plummer	Mrs. Fanny,	Foresters' Arms	
Newport Arcades,
See Arcades.
North Street, D 5
Baneswell-road to Jones-street
[LEFT HAND SIDE.]
Welsh	Mrs. Hannah		
Jones	Mrs. Ann		
here is Victoria-square.
Tredegar Constitutional Club		
- F.	Chave,	steward	
CARLISLE PLACE-
1	Evans	Mrs. Thomas		
2	Gilbert	Hy.	warehousemn	
3	Mayberly	Wm. Hy.		
4	Hurley	Richd.	Juo. labr.	
R. H. Johns Ltd., Fine Art Printers, Commercial St., Newport.
Nor		NEWPORT STREET DIRECTORY.	Oak				
5	Tucker	Mrs. E.				
	Tucker	E., plumber			
6	Sadler	Ernest, traveller			
	here is Waters-lane.			
	Shute	Philip, labourer			
7	Howells	W. H., signalman			
8	Cromwell	Thomas			
10	Clemes	A. W., carpenter			
11	Collard & Son, carpenters			
	Collard	William			
	here is Providence-place.			
	BRITANNIA BUILDINGS—			
12	Miles	George, labourer			
13	Whelton	Mrs. L.			
	Whelton	John, reporter			
14	Williams	Mrs. Margaret			
15	Burrell	W. J., Britannia			
	Inn			
	here is Wesley-place.			
	CORPORATION BATHS			
16	Charles	Mrs. Lucy			
17	Bickley	A., cabinet maker			
18	Minchin	Arthur, labourer			
	here is Havelock-street.			
20	Boucher	Charles			
21	Bishop	Henry, G.W.R.			
	(return)			
	here is St. Mary-street.			
22	Nelson	William, grocer			
23	Hamilton	Stuart			
24	Bowden	John, engineer			
25	Morgan	William, butcher			
26	Lewis	William, collier			
27	Willmott	George			
28	Manship	Mrs. Mary			
29	Allen	Mrs. Annie C.			
30	Bevan	John, signal fitter			
31	Distin	W. H., gardener			
32	Boucher	Mrs. Theresa			
33	Morgan	Wm., labourer			
34	Shell	Thos., puddler			
35	Smith	Thos. Hy., plumber			
36	Tugby	John, labourer			
37	Banks	James, tailor			
38	Knight	Mrs. Rhoda			
39	Tate	Benjamin			
40	Banks	Henry, cellarman			
41	Hern	Mrs. Louisa			
	here is Scard-street.			
42	Morgan	M. E., shopkeeper			
43	Cole	Mrs.			
44	Banks	R., foreman			
45	Evans	Albert, signal fitter			
46	Morrisey	John			
47	Purnell	John, salesman			
48	Porter	Stanley Jas.			
49	Hurley	Hy., gas worker	8	Wheeler	Henry
50	Scard	A., corn warehouse	9	Lixton	Mrs. E.
51	Scard	Henry			
52	Pearce	Henry, labourer			
53	Maskell	John	Oakfield Road, C 5	
54	Reeves	C. H., labourer	(Clytha Park.)	
55	Miles	Arthur, hawker	2	Bailey	W. J., Daisy lawn
56	Lewis	Miss Elizabeth	4	Davies	John, Glenview
57	Bickerton	Wm. labourer	6	Hammond	E. A., Bryn-
	Collard Wm., Carlisle cottage	clytha	
	Baldwin	H., Carlisle cottage	8	Newman	E. B., Ty-melyn
	Whittaker	Alf., Ltd.,	here is Parkfield-place.	
	printers	10	Lawrence	Mrs. J., Lyn-
		mouth		
	Oak Street, B 2		Vacant sites		
	From 307 Caerleon-road to	here is Hilla-road.		
	Durham-road.		4	Houses building	
	[LEFT HAND SIDE.]	34	Williams	Benj., Blaenpant
1	Barnes	C. H., dispenser	36	Sanders	John	
3	Waters	Mrs. E.	38	Gething	J. O. K., Olinda
5	Issitt	Lemuel	40	Roberts	Mrs. W., Strath-
7	Owen	Wm. foreman	clyde		
9	Bicker	Wm. R. eng. drvr		Vacant sites		
11	Taylor	Chas. Edward	42	Kerslake	G., Glynarthem
13	Taylor	Mrs.E., cert.midwife		Kerslake	Miss J.	[croft
15	Hutchings	T. P.shipwight	44	Burrough	H. G., Holme-
	St. Julian’s	Steam Bakery	46	Cooper	Edwd., Sharuhen
	C. J.	Price	48	Sergent	T. E.	
	here is Durham-road.	50	Alger	Thos.E.,The Dingle
	here is Sutton-road.	52	Heard	Melville, Ty-nant
	Parsons	A.F.,Donnington	54	Parkes	W. G., Dargle
	(return)		Vacant sites		
20	Jones	C. plasterer & bldr	60	St. John	Baptist Mission
	here is Sutton-road.		House	-(The Clewer
	here is Durham-road.		Sisters)	Sister Selina,
18	Andrews	William		sister superior	
	here is Durham-road.	62	Summers	Rev. J. F., St.
16	Price	C. J. baker		John’s	Vicarage	
14	Williams	Wm. labourer		here is Risca-road.	
12	Passwater	Joseph,seaman		(return)	[lands
10	Roberts	Wm. blacksmith	99	Daniel	E. G., The Wye-
9	Owen	Thomas, mason	97	Newland	Alfred, Ivanhoe
6	Greening	Charles J.	95	Morgan	W., The Nutshell
4	Colegate	Charles, waiter	93	Phillips	Percy,Gartheelyn
2	Howells	Robt.W.milkmn	91	Davie	Watkin, Jesmond
		89	Arnold	A. G.	[house
		87	Lewis	Mrs. L.		
	Oak Terrace, C 4	85	Hughes	William		
	From 7	Thomas-street.		2	Houses void	
1	Williams	Alfred, p.o.		House	building	
2	Shellam	D. labourer		House	void		
3	Knight	Walter, G.W.R.		Vacant	sites		
4	West	Mrs. Ann	49	Tovey	G. H. undertaker
5	Hubbard	Alfred	47	Morgan	Thomas, Brockle-
6	Poulson	William, labourer		bank		
7	Gloyns	William, labourer		here is	Hilla-road.	
		45	Howell	T. H., Pendennis
		49	469		
Manufacturers of Ledgers and Account Books.			
NEWPORT STREET DIRECTORY.
Oak
43	Graham	Arth. S. B.,	Ingle-nook
Oakfield-road—continued
25	Corfield	L. C.,	Glynneath
Vacant sites
19	Abrahamson	L. S.,	Derwen
17	Oliver	Alex.,	Morven
15	Robinson	C. L.,	Standean
13	Allen	Maurice,	Osmaston
11	White	Ernest,	Brenholly
9	Bevan	Mrs.,	Brenhilda
Oaklands Road, D 3
See Kensington-place.
Oakley Street, E 3
[RIGHT HAND SIDE.]
2	Taylor	Frank	Walter
4	Hornby	Francis,	ironwrkr
6	Meeson	Wm. R.,	fireman
8	Phillips	Benj.,	engineer
10	Goodwin	John,	ironwrkr
12	James	Aubrey,	steelwrkr
14	Ward	Robert
16	Williams	Jos. H.,	ironwrkr
18	White	Joseph,	labourer
20	Williams	Ed. J., ironwrkr
22	Yates	Mrs.	Emma
24	Clarke	Alfred
26	Waite	Benjmn.	ironworkr
28	Carvell	Joseph	do.
30	McGeever	Pat	do.
32	Edwards	Hy.	do.
34	Hartshorne	John	do.
36	Roden	Wm.	do.
38	White	Simeon	do.
40	Potts	Josiah	do.
42	Potts	David	do.
44	Richards	David	do.
46	Walters	A.,	sheetweigher
48	Williams	Daniel
50	Fletcher	Wm.,	ironworker
52	Jones	Alfred	do.
54	Middleton	Hy.	do.
56	Clarke	Mrs.	M.
58	Lloyd	W. J.,	ironworker
60	Clarke	Percy	do.
62	Foy	Edward	do.
(return)
Vacant sites
33	Hawkins	Wm.,	ironworker
31	Lee	Samuel,	genl.	dealer
29	Hodson	David,	labourer
27	Bills	Joseph,	ironworker
25	Lockley	Aaron,	ironwkr
23	Holding	Mrs.	Clara
21	Maggs	Joseph,	carpenter
19	Thomas	Mrs.	H.
17	Vaughan	Saml.,	bricklayr
15	Robinson	Wm.,	fireman
13	Williams	Geo.,	ironworker
11	Jones	William,	collier
here is Slade-street.
9	Friswell	Thos.,	ironworkr
7	Smith	Stephen,	ironwrkr
5	Knowles	Walter,sheetwgr
3	Void
1	Carter	Thomas,	ironwrkr
Ombersley Road, C 6
[Bassaleg-road to Upton-road.]
[RIGHT HAND SIDE.]
2	Williams	David,	Logell
4	Dunn	Wm.,	Holman
6	Adey	J. D.,	Carn	villa
8	Thomas	Misses,	Highfield
10	Cullum	The	Misses
12	Miles	Charles	Albert
14	Smithson	Percy,	Rosedale
16	Oates	R.
18	Nicholls	Mrs.
20	Mason	E. H.,	Mayfield
22	Saunders	G. H.,	Westleigh
24	Bruce	Miss	Ann
26	Bowen	John,	Aelybryn
28	Townend	S.,	Langley	ho
30	Shaw	Mrs.	E. F.,	Tresilian
32	Price	Mrs.	Charlotte
34	Phelps	Misses,	Greyville
36	Pickford	T. N.,	Southgate
38	Campbell	Wm.	Eric
40	Walters	C. H.,	Wynyard
42	Walters	Geo.,	"Hauffryn
44	Thomas	Rev.	S. D.,
Brockhurst
46	Williams	G. M.,	Melrose
48	Rowland	Mrs.	C.,	Hurst-leigh
Needham	J. M.,	coal	mer.
52	Harries	J.	traveller
54	Jayne	Miss
56	Saunders	Alfred
58	Lewis	Mrs.	F.,	Bryterion
60	John	Miss	S. A.,	Shillong
(return)
33	Graham	W. C.
31	Jones	Ed. W.,	Whitsunville
29	Brook	J. C.,	Avonlea
27	Ford	Chas.,	Brooklyn
25	Rees	T. W.,	Aldersyde
23	Dunn	G. J.,	Cartref
21	Owen	William,	Nylie
Owen	Charles	H.
19	Langford	J. C.,	Ilford	ho
17	WilliamsJ.	H.,	Schubert	h
Jones	Madam	Ceinwien,
R.A.M.
15	Lewis	Nicholas,	master
mariner,	Brynnaeron
13	Leask	Chas.,	Bryntirion
11	Thomas	J. E.,	Ogwen
9	Davies	Rev.	Dl.,	Penlan
7	Davies	D. J.,	Airdrie
5	Hudson	Mrs.	H. R.,	East-ville
Hudson	R. C.,	accountant
3	Mapp	Chas.,	Rockfield	ho
1	Williams	Ed.,	Leanside
Orchard Street, C 3
231	Caerleon-road	to	Railway
[LEFT HAND SIDE.]
1	Green	Chas.,	police
3	Easterby	Geo.	fruiterer
5	Harris	Isaac,	labourer
7	Gaskell	Hy.	carpenter
9	Void
11	Newbury	Hy.	factory
13	Bolston	Albert,	machinist
15	Jennings	Fredk.	platelayr
here	is	Durham-road.
17	Ackerman	G.,	oil	dealer
19	Payne	Ernest,	mason
21	Stevens	Geo.	labourer
23	Shepherd	Henry,	seaman
25	Banks	Thomas,	driver
27	Birt	William,	stoker
29	Hobbs	Mrs.	Sarah
31	Ray	Charles	H.	carman
33	Thomas	Tom,	fitter
35	Parsons	Albt.	J.	bootmkr
37	Walsh	Danl.	J.	engineer
39	Watt	Albert,	labourer
41	Watt	George
43	Watt	Alec.	stevedore
(return)
58	Selwood	Mrs.	M.
56	Gatsworthy	J. W.
54	Horsey	Walter
52	Pryce	W. H.	linesman
50	Hinton	Albt.	carpenter
48	Hughes	Mrs.	Susan
46	Darch	Phillip,	mason
44	Grinnell	W. G.	labourer
R. H. Johns Ltd., Wholesale Stationers, 46 Commercial St., Newport,
470
Orc
42	Howard	Thomas		
40	Baldwin	Henry,	baker	
38	Jones	John,	labourer	
36	Phillips	John		
84	Poole	Samuel,	labourer	
82	Stickler	Josiah,	carpenter	
30	Lewis	Augustus,	labourer	
28	James	Alf.	deal	carrier
24	Jones	Geo.	T.	deal carrier
22	Moore	Arth.	brewery	hd.
20	Marshall	F.	J.	motorman
18	Simpson	Mrs.	C.		
here is Durham-road.		
16	Edwards	Chas.	labourer	
14	Kew	Dan	Thomas		
12	Yalland	Thos.	labourer	
10	Dent	Austin,	sawyer	
8	Fowler	Fredk.	G.W.R.		
6	Smith	Chas.	E.	polisher
4	Champion	Mrs.	Ellen		
2	Barnes	John	Hy.	G.W.R.
Oriel Road, D 3
Off Marlborough-road.		
26	Marsh	H.	O.	agent
	Jenkyrn	J.	B.	bldr's yard
27	Morse	Geo.	Wm.	joiner
28	Delahaye	Thos.	fitter	
29	Harris	George,	gardener	
30	Baker	James,	annealer	
Pant Road, B 4
From 146 Malpas-road.
[LEFT HAND SIDE.]
1	Wyatt	Percy		
3	Hall	James		
5	Quick	Frank,	chem.	wkr
7	Price	Pryce		
9	Davis	William,	G.W.R.	
11	Henry	George		
13	Denham	Hy.	J.	tinsmith
15	Gillard	Geo.	H.	moulder
17	Davies	Wm.	G.W.R.		
19	Morgan	Henry	G.	fitter
21	Marsh	Richard,	roadman
(return)
here is Ross-street.		
14	Beecham	Mrs.	M.		
12	Void		
10	Cavill	James,	nailmaker	
8	Beer	John,	joiner	
6	Tranter	Abbt.	Geo.	G.W.R.
4	Peacock	Hy.	bricklayer	
2	Humphry	W.	H.	comp
Palmyra Place, D 5
From St. Paul's Church to
Park-square.
1	Rothwell	Abraham		
2	Sutton	R.	V.	phys	& surg.
3	Y.W.C.A.	House	and	Hall
-	Miss	Warner	supt.	-sec.
4	Avery	Mrs.M.A.,	Laughton	
	house		
	Moore	Percy	S.		
5	Huxtable	Mrs.	A.	J.,	
	Beecher	house		
	Sheppard	Wm.	gardener,	
	King's	hill	lodge	
	Davy	W.	G.,	King's	hill
	Budd	William,	Palmyra	h
(return)
17	Price	Mark,	labourer	
18	Turner	George,	labourer	
19	Griffiths	Wm.	mason		
20	Bowen	Mrs.	M.	A.		
21	Stanaway	Wm.	John		
22	Vowles	Thos.	labourer	
23	Genge	Frank,	ironwkr	
24	Tyler	Wm.	puddler		
25	Reakes	Henry,	labourer	
Park Square, D 5
From Palmyra-place.
PUBLIC PARK
1	Moon	Robert	W.	builder
2	Worsley	J.	G.,	Peterston	v
3	Kerr	Wm.	J.,	Lothian	vil
4	Hewertson	T.,	Park	villa
5	Richards	J.,	Sydenham	v
6	Maddock	T.G.,	Alma	vil
7	Jones	C.	H.,	Malvern	v
8	Waite	Chas.,	Richmond	v
9	Shepherd	M.,	Rosslyn	ho
10	Mordey	T.H.,	Thorntree	h
11	Williams	Herbt.	Egerton,	
	surgeon,	The	Mount	
12	Schofield	E.W.,	Prospect	v
13	Thomas	W.	Calvin,	Bal-	
	moral	villa		
(return)
14	Jerrams	Miss	Susan		
15	Jerrams	Miss	Thirza		
16	Brown	W.	W.	engineer
17	Evans	Samuel		
18	Martin	Sergt.-Mjr.	R.	H.
19	Richards	Henry,	engineer
20	Hughes	Wm.	carpenter	
21	Davies	Mrs.	A.	E.		
22	Thomas	Samuel	Geo.	
23	Merrill	Mrs.	M.		
24	Latchford	Joseph		
25	Giddy	Thomas	R.		
26	Redford	George		
27	Gabb	Mrs.	Sarah		
28	Townsend	H.	W.		
29	Williams	Miss	G.		
30	Stanley	Mrs.	S.	A.	
here is Ivor-street.		
31	Webb	John,	carpenter	
32	Lomas	David		
33	Cole	Thomas,	painter	
34	Polden	Mrs.	S.		
35	Horsey	Frederick	Wm.	
36	Evans	Mrs.	M.		
37	Thomas	William,	mason
38	Brooks	R.	ship	carpenter
39	Ryan	Thos.	dispenser	
40	Storbeck	Hermann		
Park Street.
Now Park-square, Nos. 14-30
Parffit Street, F 2
From Somerton-road.
1	Brown	Sidney,	G.W.R.	
3	Merrett	Mrs.	Emma		
5	Wilkinson	Geo.	ironwokr	
7	Bird	Thomas,	carpenter	
9	Lovell	Edward,	quarryman	
Parkfield Place, C 5
Clytha-park.
Gunning	T.	H.,	Coniston	
Hancock	Mrs.	A.,	Staverton	
471
NEWPORT STREET DIRECTORY.
Pem
PEMBROKE CHAMBERS
See 30 High-street.
PENLLYN AVENUE, C 6
Risca-road.
[LEFT HAND SIDE.]
Collard E. W. bootdealer
Burrough F. draper
Brown H. J. carpenter
Jenkins James
Sage Isaiah, gardener
Cox Joseph, mason
Herring Wm. Peter
Rickards S. R. H. clerk
Pepper W. photographer
Soper William, G.W.R.
Palin Wm. T. traveller
Woolacott Hy. assist. supt
Taylor J. R. gardener
Headworth Clark F.
Holt Wm. engineer
Champion T. A. joiner
Mason Albert Wm.
Scammell William
West Park Steam Laundry Company, Ltd.
(return)
Oliver James Albt.
Wiggins James, gardener
Williams Frank, moulder
Gamble J. R. wghts insp
Atkins Thomas, baker
Williams Jas. moulder
Stapleton Thomas
Rumney Sidney Fdk.
Baker Jos. mason
Williams Christopher
Owen Morgan
Jones J. Lloyd, manager
Haines Philip M.
Humphries Wm. coachmn
Rhys Llewelin
Harper R. J. police
Skelton George
Winniatt Charles
Jones Mrs. A., Penllyustrs
Penrose Street, C 3
Off Caerleon-road.
Pentonville, C 4
[LEFT HAND SIDE.]
Willis Wm., Ottery villa
Harrington W., Kingscott
472
4	Cox Chas. H., Torres villa	D 2
5	Jones Mrs. E., Coombe	
6	Charles E. A., South Mon.	
	Lib., Association office	
7	Seidler William, Silverton	
	house	
8	Morris A., Gwynya	
	Tredegar Estate office	
	G.P. Mitchell Innes, agt	
	(return)
9	COUNTY COUNCIL OFFICES	
	H. S. Gustard, clerk	
	Wm. Tanner, county surveyor	
	County Health Depart-	
	ment—Dr. Rocyn Jones,	
	medical officer	
	County Treasurer's De-	
	partment—W. C. Addams-	
	Williams	
	Chas. Dauncey, secretary	
	to County Education	
	Committee	
	Rev. T. G. James, deputy	
	director of Elementary	
	Education	
	A. Bernard Badger, M.A.,	
	B.Sc., director of Higher	
	Education	
	W. J. Grant, director of	
	Agricultural Education	
	Local Taxation Depart-	
	ment—T. S. Butterworth	
	County Land Agent's	
	Office—C. R. Harding,	
	agent	
	John Bain, F.R.I.B.A.,	
	architect to County	
	Education Committee	
	F. Hiscott, education	
	finance clerk	
	COUNTY POLICE STATION	
	—Insp. J. Barry, Sta-	
	tion house	
	here is Queen's-hill.	
	10	Rowlands R. hairdresser	
	11	James Wm. greengrocer	
	12	Gwyther Henry	
	13	Watson & Son, bootmkrs	
	14	Gwyther G. E. newsagent	
	and tobacconist	
	15	Johns John hy. fireman	
	16	Edwards Daniel O.	
	17	Morrish H. W., The Lin-	
	dens	
	18	Howells Benj., Eccleston	
Phillips Street, D 3
from Wharf Road.
1	Cox Thos. packer, G.W.R.	
2	Gough Walter J. mason	
3	Clarke John, labourer	
4	Vick Wm. labourer	
5	Pickin Thos. ironworker	
6	Pritchard Benj. fireman	
7	Border John, carpenter	
8	England Chas. labourer	
9	Green John, labourer	
10	Martin Sidney, labourer	
11	Booth Nathaniel, labr	
12	Dowell W. Bar drawer	
13	Perrett Sidney, guard	
14	Davies Edward, labourer	
15	Haswell Johnson, nailmkr	
16	Swenson Chas. chainwkr	
17	Bowkett Wm. woodman	
18	Bowkett John, salesman	
19	Holland Thomas, mason	
Pillgwenlly
is the name given to the
more commonly called 'Pill',
is the name given to the
southern extremity of the
Agricultural Education town, and includes nearly
the whole of Commercial-
road, with the streets abut-
ting on either side.
Portskewett St., E 3
Corporation-road (from
Gaskell-street).
[RIGHT HAND SIDE.]
1	Reynolds Thos. ironwrkr	
3	Hill Albert	do.	
5	Jones John	do.	
7	Price James	do.	
9	Smith Alfred, seaman	
11	Clarke Wm. ironworker	
13	Gibson Henry William	
15	Price John	
17	Baldwin John, labourer	
19	Mitchell Jos., ironworkr	
21	Andrews Jas. labourer	
23	Jones John, ironworker	
25	Whiting J.	do.	
	here is Gaskell-street.	
27	Meredith William	
29	Flynn Mrs. B.	
31	Wilson John H. ironwrk	
R. H. Johns Ltd., Paper Merchants, 46 Commercial Street, Newport.
NEWPORT STREET DIRECTORY.
Por
33	Henry	Charles		
35	Lewis	W. H.	dk	labourer
37	Gretton	Wm.	dk	labourer
39	Alcock	George		
		{return}	
22	Heywood	Roland	V. W.	
20	Windsor	Mark		
18	Stokes	Wm.	H.	ironwrkr
16	Haynes	Leonard,	ironwrkr
14	Chant	Mrs.	A.	
12	Webb	John,	ironworker
10	Lewis	William	do.
8	House	David	O. do.
		here is Gaskell-street.
6	Void		
4	Herritty	John,	ironwrkr
2	Roberts	Henry,	labourer
Portland Street, E 4
From 88 Commercial-road.
[LEFT HAND SIDE.]
Hillier W.		
1	Suller	Mrs.	Margaret
2	Hopkins	Tom,	miller
3	Kerslake's	Stores	
		UNITED METHODIST CH.
4	St. Clair	Walter	C.
5	Pring	James,	engineer
6	Huish	Henry,	labourer
7	Davies	Ann,	shopkeeper
8	Lee	Wm.	moulder
9	Francis	Thomas,	moulder
10	Carey	John,	coal	trimmer
11	Lynch	Thos.	trimmer
12	Hignell	Mrs.	Henrietta
13	Montgomery	Wm.	shop
14	Meany	Ed.,	Church	House
		here is Broad-street.
		White & Jewell,	carriage	builders
15	Croppley	Edward		
16	O'Brien	James,	labourer
17	Lowe	Geo.	boilermaker
18	Lloyd	Geo.	boilermaker
19	Danahar	Mrs.	shopkeeper
20	Cashman	John,	moulder
21	Ottomar	H.	boarding	ho
22	White	Michael,	labourer
23	French	R.	G.	labourer
24	O'Rourke	M.	J.	seaman
25	Hansen	J.	pipe	moulder
26	Murphy	John,	labourer
27	Ring	Joseph,	labourer
28	Parkes	James,	moulder
Jordan's Ltd., Pill-	21	Jones	Hy.	Jas.	milkman
Gwenlly Foundry	18	Stoley	Albert,	labourer
here is Potter's-parade.	19	McCarthy	Dennis,	trimmer
{return}	20	Roach	Lawrence	
Mahoney	James	& Co.	21	Burke	Mrs.	Catherine
marine	stores	22	Plummer	T.,	Excelsior
here is Castle-street.		wagon & carriage works
here is Trinity-place.		HOLY TRINITY CHURCH
31	Marshall	Alfd.	labourer	24	Simmons	Mrs.R.,	Trinity h
32	Long	Hy.	J.	machinist	25	King	Geo.	engine	driver
33	Wilson	Wm.	labourer	26	Void	
34	Lindblom	Charles		27	Duncombe	Thos.	labr
35	Sullivan	Patk.	labourer	28	Hanks	Walter,	labourer
36	Lindblom	Charles		29	Scott	Alfred,	labourer
37	Hubbard	Jas.	engineer	30	McCarthy	Jere.	trimmer
38	Johnson	F.	H.	motorman	31	Mahoney	Mrs.	Mary	Ann
39	James	William		32	Card	Henry	
40	Harvey	Wm.	labourer	33	Inker	Geo.	labourer
41	Griffin	John,	boilermaker	34	Attwood	Wm.	labourer
42	Taylor	Albt.D.	weighman	35	Andrews	Thos.	pilotsman
43	Havens	Geo.	engineer		here is Clarence-street
44	Powell	John,	engine drvr	36	PILLGWENLLY	HALL	
MISSION	HALL		37	Jacobs	A.	J. & Son, pawn-brokers
Void		
Potter's Parade, E 4	Pottery Road, C 5
West side Town Dock.	From 5 Mill-parade.
1	Attewell	Arthur,	Royal	[LEFT HAND SIDE.]
	George	Hotel	1	Rivers	William,	fitter
2	Short	Edwin,	pipemaker	3	Johnston	W.	eng.	driver
3	Hurley	Wm.	labourer	5	Marsh	Robert,	fitter
	Jordan's Ltd.	ironfoundrs	7	Lightfoot	I.	fitter's helper
		9	French	Thomas,	trimmer
Potter Street, E 4	11	Taylor	William,	fitter
From 95 Commercial-road.	13	Speary	James,	rigger
[RIGHT HAND SIDE.]	15	Ball	John,	engine	driver
2	Evans	J.,	Victoria	baker	17	Crowley	Malachi	fitter
3	Swenson	Charles		19	Buckley	Dl.	draughtsman
4	Birch	George,	labourer	21	Jones	John,	coal	trimmer
5	Howell	Fredk.	labourer		{return}
6	Rafferty	Mrs.	Margaret	14	Carney	B.	C. holder up
7	Phillips	Geo.	trimmer	12	Anderson	Arth.	strekpr
8	Silber	Emanuel		10	Baveser	Saml.	hobbler
9	Void		8	Thomas	Albert,	trimmer
10	Miller	John,	labourer	6	Lawrence	John,	labourer
11	Walsh	Mary		4	Harding	Wm.	J.	fitter
12	O'Neill	Wm.	labourer	2	Williams	G.	ship	painter
13	Williams	John,	labourer	
14	Danahar	Thos.	trimmer	Pottery Terrace, E 5
15	Carey	Morris,	labourer	Alexandra-road to Price-st.
16	Gray	Abel,	labourer		[LEFT HAND SIDE.]
17	Keefe	Cornelius,	haulier	1	Parsons	W.	sail	loft
	{return}		[LEFT HAND SIDE.]
18A	Williams	Geo.	boatman		Gray	J. W.	tinsmith
19A	Thomas	Wm.	crane drvr		here is Adeline-street.
20A	Hawyes	Robert		ALEXANDRA	Schools
		here is Marion-street.	473
Pot
POTTERY-TERRACE—continued
4	Grey	Thos.	patternmaker
5	Harvey	Wm.	bootmaker
6	Heaven	Henry,	labourer
7	Paesch	Frederick
8	Howells	A.	shoe-maker
9	Watkins	Jas.	butcher
	here is Baldwin-street.
10	Beard	Henry,	labourer
11	Jacobsen	William
12	Mansfield	Wm.	trimmer
13	Void
14	Thomas	Ed.	James
	here is Jeddo-street.
15	Richards	Albt.	milkman
	here is Lime-street.
16	Matthews	C. P.	confectnr
17	Matthews	W.	bakehouse
Pillgwenlly Wesleyan	In-stitute
	(return)
18	Sims	D.	coal yard
	here is Lime-street.
19	Jones	A.	blacksmith
20	Williams	Edward
	here is Jeddo-street.
21	Lyes	Mrs.
	here is Baldwin-street.
22	Hockey's	bakehouse
23	McCarthy	Mrs. Mary
	here is Marion-street.
DOCKERS' HALL
POWELL'S COURT, C 4
From Thomas-street.
1	Trayhern	Alfred
2	Baker	George,	labourer
3	Vowles	George,	labourer
POWELL'S PLACE, D 4
From 69 Dock-street.
2	Jefferson	Thos.	Hy.	haulier
3	Reynolds	Oliver
	Lloyd & Yorath's stables
	CENTRAL SCHOOLS
1	Landcastle	James,	haulier
POWER STREET, B 4
From Barrack-hill.
[LEFT HAND SIDE.]
1	Rabbit	Mrs. Mary Ann
3	Rabbit	Wm.	mason
5	Hood	Mrs. A.
7	Lee	Henry	Jas.	foreman
9	Carter	Edwin,	assistant
11	Fortune	Jra	H.	plumber
474
24	Smith	William
22	Coleman	Mrs. M.
20	Wilcox	Wm.	platelayer
18	Burgess	John,	eng.-driver
16	Routley	John,	guard
14	Pritchard	Chas.,	driver
12	King	Arthur	Francis
10	Mogford	Rd.	Jas.,	butcher
8	Baggs	Frederick,	baker
6	Davey	Wm.	guard	G.W.R.
4	Fisher	F.	Ed.	wireworker
2	Pope	Frank,	platelayer
PRESTON AVENUE, C 6
From Tramway Terminus,	Risca-road.
[LEFT HAND SIDE.]
1	Bull	George	B.,	Marstow
3	Witts	A.	Geo.,	Wynberg
5	Evans	George
7	Murray	James
9	Mills	Miss	E.	A.,	Erwood
11	Burleigh	Mrs.	W.,	Melrose
13	Chambers	Chas.	L.
15	Smith	Mrs.	Sarah
17	Jenkins	David
19	Johns	David	D.
21	Bevan	T.	relieving officer
23	Fenn	H.E.,	the Woodlands
25	Edwards	J.	L.
27	Thornley	Saml.	traveller
29	Stanford	William
31	Lucas	Arth.	J.	journalist
33	Davies	Mrs.	Mary
35	Mayo	H.	C.	signalman
37	Plaisted	Mrs.	J.	W.,	St.	Pierre
39	Jenkins	H.T.,	Ty-Cleddan
41	Wise &	Beaven	Misses
43	Mattick	Mrs.
	Jenkins	John
45	Smith	Fredk.	plasterer
52	Vella	Frank,	stoker
50	Thain	Mrs.	M.
48	Cork	Frank,	bricksetter
46	Gibbon	Wyndham,	labr
44	Brooks	Wm.	Jos.	labr
42	Silcox	George
40	Mills	James,	labourer
38	Henry	George,	labourer
36	Parry	Eleazer,	fireman
34	Holloway	Chas.	labourer
32	Ingram	Sidney,	salesman
30	Potch	Frank,	printer
28	Evans	George,	butcher
26	Ryan	Michael,	labourer
NEWPORT STREET DIRECTORY.
13	Woodfield	John	Wm.
15	Carlyle	Frederick,	insp.
17	Taylor	William	J.	F.
19	Smith	F.	bottle	blower
21	Bridgman	John,	cooper
	here is Hopefeld.
27	Marks	Wm.	coal tipper
29	Robonson	George,	hawker
31	Townsend	Daniel	James
33	Connors	John,	labourer
35	Llewellyn	Wm.	P.	labr
37	Harvey	Wm.	bootmaker
39	Sullivan	Humphrey,	labr
41	Colledge	Josiah,	labourer
43	Bistrom	Bernard,	eng.	dvr
45	Greenhaf	John,	labourer
47	Bevister	Joseph,	stoker
49	Morris	Chas.	nail maker
51	Price	J. G.,	caretaker
53	Drayton	John
55	Smith	Thomas,	bottlewkr
57	Moylan	Geo.	eng.	driver
59	Smith	John,	ironworker
61	Newman	Chas.	haulier
63	Thomas	Mrs.	E.
65	Coles	Charles
67	Bennett	George,	driver
69	Nancekievll	Mrs.	Margaret
71	Pratt	George,	labourer
73	Robbins	Harry,	labourer
75	Saunders	Mark,	R.A.
	(return	upper side)
72	Shelley	Thomas,	labourer
70	Blakemore	Henry,	labr
68	Gilbier	Benjamin
66	Glover	Fredk.	labourer
64	Reardon	Patrick,	labr
62	Tucker	Albert,	labourer
60	Watts	Alexander,	labr
58	Collis	John	M.
56	Void
54	Smith	Fredk.	plasterer
52	Vella	Frank,	stoker
50	Thain	Mrs.	M.
48	Cork	Frank,	bricksetter
46	Gibbon	Wyndham,	labr
44	Brooks	Wm.	Jos.	labr
42	Silcox	George
40	Mills	James,	labourer
38	Henry	George,	labourer
36	Parry	Eleazer,	fireman
34	Holloway	Chas.	labourer
32	Ingram	Sidney,	salesman
30	Potch	Frank,	printer
28	Evans	George,	butcher
26	Ryan	Michael,	labourer
45	Thomas	W.	R.,	Danesmere
47	Harrison	Mrs.	J.
49	Morgan	Misses	S.	&	A.
51	Phillips	Alfred
53	Pendery	Mrs.	M.	L.
55	Taylor	Miss	M.	A.
57	McKay	James	W.
59	Greenhouse	Walter
61	Mills	Edwd.,	Breithorn
	Dodd	Mrs.	E.	E.
63	Evans	Rev.	Robert	Mon.,
	Sunbury
65	Williams	E.	E.,	Lausanne
	(return)
52	Kenvyn	Gilbert
BOODLE'S TEETH, 55 High Street, Newport
NEWPORT STREET DIRECTORY.
Pre
50	Entwistle	Robt., Fir view
48	Ryan	P. J.
46	Basden	Robert E.
44	Sadler	Joseph, traveller
42	Boyns	Alfred, Ferryholm
40	Jones	Thomas, Hackfall
38	Yeomans	Mrs. H. J.
36	Poole	Ernest E.
34	Matthieson	A. J.
32	Prosser	Mrs. E.
30	Rees	Mrs. Ann
28	Jenkins	Edward
26	Gale	Percy Frederick
24	Greenland	A., Westacott
22	Tissington	Harry G.
20	Tremelling	.
18	Morley	Henry, clerk
16	Wheeler	Fred., traveller
14	Tomlinson	Mrs. Lavinia
12	Price	James
10	Jones	John Henry
8	Hunter	W. C. solicitor
6	Davies	Miss Maria
4	Taylor	W. C.
2	Scandrett	Frank
Price Street, E 5
From 35 Courtybella-terrace.
[LEFT HAND SIDE.]
1	Travers	R. marine engnr
2	White	Thos. clerk
3	Thomas	B. C. tug driver
4	Hall	John, hoistman
5	Card	George, driver
6	Sims	Daniel, labourer
here is Pottery-terrace.
WESLEYAN MISS'N'CHAPEL
7	Crowley	John, labourer
8	Elliott	Mrs. Mary A.
9	Powell	Thos. trimmer
10	Evans	James, fuel works
11	Baker	Edward, trimmer
12	Williams	W. eng. driver
13	McGee	Jno. labourer
14	Evans	Albert, labourer
15	Parry	Wm. boilermaker
16	Ray	James, labourer
17	Bready	Albert, fitter
18	Hook	Wm. Hy. boatman
19	Bragg	Mrs. widow
20	Thomas	Benj. coal trimr
21	Counsell	Albt. eng. driver
22	Bartlett	Mrs. E.
23	Berry	Frank
24	Hockey	Samuel
25	Rixon	W. E. labourer
26	Sully	Samuel, labourer
27	Dummer	George
28	Hood	Alfred, trimmer
29	Brian	Albert R. tug drvr
30	Lewis	Thos. H. weighmu
31	Kidman	John Henry
32	Rice	Samuel, boatman
33	Jackson	Geo. dock police
34	Witt	Thomas, guard
35	Edwards	Edwd. labourer
36	Noad	Wm. berthing mas
37	Murray	James, haulier
38	Thomas	Daniel, trimmer
39	Brain	Geo. labourer
40	Glover	Geo. carpenter
41	Burns	John C. shipper
42	Fehners	Gerhard
(return)
51	Jones	Dd. engine driver
52	Manley	Albt. G. boatman
53	Stevens	James, dock lab
54	Le Vesconte	W. helper
55	Ward	William, milkman
56	Mitchell	John, trimmer
57	Rugman	Chas. platelayer
58	Sansom	Clifford J. smith
59	Harris	John, coal tipper
60	Gough	Jas. shipwright
61	Thomas	John, hoistman
62	Marsh	Geo. coal shipper
63	Morgan	Arthur, shipper
64	Wall	Nath. coal shipper
65	Durrant	Chas. fireman
66	Hicks	Wm. holder-up
67	Milburn	Thos. seaman
68	Woore	Chas. rivetter
69	Jones	Thomas
70	Bragg	Henry, eng. driver
71	Thomas	Mrs. M. shopkpr
72	Shea	Mrs. Catherine
73	Limbick	M. P.
74	Perkins	James, labourer
75	Fehners	Bernard E.
76	Rosser	Mrs. Mary
77	Parry	Jos. greengrocer
Prince Street, C 3
80	Church-rd. to Hereford-st.
[LEFT HAND SIDE.]
1	Jones	Mrs. S. E.
2	East	Edwin, signalman
3	Chappell	Fredk. H. driver
4	Sully	George, scavenger
5	Blythe	James, haulier
Pro
6	Lewis	David, collier
7	Phillips	George W.
8	Purcell	John Job, gardnr
9	Corfield	Francis J. labr
here is Manchester-street.
10	Murphy	Thomas, hawker
11	Hill	Albt. H. ironworker
12	Green	Walter, slate mason
13	Mogford	John, factory
14	Youug	Wm. Hy.
15	Marels	Thomas A. tailor
16	Coburn	Mrs. Margaret
17	James	George, G.W.R.
18	Lucas	Leonard J. carptr
19	Evans	Thomas John, lab
20	Holder	Fred, mason
21	Woodfield	Albt. ironwkr
22	Marsh	Fredk. engineman
23	Jenkins	Edward, foreman
(return)
24	Watkins	Saml. labourer
25	Stinchcombe	Albt. rivetr
26	Davies	Mrs. Ann
27	Hale	Wm. fireman
28	Coyle	Edward, painter
29	Berry	John, labourer
30	Jones	Arthur, G.W.R.
30A	Pepper	C. M. G.W.R.
30GBould	Heber, salesman
30CPeebles	Stephen Jas.
30DEmptage	Herbt. carptr
30EKing	E. F. builder
King	E. F. & Co. builders
31	Hill	Ed.
32	Price	John, cab propriet
33	Flook	Henry
34	Smith	Chas. cab proprietr
35	White	Geo. bootmaker
White	Mrs C. shop
36	Johnson	Mrs. M.
37	Stephens	Jas. labourer
38	Price	James, labourer
39	Hopkins	John, gas stoke
40	Morgan	Francis, pipelayr
41	Waite	Wm. platelayer
42	Lewis	Mrs. Sarah
43	Watkins	Sid. platelayer
44	Samuels	Albt. Ed. G.W.R.
45	Friend	John, labourer
46	Dudley	John, gas works
Harris	& Co. carriage
builders
Probert Place.
136	Chepstow-roadto Glebe-st.
475
In attendance every day from 9 a.m. to 8 p.m.
Pro
NEWPORT STREET DIRECTORY.
Prospect Street, B 4
Malpas-road to Redland-st.
[LEFT HAND SIDE.]
1 Whittaker Jos. builder
2 Smith H. G. hairdresser
3 Williams —
4 Williams John James
5 Davis Edwin, tailor
6 Sampson John Jas. stoker
7 Robinson Miss Charlotte
(return)
8 Shaw Frederick Jas.
9 Eastman Chas. G.W.R.
10 Bennett W. J. bricklayer
11 Ford Charles, fireman
12 Wilkins Chas. mason
PROVIDENCE PLACE, D 5
From 11 North-street.
[LEFT HAND SIDE.]
1 Pavey Thomas
2 King Wm. labourer
3 Richards William L.
4 Paul Daniel, labourer
5 Summers Wm. N. lab
6 Christopher Mrs. E. M.
7 Copland Judson
8 Smith James, labourer
9 Horton Timothy, labr
10 Felkins Nathaniel, labr
PUGSLEY STREET, C 4
From Wyndham-st., Marshes
Newport Rowing Club boat h
1 Bees A. E. bootmaker
2 Roach Charles, carpenter
3 Brittan Wm. dock labr
4 Morgan Fredk. J. driver
5 Fowler William, painter
6 Marston Hy. brwry hand
7 Walters Wm. irondresser
8 Robinson George, seaman
here is Hoskins-street.
9 Sims Mrs. L.
10 Flage William Henry
11 Perry Thomas, foreman
12 Clark Edwd. tobacconist
13 Edwards W. wheelwright
14 Jones Mrs. Annie
15 Limbrick Geo. belt maker
16 White Wm. fish dealer
here is Wheeler-street.
17 Bennett John, blacksmith
18 Mathlin Chas. warehsmn
19 Major R. H. W. sailmaker
20 Read Chas. Ed. labourer
21 Callaway Thomas, H.M.C.
Rag
22 Wilkins J. R. bricklayer
23 Jones James, labourer
24 Woodruff Samuel
25 Ford Henry Jas., G.W.R.
26 Norville Geo. haulier
27 Dinham Henry, painter
28 Malpas James, signalman
29 Parsons Henry, labourer
30 Lloyd James, carpenter
31 Williams John, labourer
32 Charles Thomas, smith
33 Charles John, builder
here is Shaftesbury-park.
Pump Street, D 5
From North-street.
[LEFT HAND SIDE.]
Davies John, stores
Phillips Charles, stores
Baldwin Henry
Queen's Buildings.
Nos. 1-6 Baneswell-road.
Queen's Chambers.
See No. 41 High-street.
Queen's Hill.
10 Mill-street to Dos-road.
[LEFT HAND SIDE.]
COUNTY POLICE COURT
MARSHES GUARDIANS' OFFICES
OUT-DOOR DISPENSARY
5 Dight Henry, Veronica
7 Halford H. J., Grasmere
9 Eastone Ralph T., Pendre
INTERMEDIATE SCHOOLS
ROMAN CATHOLIC SCHOOLS
11 Davies Oswald
13 Boshier F. T., Aseot
15 Linton John, Highbury
17 Coubro James Boyd
19 Armstrong Herbert
21 Throssel H. J., Endellion
[RIGHT HAND SIDE.]
2 Lewis David, Glantawe
Moreton F. G. grocer
4 Parsons Edwin, Tekoa
Williams W. J. builder
6 Ford Mrs., Queen's hillcot
8 Barfoot C. L., Queen's hill
house
here is Locke-street.
St. Mark's Sunday School
Queen's Hill terrace—
10 Flook Henry, Selwood
12 Thomas Wm., Larkstone
14 Evans Evan, Pembury
16 Hallam Hbt., Pimperne
18 Void
20 Harris F., Greenfield
22 Woodward Mrs. M.,
Montevile
24 Pickering Francis
26 Jones George
28 Victory Wm., Creswell
30 Edmunds Mrs. M. A.
32 Davies Richard, Avondale
34 Baker Mrs. G.R., Birkdale
36 Void
38 Wring T. W., Melville ho
40 Darke J. D., Lyncomb
42 Neville Mrs. A., Leaholme
44 Fowler T., Dartington
46 Huggert Mrs. S., St.Helens
here is Lucas-street.
48 Buckley Mrs. Elizabeth
50 Morkham Miss
52 Mainwaring P. B.
54 Nott Mrs. A.
FACTORY COTTAGES—
25 Lewis William
26 Arbery John James
27 Hayward Wm. Hy. roller
28 Lippiatt Joseph, factory
29 Woodliffe Mrs. Jane
30 Bowen Henry Thomas
31 Smith Sydney, factory
32 Davies Joseph, factory
Queen Street, D 5
From 35 Cardiff-road.
11 Fennell F., King's vale v
12 Jones John, fitter
13 Harris Thomas, tailor
14 Thomas Benj. butcher
15 Johnson Benj. wagonliftr
16 Pollard Mrs. Geo. carrier
Raglan Street, E 5
From 160 Commercial-road.
[LEFT HAND SIDE.]
1ASTerry Eli, labourer
1 Lippiatt Edwd. C.
2 Avery Thos. carpenter
3 Worthy Mrs. Jane
4 Jones J. & Sons, sign-
writers, painters, etc.
Jones Harry
5 Groves Mrs. Mary
6 Keen Henry, eng. driver
James Wm. C. bricklayer
BOODLE'S TEETH, 55 High Street, Newport
Rag
7	Burgess	Wm. carpenter		
8	Holland	James, labourer		
9	Laufeur	Mrs. Lucy		
10	Waters	Wm. John		
11	James	Wm. labourer		
12	Barrett	Geo. sawyer		
14	Green	Arthur, dk police		
15	Young	Arthur C.		
16	Moore	Jesse, mason		
17	Harris	William		
18	Void		
19	Millhouse	Frederick		
20	Hemnah	Geo. dock labr		
21	James	Evan, tug boat		
22	Rich	John Altd. striker		
23	James	David, boilermakr		
24	Baiss	Wm. Henry		
25	Jones	Wm. ironworker		
27	Oakley	Chas. guard		
26	Hookway	James, painter	Fred.lab	
28	Lavender	Geo. Fred.lab		
29	Millikeal	Robt. seaman		
30	Thomas	David		
	here is Charlotte-street.		
31	Salisbury	Benjamin		
32	Jones	Wm. plumber	85	
33	Greenwood	Mrs. Eliza		
34	Scott	Thos. ins. agent		
35	Smith	Ed. haulier		
36	Thomas	David, linesman		
37	Evans	Dd. William		
38	Neale	Wm. engine driver		
39	Kemp	Robert		
40	Vinnicombe	Charles		
41	Cooling	W. H. labourer		
42	Cox	Arth. Ed. trimmer		
43	Evans	Arth. J. ship cptr		
44	Hardwidge	J. carpenter		
45	Cranton	John, labourer		
46	Jenkins	Robert		
47	Emms	Wm. J. plasterer		
48	Beaton	Neil, donkeyman		
49	Miller	G. F. dock pilot		
50	Dunn	John Thos. dresser		
51	Morgan	L. D. blacksmith	104	
52	Lewis	Owen, crane driver	105	
53	Davies	Thos. wood mchst	106	
54	Tooze	Henry, labourer		
55	King	Miss Jessie		
	(return)		
56	Kelly	James, labourer		
57	Davies	David, engineer		
58	Dunk	James, smith		
59	Wyatt	Samuel, guard		
60	Haskett	Mrs. Eliza		
61	Mullins	Mrs. Amelia		
62	Rees	Richard, moulder		
63	Croome	Mrs. Rose		
64	Baker	John S. V. police		
65	Webb	John, shunter		
66	King	Joseph, guard		
67	Bryan	Ed. T. eng. driver		
68	Pratten	Tom, fitter		
69	Clarke	John		
70	Richards	Geo. shipwright		
71	Maddox	Hy. T. eng. drvr		
72	Rose	E. iron dresser		
73	Thomas	John, engineer		
74	Bradford	Mrs. M. shop		
75	Harris	Edward, tailor		
76	Tooze	Wm. H. labourer		
77	Ley	Henry, builder		
78	O'Shea	John, labourer		
79	Richards		(return)
80	O'Leary	J. sec. Lab.Union	15	
81	Lavender	John, smith	16	
82	Jenkins	Fredk. John	17	
83	Martin	F. pipe moulder	18	
84	Cook	Ernest, bootmaker	19	
	here is Charlotte-street.		
St. LUKE'S CHURCH		
85	Davies	Evan, rly. insptr	24	
86	Barrett	Albert, H.M.C.	25	
87	Hurley	Dennis	26	
88	Morgan	James B.	27	
89	Jones	James, labourer	28	
90	Skuse	Geo. Hy. eng. drvr	29	
91	Watts	Jas. iron dresser		
92	Davies	Thos. ship painter		
93	Birch	Mrs. Eliza		
94	Tooze	Fred. sawyer		
95	Coulson	Wm. Hy.		
96	Marsh	Geo. boilermaker		
97	Sansom	Ivor, striker		
98	Ryan	Aug. clerk		
99	Parsons	Mrs. Jane		
100	Coles	Saml. boilermaker	11	
101	Humphrey	Saml. John	13	
102	Evans	Mrs. L.		
103	Mitchell	Henry, rigger	17	
104	Gibbon	Mrs. Mary	19	
105	Wilmott	Mrs.		21	
106	Thomas	Mrs. E.		23	
107	Williams	W.H.brwy.hnd	25	
108	England	Herman,haulier	27	
109	Pinkstone	Wm.		
	Heating Nicholas		
110	Austin	Jos. labourer	29	
111	Carless	John, eng.driver	31	
112	Davies	Mrs. M. A.		
113	Lynch	Peter, plater		
Red		
114	Roberts	Sidney, seaman		
Railway Street, C 5		
From Depôt-st. to Station-st.		
	[LEFT HAND SIDE.]		
1	Thomas	Edwd. plasterer		
2	Dyer	Hy. John, mechanic		
3	Payne	Mrs. F.		
4	Ford	Hy. Thos. upholst'r		
5	Blake	Mrs. M.		
6	Reece	Wm., fitter		
7	Workman	Fk. warehousmn		
8	Morgan	John		
9	Evans	Charles, labourer		
10	Parsons	Mrs. E. dressmkr		
11	Williams	W.C.eng. fitter		
12	Idle	G. S. tuner		
13	Milner	Clarence,carpentr		
14	Lewis	Tom, tailor		
	(return)		
15	Bridges	Henry, g.w.r.		
16	Brunt	Wm.carriage fitter		
17	Sheppard	Wm. labourer		
18	Harvey	John, baker		
19	Jones	John, clerk		
	St. LUKE'S CHURCH		
24	Bale	Samuel, gardener		
25	Davies	Edward T.		
26	Gabb	John, fitter		
27	Dowdall	Harry		
28	Dowdall	Fred.		
29	Jones	Mrs. Rachel		
Redland Street, B 4		
From 34 Malpas-road.		
	[LEFT HAND SIDE.]		
1	Void		
3	Void		
5	Beale	George, guard		
7	Howard	O. G. insur. agt		
9	Cooling	James, assistant		
13	Lee	Chas. plasterer		
15	Peebles	Geo. butcher		
17	Dinham	John, blacksmith		
19	Hall	Daniel, labourer		
21	Burnan	George, G.W.R.		
23	Sandell	Hy. gas stoker		
25	Hughes	Herbert, G.W.R.		
27	Barnes	William, haulier		
	here is Prospect-street.		
29	Halse	L. grocer		
31	Halse	L.		
33	Underwood	J. L. carpntr		
35	Moulder	Geo. plasterer		
37	Old	Wm. craue driver	477	
Specialities :-Gold Crown, Bar, and Bridge work		
NEWPORT STREET DIRECTORY.
Ric
Red
Redland-street—continued
39	Embrey Mrs. Elizabeth	
41	Petersen P. fireman	
43	Baker Mrs. H.	
here is Chelston-place.	
45	Davies John Charles	
47	Thomas Henry, labourer	
49	Baggs Robert	
51	Westlake Alfred E. mason	
53	Void	
55	Wright Wm. C. bot. sorter	
57	Newick Saml. T. plasterer	
59	Wellington John, ganger	
61	Gabb R. H. baker	
63	Goss Mrs. S. J. shop	
Cookson Hy. insp. G.W.R.	
here is Spring-street.	
65	Forbes John Archibald	
67	Arnold Rd. ship's steward	
69	Doyle Patrick	
71	Beecham Geo. carpenter	
73	English S. E.	
75	Birch George, baker	
77	Cann Chas. goods guard	
79	Bartlett Arthur, traveller	
81	Jeffreys John, gas worker	
83	Cooper Harry, gasworkr	
85	Scriven Arth. Wm. G.W.R.	
87	Sharp John William	
here is Brynglas-crescent.	
Vacant sites	
(return)	
114	Willing John, G.W.R.	
112	Chard Frederick, labr	
110	Barger Albert, labourer	
108	Walter David, plasterer	
106	Ford James Chas. fitter	
104	Jeffries Hy. bookbinder	
102	Kilburn Ernest	
100	Snell Wm. glass works	
98	Snell Richd. glass works	
96	Thomas Lewis, carpenter	
94	Dowdeswell T. Hy. G.W.R.	
92	Max George, railwayman	
90	Wright Thos.goods guard	
88	White Patrick, stoker	
86	Bullen John, shunter	
84	Reynolds Eli, ostler	
82	White John Patrick, stokr	
80	Woodfield Fredk. painter	
78	Lawrence Chas. painter	
76	Marsh Thomas E. labr	
74	Gurden Archie, crane dvr	
72	Brown Chas. coal agent	
70	Boyd Thos. R. farrier	
478	
68	Jayne George, polisher	
66	Hillier William	
64	James Thomas, mason	
62	Lewtas Edwnd. canvasser	
60	Vickery William	
58	Lloyd Arth. glass blower	
56	Salmon C. T. eng. driver	
54	Carpenter Hy. manager	
52	Swift Walter, painter	
50	Yendall H. G. labourer	
48	Liddard C. guard	
46	Thorne Henry	
44	Rowland G. J. clerk	
42	Coulson Mrs. S.	
40	Woodfield Albert, carptr	
38	Adams Thomas George	
36	Stanbury Geo. salesman	
34	Fouweather J. glass blr	
32	Hillyard T. glass blower	
30	Lewis Walter, stoker	
28	Davies William	
26	Brown James, plumber	
24	Way Charles, labourer	
22	Walker William, labr	
20	Comford Frederick	
18	James John Hy. ptr	
16	Meyrick Wm. riveter	
14	Miller Wm. glass blower	
12	Powles Chas. labourer	
10	Skinner Frank, eng. drvr	
8	Colley Wm. H. carpenter	
6	Watkins Geo. gasworks	
4	Symons Frank, carpenter	
2	Moss Geo. A. haulier	
Moss A. E. carptr & joiner	
Coffee George, labourer	
Reform Buildings, D	
From 13 Emlyn-street.	
1	Crowley John, labourer	
2	Edwards Thomas	
3	McCarthy William	
4	Richards Catherine	
5	Sullivan Tom, labourer	
6	Reardon Lawrence, labr	
7-8	Reardon Mrs. Norah	
Refuge Chambers,	
See 41 Commercial-street.	
Richmond Road, C	
From 174 Caerleon-road.	
[LEFT HAND SIDE.]	
1	Griffiths Geo. Edward	
3	Phillips Mrs.J., BrynSiriol	
5	Littlejefies Fredk.	
7	Dickson R.J.B., St. Issells	
9	Durant Geo., Belle view	
11	Goss Arth. H., Briarlea	
13	Evans J. C., West view	
15	Swontan Saml., Highfield	
17	Davies-Hancock R. W.,	
Ftrwdgreeh	
19	Hill H. J., Hillcrest	
21	Hayes J., Codrington	
23	Wyber Isaac, Rodona	
25	Burnicle Et., Kennington	
27	Curtis Misses, Crowndale	
29	Jordan John, Penyrhiw	
31	Thompson G. H., Holme	
Lea.	
33	Saunders P. H. builder	
35	Arnold E. J.	
37	Price Henry, Arcadia	
39	Southgate Ed., Dilkusha	
41	Freeman W. C., Leighton	
43	Davies Wm., Cliftonville	
45	Evans W., Pen Cefn	
47	Bland Ernest, Holford	
49	Fudge A. G. E. J.	
51	Wiggel Hy. Geo., Helston	
53	Colebourn Herbert	
55	Pugsley Jas., Virginia	
57	Thomas Enoch	
59	Atherton Henry, senior	
Vacant sites	
(return)	
Vacant sites	
62	Frowen Percy	
60	Parkes E. E., Danesbury	
58	Greenland Alfd. Ivor	
56	Johnson John Samuel	
54	Jenkins Alexander	
52	Pritchard W. E., Tourelle	
50	Burleigh G. W., Monrovia	
48	Lewis Richard	
46	Ventom G. W.	
44	Barber A. A.	
42	Hensby Thomas Hy.	
40	Macpherson Samuel C.	
38	Scott J. Charles	
36	Woodburn A. W.	
34	John Henry B., Milford	
32	Collings G. T., Llanvapley	
30	Halliday Edward	
28	Williams C. H., Pentwyn	
26	Hocking John D., Ida villa	
24	Parkes Mrs. F., Glendower	
22	Hutchins Charles	
20	Stoneman G. J.	
18	Belcher Charles	
16	Hobbs William Albert	
Ric	NEWPORT STREET DIRECTORY.	Riv		
14	Beddis	Thos. C., Pinewood	87	Hunt	Alfred Reginald	
12	Williams	E., St. Briavels	86	Brix	Mrs. H.	
10	Martin	A. W.	85	Kerr	R.	
8	Hobbs	S. W., Grosmont	84	Hill	R. W.	
6	Britton	Isaac, Trelawne	83	Brix	Mrs. H.	
4	Brown	Frank, Brondeg	82	Haines	Geo. gardener	
2	Yeomans	W. J., St.	80	Rogers	Rd. prof. music	
	Leonards		78	Void	
		76	Barry	Mrs. Rach., Solva h	
RISCA ROAD, C. 6	74	Rogers	John, clerk	
From "Handpost", Stow-hill	72	Shute	Tom	
[LEFT HAND SIDE.]		West Park Steam Laundry	
	Sadler	Mrs. M., Handpost	here is Penlyn-avenue.	
5	Price	W. L. draper	70	Cox	Isaac, sculptor	
7	Jones	J. H., Llangasty	68	Steer	William Grey	
9	Gallagher	Major, Askern	66	Leadbetter	John Ellerslie	
11	Davies	Henry, Tidenham	64	Harrison	Charles S.	
13	Thompson	Rev. G. D.,	62	Newby	Wm., Apsley ho	
	St. Elmo	60	Richards	H. S., Alveston	
15	Daymond	Samuel	58	Fitt	Decimus, C.E.	
17	Tyson	John	56	Sealey	Miss A. L., Ida ho	
19	Acland	S. J.	54	Irvine	Mich., St. Albans	
21	Jones	A. E., Brookwood	52	Thomas	W. G.	
23	Stark	D., Cardynham	50	Saunders	J. F., Beckington	
25	Wall	Hy. Jas., Kewstoke	48	Sutton	George	
27	Richards	E. G. R.	46	Davies	Wm. R., Norman-	
29	Jones	Mrs. L. E., Haulwen		hurst	
31	Davies	Mrs. Ann	44	Craze	Wm. C., Ferndale	
33	Hincks	Frederick T.	42	Morris	John, Parkdale	
35	Whitehead	A. J. L.	40	Richards	C. W.	
37	Davies	Geo. F., Aysgarth	38	Cox	George, St. Kilda	
39	Hall	W. C., Clytha view	36	Jesseman	G., Glendower	
41	Hayes	Harry, Rosecliffe	34	Newcombe	Philip H.	
43	Sketch	Mrs. K., Avondale	32	Noote	Stephen, Vilette	
45	Owen	Dd. Owen, Penbryn	30	Thomas	Herbert John	
47	Vanderplank	William	28	Currey	Mrs. A., Rayleigh	
49	Saxon	George, Graigwen		
51	Griffiths	D., Wavertree h		
53	Fisher	T. A., Halffield ho		
55	Baddeley	H. E., Lorna ho		
57	Bristow	R. A., Glen view		
59	Baddeley	E. O., Colwell ho		
61	Lewis	Mrs. M. E., Aberglais		
63	Biddle	F. D., Chaddesdon		
65	Watkins	Wm., Clifton ho		
67	Richards	Benj., Tyddewi		
69	Jones	W. J., Hamilton ho		
71	Dudyke	Dd., Cryngoed		
73	Thomas	Mrs. Sarah, Llyn-		
	trevor		
75	Maslin	Ernest, Inglewood		
77	Partridge	Dd., Yetholm		
79	Bowman	Henry Inston		
81	King	Frederick		
83	Hall	Miss O. I.		
85	Spooner	J. T., Arenzano		
26	Harry	C. T., Monksdene	
	Summers	Rev. J. F., St.	
	John's Vicarage	
	here is Oakfield-road.	
	S. JOHN BAPTIST CHURCH	
	here is Bryngwyn-road.	
	S. JOHN BAPTIST HIGH	
	SCHOOL	
	here is Manley-road.	
24	Gregory	W. fruiterer	
22	Hopkins	John	
20	Pierson	Geo. Herbt.	
18	Collard	E. W. bootmaker	
16	Biggs	J. fruiterer	
14	Wall	B. butcher	
	here is Bolton-road.	
12	Morgan	Wm., Risca cot	
10	Finch	Frederick	
8	Cox	Chas. H., Fastnet ho	
6	Cole	W. F. marine survyr	
6	Fisher	Miss Josephine	
	Wellings	Donald	
	De Cruchy	Alfred	
4	Jones	Thomas	
2	Morgan	D. sculptor, etc.	
	here is Llanthewy-road.	
Riverside, C. 4	
From East Usk-road.	
East Usk Baptist Chapel	
Purnell	Rev. Augustus	
1	Viney	Henry, factory	
2	Woodfield	Isaac, factory	
3	Pitt	Abraham Thomas	
4	Morgan	Thomas	
	here is Rudry-street.	
5	Johns	William, painter	
6	Jenkius	Sidney, eng. dvr	
7	Williams	Elijah, carpentr	
8	Millard	Henry, nailmaker	
9	Collins	Albert, tailor	
10	Hunt	William, stoker	
11	Stokes	Burris, fitter	
12	Date	Geo. sheetweigher	
13	Ryner	George, G.W.R.	
14	Wells	Frank	
15	McHugh	John H.	
16	Williams	F. dock labourer	
17	Kelly	Mrs. H.	
18	Edworthy	J. R. engineer	
19	Evans	James	
20	Wilford	Geo. Frederick	
21	Evans	Walter, mason	
22	Wadley	John, labourer	
23	Marley	William S. ptr	
24	Snell	Wm. signalman	
Largest Manufacturers of Artificial Teeth in the West of England	479	
NEWPORT STREET DIRECTORY
Riv
Riverside—continued
25	Robbins	Joseph	labourer		
26	Metcalfe	Eph.			
27	Bigley	Henry	mason		
28	Ballinger	Hy. E.	labourer	C 3	
29	Walden	Mrs. G.			
30	Payne	A. E.	engineer		
31	Norman	Edward			
32	Robbins	Wm.	blacksmith	E 5	
33	Chivers	Henry			
34	Jones	Albert E.	tailor		
35	Pearce	John	labourer		
36	Pearce	Joseph	labourer		
37	Wickham	John	G.W.R.		
38	Lewis	Albert	plumber		
39	Sheppard	Chas.	eng. drvr.		
40	Dalton	F. A.	traveller		
41	Broom	W. H.			
42	Jones	Thos.	labourer		
Robert Street, E 5
From 27 Courtbybella-terrace to Mendalgief-road.
[LEFT HAND SIDE.]
1	Hurd	Thomas	shop		
2	Cousins	Chas. G.	fitter		
3	Murphy	Cornelius	labr		
4	Scott	Robert	fitter		
5	Cankett	G. R.	labourer		
6	Watkins	Thos.	Hy.	labr	
7	Lindstrom	Nile	seaman		
8	Buckler	Sidney	labourer		
9	Jensen	Edwd.	ship crpatr	
10	Pope	Wm.	shoe maker	
11	Purnell	Mrs. E.			
12	Hart	Patrick			
13	Poole	Thomas	labourer		
14	Parry	Chas.	coal dealer		
15	Hurd	Wm. Hy.	labourer		
16	Pullen	William	labourer		
17	Lloyd	Robert	fitter		
18	Fisher	Mrs. M. A.			
19	Evans	Saml.	coal trimr		
20	Unsworth	Wm.	labourer		
21	Murphy	Wm.	trimmer		
22	Freeves	F. A.	labourer		
23	Westacott	Jno	Hy.		
24	Waters	John	guard		
25	Simmonds	Jas.	eng. drivr	
(return)
27	Gratton	W.	goods guard	
28	Sully	Alfred	labourer	
29	Plaister	Harry	trimmer	
30	Hooper	George	carpenter	
480		BOODLE'S TEETH—perfectly natural in appearance
Rodney Parade, C 3
From Clarence-place.
Campbell	P. & A.,	Ltd.	offices	Bristol Channel Pass. Steam-Boat Service—R. S. Roberts, agent, Rodney house
Roberts	&	Johns,	wagon owners and general commission agents		
Williams	& Co.,	Ltd.	aerated water works	Rodney Wharf Saw Mills—T. Stobbs
Newport	Athletic	Ground and Gymnasium		
Butcher	John,	groundsman	East side of Usk from Bridge (See Artillery-place.)
John Albert,	Rodney house		
Turner	Chas.,	Rodney house		
Baker	O.	blacksmith		
Merchant	Edward			
Carbin	Robert,	foremn G.W.R.		
Newport	Box Co.,	Clarence The Gridiron	[wharf	
Birt Wm. gridiron keeper		
Ball	William			
Johns	Matthew,	Ukside lime works		
Davis	H.	& Sons,	stone merchants, etc.		
Cox	H. J.	bath	stone works	Clarence Wharf saw mills
Slip	Albert,	carpenter		
Williams	&	Thomas,	Ltd., railway key and trenail manufacturers		
Railton	& Son,	oil	and grease manufacturers	& importers
Johnston	& Co.,	cement merchants		
Riverside	Coal-yard		
Guest,	Keen	& Nettlefolds, Ltd.,	Imperial mills		
Welsh	Mrs.	Ann,	Uksidevilla	
Robbins' Lane.
From 20 Mellon-street.
Rochester Road.
Off Chepstow-road.
[LEFT HAND SIDE.]
1	Evans	David			
3	Hiley	William	roller		
5	Everson	Bert,	Lyndhurst	
7	Johns	W. M.,	Lawrenny	
9	Aldous	Mrs.	E.		
Vacant	sites		(return)
	Vacant	sites	
	House	building	
28	Stroud	Geo.	Hy. Rd.		
26	Baker	Charles			
24	Armstrong	Charles	S.	
22	Stevens	Geo.	Henry		
20	Chick	Alfred	E.		
18	Ley	Arthur	James		
16	Evans	Richd.	F.	sorter
14	Thomas	Jabez			
12	Whiteman	Wm.	H.		
10	Gillman	Frank			
8	Jones	Mrs.	Emily		
6	Evans	Mrs.	E.		
4	Shelton	Mrs.	E.		
2	Creed	Walter,	butcher		
Rockfield Road, C 3
Off Constance-street.
Rodney Road, C 4
[LEFT HAND SIDE.]
Off Clarence-place.
1	Gooding	M. J.		
3	Pendleton	J.	S. engineer
5	Udall	John,	carpenter	
7	Muxworthy	Mrs.	L.	
9	Russell	Benj.		
	White	Thomas		
11	Thomas	Mrs.	Hannah	
Rod
13	Evans	William		
15	Ball	Mrs. Sarah		
17	Matthews	Mrs. K.		
	here is Grafton-road.	
NEWPORT ATHLETIC GROUNDS	
	(return)	
1	Gillard	John	plumber	
2	Jones	Francis	Wm.	
3	Stokes	Thomas	fitter	
	here is Colne-street.	
4	Donald	Thos.	greengrocer	
5	Wright	Alfred	G.W.R.	
6	Edwards	Jas.	whlwright	
7	Collard	Frank		
8	Price	William	ironworkr	
9	Rudd	William	crane dvr	
10	Morris	Geo.	Wm.	gardener
11	Hillier	William		
12	Brown	John	enginedriver	
13	Beardmore	A.	F.	traveller
14	O'Brien	John		
16	Sunday	W.	A.	guard
17	Westacott	Robert		
18	Delaney	Edwd.	gas works
19	Mitchell	Cosmo	carpenter
20	Burke	Mrs.	K.	A.
21	Stallard	Thos.	haulier
22	Bancroft	Chas.	foreman
23	Morgan	John	lamplighter
24	Jones	Richd.	M.	gas insp.
NEWPORT STREET DIRECTORY	
ROSS STREET.
	Off Brynglas-road.	
	[RIGHT HAND SIDE.]	
	Perrett	Tom	Brynglas view
	Houses	building	
	George	William		
	Joseph	Wm.	Wm.	Henry
	Levi	Benjamin		
	Levi	Bertram		
	Houses	building	
	Vacant	sites	
	(return)	
20	Hoare	Harry		
18	Poole	Henry	James	
16	Spicer	Hy.	H.	ironworker
14	Sydney	J.	N.	
12	Hutchinson	W.	R.	signlmn
10	Dando	Thomas	P.O.	
8	Taylor	Albert	Ed.	
6	Cottrill	G.	T.	manager
4	Davies	Walter	C.	
2	Rippin	Albert		
RONALD ROAD, C 3	
85	Duckpool-rd.	to Morden-rd.	
	[LEFT HAND SIDE.]	
1	Lewis	R.	G.	
3	Void		
2	Lewis	Fredk.	manager	
4	Wayland	Percy		
5	Evans	E.	Harry	Serne h
6	Williams	Arthur	fitter	
	(return)	
7	Jones	John	Leslie	
8	Andrews	J.	A.	
9	Thomas	Ernest	E.	
10	Garry	Mrs.	A.	M.
ROSE STREET, C 4	
	From Locke-st.	to Lucas-st.	
	[LEFT HAND SIDE.]	
1	Brown	Geo.	J.	
2	Hughes	Frank	Ernest	
3	Jones	Matthew	J.	foremn
4	Ryan	Francis	postman	
5	Close	H.	crane	driver
6	Hill	Sidney	painter	
7	Harris	Thomas	guard	
8	Thomas	George		
9	Foster	John	ironworker
10	Richard	Thos.	eng.	driver
11	Hewitt	Richd.	H.	G.W.R.
12	Pates	Henry	Walter	
14	McNeil	Robt.	A.	porter	
15	Hillman	Hy.	Rd.	bricklayr
	(return)	
ROSSLYN ROAD, D 3	
	Off Chepstow-road.	
	[LEFT HAND SIDE.]	
1	Hughes	Thomas	Ed.	
3	Jordon	Augustus		
5	Clarke	Raymond		
7	Grindley	Henry		
9	Walker	Geo.	B.	
11	Thomason	H.	S.	
13	Morris	William	H.	
15	Isaacs	William		
17	Davies	Alexander	John	
19	Haigh	J.	Henry		
	Vacant	sites	
	(return)	
34	Cain	Arthur	Francis	
32	Sturley	Mrs.	E.	
30	John	John	smith	
28	Reiley	William		
26	Hillier	Hy.	plumber	
24	Reiley	James	sailmaker
22	Gregory	Joseph	fitter	
18	Bullock	G.	A.	
16	Silcox	Wm.	John	
14	Wangler	Melville		
12	Roberts	Ernest		
10	Bath	William	J.	
8	Moore		
6	Waites	Frederick		
Rud
4	Lewis	John		
2	Frampton	William		
ROTHESAY ROAD, D 3	
	Off Chepstow-road.	
	[LEFT HAND SIDE.]	
1	Mills	W.	H.	plumber
3	Burden	Henry		
5	Apperly	Herbert	L.	
7	Jones	Ebenezer	Wm.	
9	Watkins	Sydney	ins.	supt.
11	Matthews	Henry		
	Vacant	sites	
	(return)	
	Vacant	sites	
RUDRY STREET, C 4	
	From Tregare-st.,	E. Usk-rd.	
	[LEFT HAND SIDE.]	
1	Miller	Fred.		
2	Overed	James	Edward	
3	Linton	Charles	mason	
4	Hurley	Bert.	labourer
5	Woods	Edward	labourer
6	Anthony	Mr.	Julia	
7	Void		
8	Nation	Henry	Albert	
9	Jones	Mrs.	L.	
10	Murphy	Dennis	labourer
11	Shea	Frank	labourer
12	Davies	George		
13	Thomas	Harry	labourer
14	Morgan	Thos.	labourer
15	Donovan	Daniel	labourer
16	Siduey	William	Henry
17	Spalks	Thomas	labourer
18	Chivers	Ernest	G.W.R.	
19	Merrick	Alf.	signal	fitter
20	Void		
	(return)	
	Purnell	Miss	E.	A.	shop
	Purnell	A.	&	W.	saw mills
	Vacant	sites	
21	Broom	Thomas	labourer
22	Burrows	George		
Only First-Class English and American men employed	481
Rugby Road, D 4
From Harrow-rd. to Eton-rd.
[LEFT HAND SIDE.]
1	Gay	Henry	The Elms		
3	Uppington	Thomas		
5	Donoghue	P. E.	The Oaks		
7	Williams	D.	The Beeches		
11	Elliott	Mrs. M. H.	The Limes		
11	Yealland	Rd. George		
13	Powning	Henry A.		
15	Price	A. A.	St. Clair		
17	Phillips	P. J., Jr.	St. Ives		
19	Evans	Mrs. J.		
21	Davies	Timothy	builder	
23	Weaven	H.	Cardigan ho	
25	Young	James	Glen Neuk	
27	Croker	Charles		
29	Jones	H. G. H.		
here is Eton-road.
here is Cambridge-road.
Vacant sites
here is Kingston-road.
Sully	Eli	Rosedale	
(return)
62	Leech	John	Lester	
60	Harris	Wm.	millworker	
58	Adams	Albert	Edward	
56	Gerrish	Reg.	Thomas	
54	Evans	Arthur	Bayston h	
52	Davies	James		
here is Malvern-road.
50	Lovelock	Arthur	builder	
48	Evans	Wm.	Henry	
46	Roberts	Mrs. N.		
44	Jones	Isaac	Alfred	
42	Reynolds	John	ironwirkr	
40	Lambert	S.	engine driver	
38	Ashdown	Geo.	confectnr	
36	Millington	A.	Woodland v	
34	Thorburn	E. W.	Kronstad	
here is Eton-road.
32	Williams	Mrs. Annie		
30	McGuire	King	Linden	
28	Browne	Geo. Hy.	Trevose	
26	Clemerson	George	Fors	
24	Fisher	Mrs. E.	Mayfield	
22	Copp	John		
20	Morrison	John	Joseph	
18	Pomeroy	Charles		
16	Wheatley	Thomas	Hy.	
14	Kimber	A. W.		
12	Jones	Henry E.	Newra	
10	Gould	Hy. Geo.	Coniston	
8	Miller	Alfred		
6	Lambert	E. T.	Palmyra	
482			
NEWPORT STREET DIRECTORY.
4	Thomas	James	Fredk.	
2	Wall	W. J.	Allerton ho	
Ruperra Street, D 4
17 Commercial-rd. to Dock-st.
[LEFT HAND SIDE.]
2	Knight	E. boarding ho	
3	Donaldson	R.	marine sur.	
4	Raines	Samuel	fireman	
5	Vincent	Eber.	shae'gsmth	
6	Williams	John	walster	
7	Void		
8	Davey	Mrs. Lucy		
9	Axelsen	August		
10	Cousins	Wm.	sign writer	
11	Baulch	Robt.	moulder	
12	Pauon	John	police sergt.	
13	Davies	Mrs. Ann		
14	Jones	J.	foreman G.W.R.	
15	Void		
16	Mills	Wm.	labourer	
17	James	John		
here is New Kuperra-street.
18	Harrison	Mrs. Elizabeth	
19	Morgan	Mrs. R.	shop	
20	Stoneman	F. J.	pilot	
21	Price	J. H.	plumber	
22	Williams	Thos.	boilermkr	
23	Stock	Thomas	labourer	
24	Mogford	John	labourer	
25	James	John	ship painter	
26	Goman	Wm.	John		
27	Void		
28	Pollard	Fred.		
29 30	SEAMEN'S INSTITUTE		
31	Nat.	Seamen's	Union	
Bailey	Mrs. Harriet	(return)	
MASONIC HALL		
Smith	Halvorsen	F. & Co.,	brokers
Silcox	H.	shipbroker	
Smith	Alf. J.	coal agent	
Webb's (Aberbeeg), Ltd.,	bonded stores	
Panting	Mrs.		
here is East Market-street.
CATTLE MARKET		
33	Phelps	Charles		
34	Perkins	Thos.	seaman	
35	Carthy	J.	haulier	
36	Jones	Mrs. Annie	
37	Moore	Jesse	mason	
38	Morgan	Mrs. Mary	
39	Void		
Rutland Place, E 5
From 76 Alma-street
1	Ray	Thos. J.	Alma house	
2	Gregory	Rev. W. H.		
3	Dunn	Frederick		
4	Goldsworthy	G. A.	pilot	
5	Lane	Thos.	shipwright	
(return)
Jones	W. & Son	bldr's yd	
6	Jones	W. E.		
7	Dixon	James	foreman	
8	Nicholas	Oliver	boilermkr	
9	Turuer	P. W.	upholst'r	
10	Page	Mrs. Susan		
Hollingdale	A. W.		
11	John	John		
St. Edward Street, D 5
From end of St Mary-street.
[LEFT HAND SIDE.]
1	Ashman	Mrs. C.		
2	Molloy	Thomas		
3	Phillips	W. Lloyd	carpntr	
4	Hopkins	W.	decorator	
5	Stockwell	John	Hy. P.O.	
6	Chilcott	Thomas		
7	Gardiner	Ernest	eng. dvr	
8	Green	Henry	carman	
9	Marshall	A. R.	postman	
10	Cox	Oliver	coachman	
11	Taylor	George	postman	
12	Wynn	Cadwallader	putr	
13	Smith	Jos.	ticket collectr	
14	Peacock	Hbt.	police	
15	Lewis	Mrs. Margaret	
16	Jones	Albert	E.general shop	
17	Stocker	Albert	cabman	
18	Porter	Walter	plumber	
19	Hando	Wm. Hy.	carpentr	
20	Williams	David	striker	
21	Lewis	Thomas	seaman	
22	Perry	Frederick		
23	Stevens	Mrs. Fanny	
24	Attwood	Edwin	H. clerk	
25	Kinnersley	Heury	police	
26	Whitcombe	Chas.	police	
27	Davies	Thomas	police	
28	Flanagan	T.	wagou repr	
29	Hopkins	Chas. Hy.	G.W.R.	
30	Mortimer	Geo.	machinist	
31	Hart	Chas. W.	upholstr	
32	Huggins	Fredk.	police	
(return)
33	Huggins	William	J.		
34	Keating	Alfred		
BOODLE'S TEETH, 55 High Street, Newport
NEWPORT STREET DIRECTORY.
St.
35	Bright	Chas.	g.w.r.		
36	Robinson	Saml.	musician		
37	Ross	Hugh,	eng. driver		
38	Weeks	Mrs. Sarah	Ann		
39	Pearce	Fredk.	foreman		
40	Wellington	Rd.	mason		
41	Bowden	Wm.	T.		
42	Cane	W.	R.	inspector		
43	Stevens	Dd.	foreman		
44	Whitcombe	R.	traveller		
45	Gardener	Henry	James		
46	Phillips	Wm.	builder		
47	Neale	Martin	J.	carpenter	37	
48	Morgan	C.	W.	wagon repr	35	
49	Jones	John	Thomas		
50	Dier	Mrs.	Jane		
51	Rowan	Jere,	plasterer		
52	Stanbury	Albt.	F.	cabmn	27	
53	Reid	Angus,	hoistman		
54	Berridge	Mrs.	W.		
55	Parsons	Frank,	G.W.R.		
56	Dier	Mrs.		
57	Davies	Geo.	moulder		
58	Webb	Herbert		
59	Reeves	Wm.	haulier		
60	Jones	David,	engineer		
61	Jones	Mrs.	Louisa		
62	Jones	Mrs.	Ann,	shopkpr	9	
63	Christopher	Henry,	shop	7	
St. John's Road, D 3
Eveswell-park.
[RIGHT HAND SIDE.]
2	Leadbetter	J. Hubert,	St.	5	
John's lodge		
4	Smith	R.		
Tasker	Mrs.	L.		
6	Dixon	Franklin,	Mariquita	9	
8	Greenland	W.	A.,	trsha	
10	Alldridge	H.	G.,	Lynwood	
12	Gwatkin	Richard	W.		
14	Vaindre	—void		
16	Patterson	Miss,	Drayton	h	
18	Harry	T. J.,	Springfield	8	
20	Morris	Wm.,	Beaufort	ho	10	
22	Davies	Harry,	Sandfield	11	
24	Thomas	Mrs.	M.	A.,	Gren-	12	
ville	house		
26	Kelly	A.	H.,	Lestitha	13	
28	Perry	B.	L.		14	
30	Waister	H.	S.,	Weston	vw	16	
32	Richards	Rev.	A.	S.,	17	
Waverley	house		
34	Waters	Charles,	Elsinore	18	
Waters	H.S.,	plumber,	&c.	19	
Halford	F.	T.,	Staunton	house	20
here is Ereswell	Park-road.	21
36	Greenland	J.,	Trelawney	22
38	Sier	W.,	Courtfield	23
40	Blandford	T.,	Springbank	24
42	Alger	E.	J.,	Ingleside	25
44	Griffiths	W.	D.	A.,	Glen-	26
wood		27
46	Lloyd	Chas.	O.,	Llaneast	28
Spittle	Thos.,	Cambrian	h	29
here is Kensington-place.	30
(return)		
Brewer	Mrs.	L.,	Cartref	
Jewell	George,	Mithian	
Brammall	W.	S.,	Trevone	
Whaler	H.	B.,	Aylesbury	
Jupp	John	F.,	Wilton		
Carmichael	Capt.	D.	G.,	
R.A.M.C.,	Oakdene		
Llewellyn-Jones	Rev.	D.	
E.,	St.	John's	vicarage		
Vacant	sites		
here is Batchelor-road.		
Vacant	sites		
Jones	A.	G.		
Patterson	Miss		
Hayward	Mrs.	C.	L.		
Jones	R.	A.		
Evans	David		
Cole	Wm.	F.,	Parkdale	3
Balleine	G.	F.	W.,	Penryn	1
St. Julian Street, C. 3
From 172 Caerleon-road
[RIGHT HAND SIDE.]
Hazell	A.	builder,	The	Lodge
Thomas	Gwilym,	Hazelmere
Thomas	Lewis,	Sunnydale
Vacant	sites		
Keene	Edward,	Sedgemoor
Cape	Rev.	R.	F.,	Arnside
(return)		
Flook	Albert,	Broxwood		
Rawlings	Arthur,	Ellesmere		
St. Mary's Road, C 5
See Clytha-park.
St. Mark's Cres., C 5
Off Fields-road.
Dowdall	P.		
Taylor	W.	F.,	The	Haven
Joseph	Rev.	D.D.,	Avallon		
Wadley	Alfred	G.		
Barefoot	J.	J.,	Savernake
Williams	J.,	Nant	Gwawr
Gorman	Edw.,	Tavistock
Davies	Wm.,	Llwyn	vale
Harding	Rev.	H.,	Cleve-	
hurst		
Pen-y-parc	—void		
Gunn	Albert,	Lydbrook		
Cullimore	Hy.,	Alveston		
Coxon	R.	W.,	Northfields	
Mills	H.		
Batty	Ernest	J.,	Mayfield	
Humphreys	Henry	Robt.	
Probert	Arthur		
Edwards	Mrs.	Sarah		
Coe	Archibald,	Corbiere	
Oliver	George	Campbell,	
Ivydene		
Matthews	J.,	Heatherwood	
Hill	George,	Westbury		
Jones	S.	G.		
St. Mark's-cres.—continued		uniqueItems			
49	Roe	J. A.				(return)
51	Major	Wm. Chas.		BAPTIST CHAPEL	
53	Broughton	C. W., Coniston	35	Evans	Mrs. E.
	here is Alteryn-road.	36	Sully	Joseph	
			37	Brindley	John, musician
St. Mary Street, D	5	38	Pitt	John Stuart		
From North-street to Blewitt-	39	Brinkworth	Mrs. C., Odd-	
street.		fellows' & Foresters' Arms
	[LEFT HAND SIDE.]	40	Edwards	Walter, plasterer
1	Linton	A. labourer	41	James	George, plasterer
1A	Withers	Alfred	42	Edwards	Thos. labourer
2	Newland	William	43	Vaughan	—	
2A	Roberts	John, labourer	44	Conibear	—	
3	Ford	Herbert	45	Gill	Joseph Henry	
3A	Wilson	John	46	Perry	Mrs. Annie	
4	Bradish	Geo. labourer	47	Edwards	John, labourer
4A	Swinburne	Francis	48	Evans	John, baker	
5	Bennett	Geo. seaman	49	Tucker	Chas. roadman	
5A	Barry	Thomas, labourer	50	O'Neill	Peter, labourer
6	Bond	Fred, labourer	51	Dart	James, seaman	
6A	Giffen	James, labourer	52	Lane	George, fireman	
7	Gregory	David, plasterer	53	Harris	John, labourer
7A	Neal	John, labourer	54	Abbott	George, labourer
8	James	Wm. labourer		here is West-street.
8A	Gatehouse	Martha	55	Simmonds	Hy. cabman
9	Jenkins	Lewis, striker	56	Chalker	Mrs. Mary	
9A	Void	57	Bader	Clifford	
10	Watkins	Edward	58	Rugg	Fred. marker	
10A	Webb	Frank E. painter	St. St. Woolos Sunday Schl
11	Hopkins	Wm. J. painter	59	Void	
12	Gay	William, foreman	60	Void	
13	Fisher	Mrs. Elizabeth	61	Marley	Charles, signalmn
14	Kirby	John, labourer	62	Manship	Henry, fitter	
15	Davies	Chas. weighman	63	Cole	Robert, smith	
16	Jones	Hugh, moulder	64	Tapp	E. Wm. haulier	
17	Clampden	E. lamplighter	65	Snowdon	L., Talbot Inn
18	Rose	Edwin	J. compositor		
19	Pritchard	Charles, grocer	St. Michael Street, E	4
20	Pearson	William, fitter	Church-street to Castle-street.
21	Regan	Mrs. E.		[LEFT HAND SIDE.]
22	Jones	Wm. boot finisher	1	Manship	Frank, labourer
23	Moore	H. C. carpenter	3	Baker	Geo. coal trimmer
24	Storey	George, carpenter	5	Fursey	Richard, shipsmith
25	Millard	Geo. haulier	7	Sullivan	Pat. trimmer	
26	Williams	W. furnaceman	9	Regan	Thomas, labourer
27	Rees	Herbert	W. carpenter	11	Ricketts	E. lodging house
28	Tiley	Mrs. Mary	13	McCarthy	John, labourer
29	Prothero	Mrs. M. A.	15	Manship	Geo. shop	
30	Squires	Wm. Hy. carpentr	17	Hart	Mrs. Catherine	
31	Lewis	John, coachman		here is Clarence-street.
32	Luffman	Wilfrid, carpentr	St. Michael's Catholic
33	Dumayne	Chas. haulier	Church and Schools
34	Crimp	John, milkman, &c.	21	Dermody	Frances M.	
	here is St. Woolos-road.	22	Burke	John, coal trimr
	also St. Edward-street.	25	Fontaine	E., Orange Tree
			here is Castle-street.
			(return)
			44	Morrison	Mrs. Ellen	
			42	Donovan	John, labourer	
			Buckley	Wm. labourer	
			40	Channon	Patrick	
			Manship	Walter	
			Kennealey	Michael, lab	
			38	Smith	Thomas, labourer
			36	Lawton	Richard	
			34	Stephens	W. T. haulier	
			32	Fennell	Robt. shipper	
			30	Thomas	Jas. boilermaker
			28	Doherty	Terence	
			26	Hughes	Edwd. trimmer	
			24	Curran	William, labourer
			22	Malpas	Ed.	
			20	Brunnock	James, trimmer
			18	Casati	Peter, baker	
			16	South	G. W. haulier	
			14	Fry	James, labourer	
			12	Manship	Edwin, labourer
			10	Smith	Thomas, seaman	
			8	Young	Alfd. fireman	
			6	Grey	Chas. carpenter	
			4	Osmond	Frank, labourer
			2	Phillips	John W. trimmer
St. Stephen's Rd., E	4	
Carlisle-st. to Alexandra-rd.		
	[RIGHT HAND SIDE.]		
1	Adams	John, boilermaker	
2	Phillips	W.J. drydk formn	
3	Holton	William George	
4	Smith	Dd. B. boilermaker
5	Ashill	Francis, platelaytr
6	Marsh	Frederick J.	
7	Wright	Mrs. R.	
8	Hughes	T. J. sampler	
9	Stephens	Chas. weighmn
10	Ridley	W. J. manager	
11	Sundy	T. A. stevedore	
12	Diaper	Albert, stevedore
13	Marsh	Frank, shipwright
14	Humphries	Fredk. Wm.	
15	Hunter	Wm. boatman	
16	Coster	Edgar, fireman	
			(return)
			Beddis	J. M. mortar mfctr,	
			contractor & coal mrcht
			17	Beddis	J. M.	
			18	Griffiths	Walt. ship eptr
			19	Hollis	Joseph, engineman
			20	Waring	Wm. signalman
			21	Jenkins	Wm. dock pilot
			22	Ford	James F.	
			23	Ocean Paint & Comp. wks
St. Vincent's Rd., C 3
Corporation-rd. to Rodney-rd.
[LEFT HAND SIDE.]
1	Mattock	John		
3	Winn	Mrs. Emma		
5	Poloway	Lewis, tailor	
7	Brace	Roy E.	
9	Mackay	Mrs. R.	
11	Baker	O. smith	
13	Gastrell	Mrs. E.	
15	Smith	Mrs. A.	
17	Bordman	Edward	
19	Jenkins	Thomas	
21	Morris	Percy, manager	
23	Day	George	
25	Tribbeck	Ed. boilermaker	
27	Hine	Mrs.	
29	Page	Mrs. Elizabeth	
31	Williams	J.	
33	Mann	Mrs. Charlotte	
35	Paur	Henry, chef	
37	Foslett	Joseph, gas fitter	
39	Wiggins	Robert	
41	Flew	Alfred	
(return)
Technical Institute
38	Mogford	James	
36	Jones	Daniel	
34	Turner	William	
32	Cartwright	Miss A.	
28	Taylor	Wm. Edwin	
26	Hopkins	E. W.	
24	Heard	Albert John	
22	Harris	Michael, tailor	
20	Jarvis	Daniel, traveller	
18	Lloyd	Eben. W. ironmgr	
16	Chicken	T.	
14	Morris	Thomas	
12	Cox	Frederick	
10	Goldsworthy	Albert	
8	Fieldhouse	William	
6	Sweeting	Walter	
4	Mitchell	Fred.	
St. Woolos Pl., D 5
From 23 St. Woolos-road.
[RIGHT HAND SIDE.]
1	Fooks	John, moulder	
2	Innes	Leonard, platelayer	
3	Davies	John, platelayer	
4	Phelps	Henry, fireman	
5	Williams	G. E. coachman	
6	Jones	David, signalman	
7	Volmer	Henry, cook	
8	Watkins	W. H. gardener	
(return)
9	Bridgens	Henry	
10	Jenkins	John Hy. mason	
11	Watkins	Chas. machinist	
12	Stone	Benjamin D. labr	
13	Brown	John, carpenter	
14	Picton	William Henry	
15	Edmunds	W. H. painter	
St. Woolos Road, D 5
34 St. Mary-st. to Clifton-rd.
[RIGHT HAND SIDE.]
1	Miller	Francis, saint	
Prince of Wales
2	Morgan	Philip, smith	
3	Gumm	Joseph, gardener	
4	Nicholas	Jos. Hy. labr	
5	Jones	Charles, driver	
6	Marment	Miss, dressmkr	
8	Box	Mrs. S. A. fish bar	
8	James	Wm. A. bootmaker	
here is Graham-street.
9	Powell	R., Wellington Inn	
10	Void	
11	Smythe	Mrs. Elizabeth	
12	Richards	W. sailmaker	
13	Jenkins	Henry West	
14	Tooze	John	
15	Bamford	F. E. grocer	
here is St. Julian-street.
16	Stacey	G. berthing mastr	
17	Hall	Alex.	
18	Packer	Arthur	
19	Lewis	Mrs. G.	
20	Pegler	John, gardener	
21	Mountain	James Wm.	
22	Moulton	Charles, shunter	
23	Bartlett	J. boilermaker	
here is St. Woolos-place.
24	Partridge	H. general shop	
25	Powell	Philip B., painter	
26	Weetch	Thomas, baker	
27	Bailey	Claude upholstr	
(return)
28	Underwood	Mrs. H.	
29	Gilbert	P. J. shipper	
30	Morgan	Wynd. C. carptr	
31	Lyons	John, painter	
32	Powis	Mrs.	
33	James	Thomas, baker	
James' bakehouse	
here is Jones-street.
34	Musty	Algie, coal mercht	
Salisbury Road, C 6
Bryngwyn-rd.to Llanthewy-rd	
Scard Street, D 5
From North-st. to Bviley-st.
[LEFT HAND SIDE.]
1	Stewart	Mrs. R.	
2	Watkins	Mrs. Annie, shop	
3	Phillips	& Clark, builders	
4	Cooksley	John, clerk	
5	Swallow	Jno. guard, B.&M.R.	
5	North	George T.	
(return)
6	Hovey	James, ruler	
7	Elworthy	Ed. carpenter	
8	Cook	Rd. railway man	
9	Watkins	Fredk. haulier	
Screw Packet Rd., C 4
From High-street.
Newport Builders' Supply, Ltd.	
Pitt	Tom, regd. shoeing smth	
Nicholas	& Co., Baltic wharf	
Phillips	& Sons, flour stores	
Serpentine Road, C 5
Godfrey-road to Gold-tops.
1	Jones	B. H., Tregleath	
2	Sandbrook	Mrs. H. P., Fairfield	
3	Bates	F. R., Bindon	
4	Griffiths	Hy., Elmwood	
5	Billinghama.,Shambro'k	
6	Jackson	Mrs., Langorse	
7	Phillips	Mrs. J. F. C., Thornton	
8	Rees	J., Wentbridge	
9	Morgan	C. E., Silverhowe	
10	Jeremy	T., Colwinstone	
Severn Terrace,
Opposite St. Woolos Church.
1	Nelson	Mrs. W.	
2	Isaacs	Alfred John	
3	Strong	H. J.	
4	Roberts	Arthur J. H.	
5	Williams	Henry, moulder	
6	Saysill	Charles	
Severn View, D 5
(formerly The Rookery)
From 105 Stow-hill.
1	Exton	James, gardner	
2	Heron	Joseph	
3	Adams	Mrs.	
4	Icardi	Antonio	
5	Bryce	John	
6	Singleton	Fred	
Sev	.	.	.	.	.
NEWPORT STREET DIRECTORY.	.	.	.	.	.
.	7	Green	William	.	Severn-view—continued
.	8	Kelly	Michael	labourer	.	.
.	9	Thomas	John	labourer	.	.
.	10	Hogan	John	labourer	.	.
Shaftesbury St., C 4	.	.	.	.	.
From 69 High-st. to Malpas-rd.	.	.	.	.	.
[LEFT HAND SIDE.]	.	.	.	.	.
.	1	Kelly	F. S.,	Castle Hotel	.
.	.	Entrance to Castle-precincts.	.	.	.
.	9	Sims	J. W.,	Eastern Val- leys Inn	.
.	11	Kleanstein	Mrs. F.	dealer	.	.
.	13	Castle	Restaurant	— L. J. Morgan	.
.	15	Hillman	Mrs. E. A.	tobaccoist	.
.	17	Provino	D.,	refreshments	.
.	19	Thomas	E. & Co.	saddlers	.
.	21	Brown	Gopsill & Sons.	sack contractors	.
.	.	here is Mill-street.	.	.	.
.	23	Phillips	J. & Sons	millers	.
.	25	Neale	Tom	haulier	.
.	27	Evans	Wm.	haulier	.
.	29	Tudball	George	.	.
.	30	Lane	Frank,	Station Inn	.
.	.	BROWN'S BUILDINGS—	.	.	.
.	1	Toms	—	.	.
.	2	Thomas	Joseph	.	.
.	3	Scott	J.	.	.
.	4	Jones	John	labourer	.
.	5	Sullivan	J.	.	.
.	6	Dart	Samuel	.	.
.	7	Newick	Mrs.	.	.
.	8	Middleton	T.	labourer	.
.	9	Terrett	—	.	.
.	10	Galliver	Edward	.	.
.	11	Void	.	.	.
.	12	Williams	T.	.	.
.	53	Batten	F.	mason	.
.	55	Williams	John	labourer	.
.	57	Hazell	Ivor	.	.
.	59	Leyson	Aug.	labourer	.
.	61	Gardner	George	.	.
.	63	Lane	Wm. Alfred	smith	.
.	65	Rossiter	Wm.	bootmaker	.
.	67	Andrews	W. H.	Moulders' Arms	.
.	69	Legresley	Alfred	.	.
.	77	Hill	Thos.	haulier	.
.	79	Void	.	.	.
.	81	Glose	George	.	.
.	83	Leonard	Bros.	boot reprs	.
.	85	Void	.	.	.
.	87	Hopkins	A. Ll.	labourer	.
.	.	.	.	.	486
.	39	Lewis	Geo.	labourer	.
.	91	Caivill	E.,	Winning Horse	.
.	93	Sutton	Thomas	.	.
.	95	Bryant	Albert Ed.	.	.
.	97	Knight	Chas.	labourer	.
.	99	Richards	Mrs. Alma	.	.
.	101	Jones	Jesse	bailiff	.
.	103	Prior	George	labourer	.
.	105	Lee	H.	hairdresser	.
.	107	Handell	A. E.	musician	.
.	109	Garrett	Wm.	sweep	.
.	111	Hill	John	mason	.
.	113	Palmer	Mrs. E.	.	.
.	115	Sweeting	Jos.	labourer	.
.	117	Finnighan	Mrs. K.	.	.
.	119	Amos	George	moulder	.
.	123-25	Thomas	Alfred	.	.
.	127	Thomas	Mrs. Mary	.	.
.	129	Harding	Edwd.	carpenter	.
.	131	McFarlane	Patrick	.	.
.	133	Tidman	Mrs. C.	grocer	.
.	135	Burgess	Geo.	fish shop	.
.	137	Drayton	Mrs.	.	.
.	139	Gilbert	Herbert	.	.
.	141	Coombes	Albert Geo.	.	.
.	143	Richards	Thomas	.	.
.	145	Void	.	.	.
.	147	Waters	Hy.	locksmith	.
.	149	Wilkins	John	mason	.
.	151	Rudall	Edward	Thos.	.
.	153	Void	.	.	.
.	155	Ricci	A.	.	.
.	157	Lavender	Daniel	labr	.
.	159	Doggett	Wm.	labourer	.
.	161	Cooke	James	.	.
.	163	Woods	George	labourer	.
.	165	Carlson	Gustave	.	.
.	167	Taylor	Chas.	labourer	.
.	169	Williams	Edwin	platinlyr	.
.	171	Shakeshaft	Benj.	labr	.
.	173	Paulson	Mrs. L.	.	.
.	175	Barton	Albert	labourer	.
.	177	Power	Edgar	.	.
.	179	Radcliffe	Dd.	trimmer	.
.	181-3	Sellick	C.	pork butcher	.
.	185	Jones	Samuel	labourer	.
.	187	Watts	Alfd.	labourer	.
.	189	Grosvenor	J. W.	fish bar	.
.	191	Perkins	—	.	.
.	193	Bryant	Albert	labourer	.
.	.	here is Railway-bridge.	.	.	.
.	.	Tunnel Yard, G.W.R. Co.	.	.	.
.	.	(return)	.	.	.
.	.	here is Edwin-street.	.	.	.
.	206	Lippiatt	Alfred	.	.
Sha	.	.	.	.	.
.	204	Morgan	Rees	surgeon	.
.	202	Geary	Mich.	gas works	.
.	200	Jones	Alfred J.	.	.
.	198	Beniams	Francis	.	.
.	196	Jones	Wm.	wareho'man	.
.	194	Jenkins	Chas.	builder	.
.	.	MISSION CHURCH	.	.	.
.	192	Shakeshaft	Edwd.	labr	.
.	190	James	Charles	hawker	.
.	188	Prior	George	labourer	.
.	186	Robinson	T.	shoemaker	.
.	184	Peard	Jas.	tinsmith	.
.	182	Cooper	James A.	.	.
.	180	Stockwell	Alfd.	gas wks	.
.	178	Buss	John	cellarman	.
.	176	Carlson	Robert	.	.
.	174	Widdows	George	.	.
.	172	Phillips	Wm.	labourer	.
.	170	Price	Mrs. C.	shopkpr	.
.	168	Rising Sun	Hotel-Lewis	.
.	.	Pike, manager	.	.	.
.	.	here is Lyne-road.	.	.	.
SHAFT' SBURYST. Schools	.	.	.	.	.
.	.	here is Evans-street.	.	.	.
.	162	Co-operative	Industrial	.	.
.	.	Society, Brnch	Stres.No.4	.
.	160	Simmonds	C. P.	grocer	.
.	158	Hazell	John	greengrocer	.
.	156	Baldock	A. W.	pork btehr	.
.	154	Williams	David	draper	.
.	153	Smith	Robt.	boot dealer	.
.	150	Wanklyn	A. C.	hairdrsr	.
.	148	Eastmans	Ltd.	butchers	.
.	146	Fletcher	& Michael	boot	.
.	.	makers	.	.	.
.	144	Palmer	M.	greengrocer	.
.	142	Kirby	J. & Sons	tailors	.
.	140	English & Colon'l	Meat Co	.
.	138	Watkins'	grocery stores	.
.	136	Brown	Miss,	costumier	.
.	134	Peters	( . A.	confectionr	.
.	132	Tonge	Fredk.	gas works	.
.	.	Carr	J. R.	.	.
.	.	WESLEYAN METH. CHAPEL	.	.	.
.	128	Beniams	C.	temprance bar	.
.	126	King	Barnett	tobacc'nist	.
.	.	and newsagent	.	.	.
.	124	Prosser	Harry	drover	.
.	122	Smith	Fredk. G.	labourer	.
.	120	Ford	Samuel	driver	.
.	118	Collier	William	.	.
.	116	Lee	H.	furniture dealer	.
.	114	Bush	Samuel	G. butcher	.
.	112	Cook	Misses	drapers	.
.	110	Lenahan	Mrs. Mary	.	.
.	108	Martin	Wm.	carpenter	.
.	106	Lewis	Mrs. Lydia	.	.
BOODLE'S TEETH, 55 High Street, Newport	.	.	.	.	.
Sha
104	Miss A.	Wilson	shop		
102	Radford M. J.	grocer		
100	Stroud J.	fish bar		
98	Ash M.	pawnbroker		
96	White Wm. H.	grocer		
94	Wade Frank	picture frame maker		[Ltd.]
	Cardiff Cold Storage Co., 70 Shaftesbury-st.	Crown Bakery-C. White		
68	White E. C.	grocer		
66	Void		
64	Preedy&Saunders	fish bar		
62	Osborne R. A.	furniture dealer		
60	[return]		
58	Whiting C.	hardware dllr.		
56	Knee Frank	furniture dllr.		
54	Workmen's Reform Club	-B. Thomas	steward	[52]
50	Wynn Rbt.	steam haulage contractor & gen. carrier		
46	Ware W. W. & Co., Ltd.	curriers, etc.		
44	Pugsley J. Jun.	shoeing smith		
42	Hammond J.	shop		
NEWPORT STREET DIRECTORY.	Som			
Skinner Street, C 4	From 33 High-street.	[LEFT HAND SIDE.]	Gloucester Chambers.—(See 33 High-street.)		
2	Bear, Brewer, and Bowman, auction'rs, valuers, &c.		[The]
3	Lonnon Albt., Ltd.	tailors		
4	Harding Miss A. M.	florist		
5	Shaw & Oliver	Manchester warehousemen		
	Preston Joshua	wholesale clothier		
6	Rennie J. H.& Co.	auctnrs		
7	Leadbetter Thomas	L. & Co.	coal merchants & colliery agents	[9]
	HIGHBURY CHAMBERS.—8 Gardner & Herbert	solitrs	Offices of Caerleon Urban District Council	
	Clemens Jas.	steel, iron and metal merchants		
	Barrie J. S.	engineer		
	Jenkins W. J.	engineer		
9	Jones & Godwin	bakery engineers		
10	Pinnell W. J.	butcher		
Jones's Newport Garage Ltd.	40	Graddon John	engineer	Jenkins John	window blind manufacturer
38	Pearce A. M.	hairdresser		
36	Newcombe Bros.	crn dlrs		
34	-S. Vincent	manager		
32	Hardy F.	cycle dealer		
30	Giles & Williams	coach builders		
	Flook's herring stores	12 Newport Castle		
8	Morris Mrs. R.	newsagt		
6	Shaftesbury Restaurant	H. Davies	proprietor	
Shifnal Street, E 3	Off Corporation-road.		
Sidney Street, C 5	From 17 Tunnel-terrace.		
1	Critchley Mrs. L.		
2	Pope Henry	porter		
3	Vincent W.	painter		
4	Hart William	senior		
5	Sellick Jas.	factory hand	[return]		
6	Boulter E.L.	coach builder	20 Bramwell H. L., Windsor	47 Foster C. F.	
	Slipway Cottages, F 2	End of Corporation-road.		
	Soho Street, D 3	Dudley-street to Tipton-street		
	Somerset Road, C 3	Caerleon-rdtoChristchurch-rd	[LEFT HAND SIDE.]		
1	Pulsford T. H.		
3	Price Harry	engineer		
5	Kershaw Mrs.		
7	Francis H. H.		
9	Harries John E.	traveller		
11	Griffiths Mrs. M.	Sun'yside		
13	Spencer S. H.	Montpelier		
15	Prior Joseph A.		
17	King Henry	Penycefn		
19	Nutt Frederick		
21	Jones James	ironmonger		
23	Cock Mrs. B.		
25	Whitton Arthur		
27	Bailey Oram	Rylston		
29	Marais Henry		
31	Twist Arth. R.	Lyncombe		
33	Walker George		
35	Kerr Mrs.E.L.	Langlandh		
37	chants and condiment manufacturers	[Void]	[37]
	[return]	39 Robertson W. E.		
41	Lamb R. C.	Oakdene		
43	Edwards David	Rhydri		
45	Charles H. J.	Hartpury		
	[Castle 45]	47 Foster C. F.	
BOODLE'S TEETH—perfectly natural in appearance	487		
Slade Street, C 3	Cromwell-road to Oakley-st.	[RIGHT HAND SIDE.]		
1	Warren Edwin	ironworkr	3 Pitt Samuel	bricklayer
5	Smith Harry	ironworker		
7	Webb Wm.	do.		
9	Ralph James	do.	(return)	
10	Wesson Thos.	do.		
8	Rooks Charles		
6	Mound Daniel	do.		
4	Broom E. T.	labourer		
2	Dix Henry	ironworker		
Som
Somerset-road—continued
49	Handy	F. H.		
51	Messum	H. W., Thorndale	24	
53	Walters	Walter, Cedar h	22	
55	Mizon	H. J., Bryu-y-mor	20	
57	Seccombe	Bj. H., Alverton	18	
59	Wright	A.., Brisbane ho	16	
61	Love	Edwd., Victoria ho	14	
	here is Ronald-road.		
63	Williams	Edgar, M.A., B.D.	10	
	Ilchester		
	Williams	H. M., solicitor	
65	Needham	Misses, Clev'dn h	
67	Jones	James, River view		
69	Williams	D., Brynhardd		
71	Evatt	Henry, Haulfryn		
73	Kirk	F. W., The Den		
75	Evans	Arthur, Braemar		
77	Jones	George, Highfields	2	
	is Leicester-road.		
79	Groome	R., Dinan		
81	Stoneman	W.H., Elvaston	4	
83	Grant	E. J., Belmont	6	
85	Evans	D. M., Rhosmaen	8	
87	Griffiths	Edg. W., Hillside	10	
89	Jones	Thos., Craig Arran	14	
	here is Christchurch-road.		
	(return)		
	5 houses void		
	here is Leicester-road.		
72	Bryant	Abraham	
70	Menhinick	J., St. Mabyn	26	
68	Francis	James, Belgravia		
66	Lloyd	Thos., Aberedw		
64	Nightingale	W.B., Holme	30	
	Lea		
62	Gwatkin	Mrs R.B., Eastnor	34	
60	Horrocks	J. T., Longbeach	36	
58	Popham	J. N.	38	
	here is Ronald-road.		
56	Lewis	W.engirr, Llanfoist	42	
54	Walters	Mrs. A.E., Hillsfi'd	44	
52	Davies	Mrs. H. M., Hill-		
	thorpe		
50a	Dunckley	C. H., Tettenhall	48	
50	Poole	Henry		50	
48	Heyes	Edwin		52	
46	Turner	F. W.		54	
44	Price	J. H.		
42	Barnett	Wilfred J.		
40	Porter	Chas. A.		
38	Lewis	Mrs. Sarah		
36	Griffiths	John		
34	Williams	Herbert		
32	Gillard	C. T.		
30	Haynes	W. J.		
	488		
11	Groves	Hugh, water wrks	inspit., Llanvaches	
13	Warren	A. A., Clare villa		
15	Downing	Chas., Monteville		
17	Pinkard	F.., Somerton t		
19	Hollingdale	W. H. Java v		
21	Peaseay	W., Somerton v		
23	Francis	T. W., Somerton		
	here is Libeneth-road,		
	Somerton-lane.		
	Horton	Thomas, haulier		
	Burchell	Chas., The Villa		
	Burchell	Thomas		
	Cliss	Richard, G.W.R.		
	Bate	Mrs. E., Greystone ho		
	Bate	E. R., compositor		
	Long	Mrs. Sarah		
	Long	Reginald, G.W.R.		
	Tyrrell	William, labourer		
	SOMERTON LANE—		
1	Morris	James, police		
2	Lloyd	Chas. ironworker		
	Coldrick	Geo., Somerton c		
4	Cherrington	J. ironworker		
	Horton	Mrs. Mary		
6	Yoxall	Wm. ironworker		
	Evans	Luke, carpenter		
	Leadbetter	C. ironworker		
8	Cotton	Arthur, ironworker		
	here is Cromwell-road.		
	Daley	Edward, labourer		
	Thomas	W. A., Ivydene		
	Anstee	E., Black Horse		
	here is Lloyd-street.		
	Cook	Chas. R. T. grocer		
	Harris	Edward, lime burner	sculptor	
	Blake	E. H.		
	BAPTIST CHAPEL		
	here is Downing-street.		
	Parsons	E. hawker		
	Beard	Bernard, shopkeeper		
	Davies	Henry, labourer		
	Coldrick	Wm. jun.quarryman		
	Love	Mrs. Jane, King of	Prussia	
	Hughes	Ernest, ironworker		
	White	Stephen, ironworker		
	Horton	Mrs. A. S. baker, &c.	
	Bird	Jos. H. ironworker		
	Perry	Mrs. A.		
	Amphlett	Mrs. S. J.		
	Coldrick	Wm. seur.		
	Smith	James, ironworker		
	G. Paul	David, shoemaker		
Somerton Road, E 2		
	[RIGHT HAND SIDE.]		
2	Farley	F. E. grocer		
4	Walters	B. W., Llanillyd		
6	Brant	Levi, Glenview		
8	Millwood	Albt., Brantwood	2	
10	Jones	Miss E., Ivydene		
12	Gordon	J. jr., Gwynfryn	4	
	here is Mansel-street.		
14	Bond	C. J., St. Helier		
16	Wildman	T., Claremont		
18	Chalklin	Jos.E., Louisville		
20	Robinson	J. R., Georgia		
22	Gordon	J. sen., Glenrose		
24	Busby	Wm. G., Lingfield		
26	Thomas	Ernest, Stanfield	28	
	here is Llewellyn-street.		
	Darlington—void		
30	Collett	Wm., Cranborne	32	
32	Burt	Hy. E., Palmyra		
34	Poole	Benj. Chas.		36	
36	Lock	Wm. E., Stelvio		38	
38	Bailey	Thomas, Allasin	40	
40	Murray	Alexander		42	
42	Ackland	John, mason		44	
44	Void		
	here is Wyeverne-roud.		
46	Grant	J. P.		
48	Webber	Thomas, clerk		
50	Pearson	George		
52	Grout	J.		
54	Enstone	Miss E. M.		
	Railway-bridge.		
	[LEFT HAND SIDE.]		
	Fry	Wm., Somerton c		
1	Priuean	P. F.		
3	Edwards	Evan, roller,	Melbourne	
	here is Somerlon Suburb Estate.		
9	Vaughan	Miss Beavan G.		
		Sott				
	Berry	Mrs.,	Post office			
	Sutton	Benj.	ironworker			
	Miller	Chas.	quarryman			
		Claremont Terrace			
	1	Davies	Owen,	ironworker		
	2	Jones	Herbert	do.		
	8	Page	Edward	do.		
	4	Clarke	Albert,	roller		
		Shyer	Jesse,	engine driver			
		Four houses building			
		Rowley	Mrs. M. provision dlr			
		Nicholls	William			
		Bircher	James,	warehousemn			
		Hale	Mrs. Elizth.,	Newerne			
		Pritchard	Harkless,	labourer			
		Nicholls	Fredk. John			
		Smith	John T.	ironworker			
		Watts	Mrs. Flora			
		England	Walter			
		St. Andrew's Church			
		Old Chapel			
SOUTH MARKET ST., E 4
	Dock-st. to West Market-st.			
	1	Turberville	R.	shop		
	2	Armstrong	Mrs. Jane			
	3	Barber	Joseph,	maltster		
	4	Young	A. G.	labourer		
	5	Lampre	Fred. W.	labr		
	6	Mogford	Mrs. Fanny			
		here is Winnill-street.			
	7	Trickey	Robert,	moulder		
	8	Lawrence	R.	goods guard		
	9	Llewellyn	W. G.	cranedvr		
	10	Beattie	Wm.	seaman			
	11	Hawkins	Jos. eng.	driver		
	12	Perryman	Lewis,	checker		
		Llewellyn	Albert,	trimmer		
		(return)			
	15	Void				
	16	Dowd	Daniel,	labourer		
	17	Dowd	Cornelius,	labourer		
	18	Deveraux	Henry			
	19	Plaisted	Wm.	labourer		
	20	Hollaran	Daniel,	trimmer		
	21	Wood	Edwin C.	labourer		
	22	Lockyear	Edwd.	cabman		
	23	White	James,	rivetter		
	24	Hancock	Wm.	labourer		
	25	Webb	Geo.	musician		
	26	Lewis	Wm.	labourer		
	27	Burke	Michael,	seaman		
	28	Morgan	Daniel,	labourer		
	29	Watkins	Wm.	labourer		
	30	Hurford	Mrs. M. J.			
		here is East Market-street.			
	31	Criddle	Mrs. Jane			
	32	Maddocks	Wm.	eng. drvr		
	33	Penn	John			
	33	Barber	Mrs.	Annie		
	35	Ceceil	Mrs.	Johanna		
	36	Bayliss	Joseph,	driller		
	37	Williams	Albert			
	38	Waters	Wm.	rigger		
	39	Welsh	Henry,	labourer		
	40	Wall	W. G.	labourer		
	41	Harris	Wm.	striker		
	42	Hughes	Wm.	packer		
	43	Lewis	Fred.	labourer		
	44	Sparks	John,	bricklayer		
	45	Reeves	John,	bricklayer		
	46	Rogers	Edwd.	engineman		
	47	Coxon	Geo.	shipwright		
	48	Senior	Mrs.	E.		
	49	Tolcher	Geo.	labourer		
	50	James	Wm.	labourer		
	51	Jones	Mrs. Sarah Ann			
	52	Jenkins	W. H.	dairyman		
SPEKE STREET, D 3
		Opposite Maindee Schools.			
	1	Void				
	2	Stores				
	3	Smith	Stephen	J. ironwkr		
		here is Livingstone-place.			
	4	Rowe	James,	plasterer		
	5	Jackson	Wm. A.	mason		
	6	Macey	Charles,	G.W.R.		
	7	Williams	Edwin	Geo.		
SPENCER ROAD, C 5
		Caerau-rd. to Llanthewy-rd.			
		[RIGHT HAND SIDE.]			
	4	Lewis	Mrs.,	The Pandy		
	3	Bailey	Mrs. Mary,	Belmont		
	2	Dean	Samuel,	Stainmore		
	1	Williams	Richard			
SPRING GARDENS, E 5
		Courtybella,	Cardiff-road.		
		SPRING GARDEN SCHOOLS			
SPRING STREET, B 4
		From Redland-street.			
		[LEFT HAND SIDE.]			
	1	Gomer	John,	carpenter		
	3	Williams	Ernest,	dairymn		
	5	Cane	Sidney	H. traveller		
	7	Hobson	John	Wm.		
	9	Mitchell	G. D.	glassblwr		
		(return)			
	10	Cooper	A. J.	G.W.R.		
	8	Mack	Robert,	G.W.R.	Sta.	
	6	Halliday	Wm.	foreman		
	4	Wilson	Wm.	Rd.	stamper	
	2	Hopkins	Edgar,	plumber		
STAFFORD ROAD, C 3
		From 257 Caerleon-road to	Railway.		
		[LEFT HAND SIDE.]			
	1	Dawkins	G.	W. clerk		
	3	Wilson	Arthur,	fitter		
	5	Powell	William,	G.W.R.		
	7	Parkyn	Arthur,	joiner		
	9	Amor	William,	sawyer		
	11	Durham	William,	haulier		
	13	Whittington	Mrs.	Eliza	
		here is Durham-road.			
	15	Baker	Edwd.	insur. agent		
	17	Porter	Stanley,	mason		
	19	Davies	Wm.	boots		
	21	Hobbs	John	H. eng. drivr		
	23	Griffiths	Thos.	weighman		
	25	Thomas	Jesse,	fitter		
	27	Davies	George,	plumber		
	29	Bond	B. W.			
	31	Collings	G. pict.	fr'me mkr	
	33	Evans	Frank,	postman		
	35	Simmons	Albert,	G.W.R.		
	37	Morgan	Geo.	A. mechanic		
	39	Butcher	A.	E. carpenter		
	41	Gunn	Samuel	John		
	43	Davies	Charles	Henry		
	45	Cain	Albert,	postman		
	47	Dance	James	W. G.W.R.		
	49	Slade	Samuel,	fitter		
	51	Watson	Richard			
	53	Gilkerson	Arthur,	G.W.R.		
	55	Lewis	Humphrey,	mangr		
	57	Vaughan	Arthur	Edward		
	59	Haines	H.	police		
		Sanders	P. H.	builder	and contractor	
		(return)			
	20	Mowbray	Edward,	clerk		
	18	Macey	Alfred,	G.W.R.		
		here is Stockton-road.			
	16	Inker	Thomas,	oilman		
		here is Sutton-road.			
		here is Durham-road.			
	14	Slater	Mrs.	T.		
	12	Tritton	C. W.			
	10	Day	Arthur,	plumber		
	8	Boon	Mrs.	H.		
	6	Gray	A.	Wm. clerk		
	4	Howell	James	Alfred		
	2	Tyler	James	Henry	489	
Sta
NEWPORT STREET DIRECTORY.
Sto
STANLEY ROAD, C 5
Gold Toys to Devon-place.
Morgan A. W., Lansdowne
Jenkin Rev. J. H., Stanhope v
Miles Miss, Waltham villa
Griffiths Mrs. M. A., Rothe-
say villa
Greenland G., Farnborough
STAR BUILDINGS
See 144 Commercial-street.
STATION STREET, C 5
From 67 Bridge-street.
[LEFT HAND SIDE]
1 Gabb Thos. engine driver
2 Thomas Mrs. C.
3 Marl Jos. Wm.
4 Webb J. E. decorator
here is Railway-street.
Primitive Meth. CHAPEL
5 Trudgeon Miss, school for
girls, Lamorna house
6 Harris Isaac, labourer
7 Griffiths Mrs. J. D.
8 George Harry, fireman
9 O'Neill James
10 Williams James, haulier
(return)
12 Bowen Daniel, tailor
13 Silverman Solomon
14 Sutherland Mrs. S.
15 Workman E. J. gardener
16 Hill Frank, traveller
17 Stores
Phillips & Sons, Ltd., brewers
and wine merchants
Shop void
Krotsky L. butcher
Pullin & Co. fruiterers
STEAM PACKET
CHAMBERS, C 3
Top of Dock-street.
STOCKTON ROAD, C 3
Off Stafford-road.
[RIGHT HAND SIDE]
2 Berry Thomas, mason
4 Rendell John, car driver
6 Hodges —
8 Harvey John, baker
10 Webb W. H. A.
12 Salter Thos. boilermaker
14 Dyer Thos. ironfounder
16 Covell Charles Edward
490
18 Edwards Geo. builder
20 Bindson J. A. bootmaker
22 Edwards Chas. R. painter
24 Selby Johnson, engineer
26 Granville Thos. fitter
28 Broadribb W. H. salesmn
30 Blewett William
32 Lewis Thomas
34 Bartlett Fred C. clerk
36 Bale John, manager
38 Porter H. G.
40 Hathaway G. A. ins. agent
42 Gregory Edwin, clerk
44 Power Henry A. painter
46 Lewis John, salesman
48 Townsend P. T. storekpr
50 Jones Brynmor I. postmn
52 Powell Rd. foremn gangr
54 Whitehead H. guard
56 Willmott John, manager
58 Munday Francis J. G.W.R.
60 Davies J. O.
here is Oak-street.
62 Parkinson J. C. shop
64 Weaver F. J. carpenter
66 Birch Jas. Hy. assistant
68 Poole Arthur E.
70 Kirk John H. G.W.R.
72 Probert William, G.W.R.
74 Dew William, salesman
76 Lock Henry, engineman
78 Milton Harry, traveller
80 Farr William Hy. police
82 Roberts William, guard
84 Clark Aubrey Jas. police
86 Dallimore Ernest, clerk
88 Thomas J. H. traveller
90 Williams C. H. chem.asst.
92 Brown John E. G.W.R.
94 Fair James W. asst. supt.
96 Blunt Corn. A. carpenter
98 Flanders J. H.
100 Wynne William Henry
102 Thomas Chris.
104 Churches Harry, comp.
106 Hart Augustus
108 Attwood Alfred J.
110 Davies Thomas, salesmn
(return)
5 houses building
91 Smith Percy, clerk
89 Hurn Thos. Chas. police
87 Bartlett T. G.
85 North Herbert, binder
83 Bryant Harold S. p.o.
81 Bulley Arthur
79 Rackham H. A.
77 Stent William
75 Easdown Wm. Fredk.
73 Price Arthur Wyndham
71 Bannerman Hugh, police
69 Redman Albt. Hy. police
67 Hampton Mrs. J.
65 Wilcox Jas. caretaker
63 Wood Mark, mechanic
61 Pritchard John, smith
59 Eagle Walter Charles
57 Chapman S. insur. agt.
55 Phillips Edwd. carpenter
53 Payne Thomas
51 Treharne W. T. painter
here is Oak-street.
49 Blatchley Fred.
47 Weeks Fredk. inspector
45 Ford William H. G.W.R.
43 Harris William, clerk
41 Crockford Arthur, G.W.R.
39 Bass Charles, G.W.R.
37 Summers John, G.W.R.
35 Jones William, mason
33 Francis James, clerk
31 Berrow William Z.
29 Phillips Godfrey, decoratr
27 Edwards J. T. bricklayer
25 Campfield George
23 Gairn Andrew, printer
21 Smith Mrs. L.
19 Beard Chas. L. shipwright
here is Filey-road.
17 Blatchley Alfred E.
15 Rees William, fitter
13 Dent Tom, labourer
11 Gorvin George Henry
9 St. John Arthur, steward
7 Mullett Arthur Harry
5 Plumley Ernest, vanman
3 Martin Herbt. carpenter
1 Powell Geo. ins. agent
STOW CHAMBERS
See 11 Skinner-street.
STOW HILL, D 5
From High-st. & Commercial-
street to the "Hand Post."
[RIGHT HAND SIDE]
2 London City & Midland
Bank
CENTRAL CHAMBERS—
4 Hunter W. & Co. incorpor-
ated accountants, land
and estate agents
R. H. Johns Ltd., "Directory" Office, Newport.
NEWPORT STREET DIRECTORY.
Sto
CORPORATION BATHS AND
132
Void
GYMNASIUM
134
Void
ARLINGTON TERRACE
136
Rollinson C. J.
cab propr
44
Girls' Friendly Society
138
Kicke Miss E. A.
Miss L. G. Graham,supt.
140
Children's Home (New-
46
Bradbeer Thomas C.
port Guardians)
48
Watts Daniel
NEWPORT ROLLER RINK
50
Paine Charles
(rooms
(South Wales Rinks Ltd.)
52
Boughton H. & R. dental
Ponsford W.,Brynhyfryd
ironmongers
Brynhyfryd High School
54
Davis Mrs. S. S.
for Girls
Anstice Miss L. L.
56
Fennell Percy E.
144
Barroll Amos,
cab propr
58
McGinn John, surgeon
146
Dowdall Mrs. Harriett
here is Havelock-street.
148
Atkins J. W.,
Holme Lea
DORSET PLACE
150
Rickards Hector B.
60
Basset W. physician and
152
Rogers William
surgeon
154
Davies Mrs. E.,
Lyndale
62
Jones John H.
156
Moore Major H. A.
64
Thomas Idris
158
Sweet-Escott C. L.
66
Mills W. J. decorator
here is Brynhyfryd-road.
68
Hunter Charles
Arthur W. D.,
Glennore
70
Hawkins Chas., Dorset
Little Mrs. E.,
Beechcroft
72
Commercial Hotel
194
Gratte Miss F.,
Chelten-
St. Woolos Schools
ham house
Davis Harry,
marble
196
Davies A.,
Longfield
works
198
Beak & Poole (The Misses)
78
Horton Geo., tailor
here is Caerau-road.
80
Morrin Michael, gardener
200
Barter Jas.,
Filton ho
82
Rowsell
flourist
202
Higgins Miss,
Frondeg
here is Stow-passage.
204
Pitt Horace (INT. B.A.
84
Brewer Hy. MELVILL, J.P.
Lond.), Oakfield Boys'
86
Brewer Messrs. surgery
School
88
Sykes Joseph, Corton ho
206
Maybury J.,
Pen Caerau
90
Page C. A., Homeside
208
Carter Wm.,
The Willows
92
Harris Mrs. J. W., High vw
here is Caerau-crescent.
Queen Victoria Memorial
210
Lewis Rev. D. A.,
Andely
Almshouses
lodge
108
Board of Guardians
212
Powell Benj.,
Bryngwyn
Children's Home
Swalwell J. J.
architect
here is Clifton-road.
214
Jeffree Alfred W.
St. Woolos CHURCH
216
Rogers Mrs. Anna M.
110
Bartlett Archibald
Kelly Mrs. N.,
The
112
Lloyd Mrs. Elizabeth
Shubbery
114
Reid Arthur, plumber
218
Harries W. D.,
hair-
here is Clifton-road.
dresser and tobacconist
Williams H.& Co.,
btchrs
116
Bateman & Co. confrs.
Simmonds C. P.
grocer
116a
Bateman & Co. bootmkrs
220
A wise & Beavan,
West
118
Phillips Miss, Stowgate v
Park Library
here is York-place.
220
Williams C. grocer
222
Jones W. T.
greengrocer
CAMBRIA PLACE--to No. 140
224
Ambrey Miss S.
draper
120
Jesseman A. W.
and milliner
122
Morgan W. E.
226
Ambrey Miss E.
M.,
124
Ovens C. J. signalman
stationer, newsagt., to-
126
Redmond Jno.
bacconist & confectionr
491
Printers of High-Class Trade Circulars.
Thomas L. insur. broker
CORPORATION BATHS AND
Miles Chas. surveyor, &c.
GYMNASIUM
Stuart's Granolithic Pav-
ARLINGTON TERRACE
ing Co., Ltd.
44
Girls' Friendly Society
Bachelor A. G. S. solicitor
Miss L. G. Graham,supt.
Williams & Thomas, Ltd.,
46
Bradbeer Thomas C.
timber merchants
48
Watts Daniel
Atlantic Works Co., Ltd.
50
Paine Charles
[rooms
Smith & Sons, wholesale
52
Boughton H. & R. dental
ironmongers
54
Davis Mrs. S. S.
National Standard Life
Anstice Miss L. L.
Assurance Corporation--
56
Fennell Percy E.
S. G. Walters, supt.
58
McGinn John, surgeon
Scott & Block, auctioneers,
here is Havelock-street.
architects, &c.
DORSET PLACE
6
Gas Co.'s showrooms
60
Basset W. physician and
8
May F. S. W. tailor, &c.
surgeon
10
Smith H. A. wine, spirit,
62
Jones John H.
ale and porter merchant
64
Thomas Idris
12
Conservative & Unionist
66
Mills W. J. decorator
Association offices
68
Hunter Charles
Tredegar Constitutional
70
Hawkins Chas., Dorset
Club--E. G. Burnell--72]
Commercial Hotel
St. Woolos Schools
Jones, sec.
Davis Harry, marble
Pullin Charles, fruiterer
works
14
Harry & Wood, confctnrs
78
Horton Geo., tailor
16
TREDEGAR HALL
80
Morrin Michael, gardener
18
Grove T. A. tailor
82
Rowsell --, florist
20
The Mon. & Newport Con-
here is Stow-passage.
stitutional Club--W. H.
84
Brewer Hy. MELVILL, J.P.
Dean, sec.
86
Brewer Messrs. surgery
22
Laybourne Percy, solictr
88
Sykes Joseph, Corton ho
24
Edwards T. S. solicitor
90
Page C. A., Homeside
Adey J. D. solicitor
92
Harris Mrs. J. W., High vw
Edwards Harold T. solr.
Queen Victoria Memorial
26
Llewellyn J. C. & Allen,
Almshouses
solicitors
108
Board of Guardians
Llewellyn J. C., M.A. solictr
Children's Home
28
Webb H. commercl hotel
here is Clifton-road.
30
Williams T. G. surgeon
St. Woolos CHURCH
dentist, L.D.S. Eng.
110
Bartlett Archibald
Craig James, L.D.S. Eng.
112
Lloyd Mrs. Elizabeth
N.S.P.C.C. Newport and
114
Reid Arthur, plumber
Mon. Branch
here is Clifton-road.
32
Williams Tom Gill, L.D.S.
Eng.
116
Bateman & Co. confrs.
here is Waters-lane.
116a
Bateman & Co. bootmkrs
34
Jones Tom, furniture dlr
118
Phillips Miss, Stowgate v
36
Newport Employment
Bureau
here is York-place.
National Money Society
CAMBRIA PLACE--to No. 140
38
Wesley P.S.A. Institute
120
Jesseman A. W.
Snow Hill BAPT. CHAPEL
122
Morgan W. E.
40
Crinks V. A. physician
124
Ovens C. J. signalman
and surgeon
126
Redmond Jno.
WESLEY CHAPEL
NEWPORT STREET DIRECTORY
Sto
Stow-hill—continued
WEST PARK POST OFFICE
T.S.O., M.O., S.B., and
A. & I. OFFICE
-(return)
here is Stow Park-circus and
Stow Park-crescent.
147 Jesseman Willie, Bron-
havren
here is Stow Park-avenue.
145 Gardner Fred, The Knoll
STOW PARK TERRACE—
143 Stevens Arthur L.,
Northeraig [don
141 Howell Osmond, Brig-y-
139 Phillips Rev. A. Beynon,
St. Endellion
137 Houlding H. M.
135 Gosling Robert
STOW PARK POST OFFICE
—T.S.O., T. & M.O. S.B.,
and A. & I. OFFICE—
Mrs. A. White, sub-59
post-mistress
133 Chivers G. S. grocer and
baker
UNION WORKHOUSE-E.
Davies, master-(See
Local Information)
125 Cooke Mrs. M.
123 BurridgeSeaton, Belm'nt
here is Friars-road.
here is Dewsland Park-road.
121 Lawton Jos., Dewsland
Dairy
119 Bateman & Co. bootmkrs
117 Evans E. fruiterer
115 Phillips & Sons, decoratrs
113 Bere W. & J. grocers
111 Partridge J. J., Stow
hill Steam Joinery Wks
109 Glazebrook Miss E., Six
Bells
here is Severn-terrace.
107 Void
entrance to Severn-view.
105 Griffiths Rev. David Hy.,
M.A., St. Woolos Vicarage
here is Vicarage-lane.
103 Capper W. J., St. Woolos
house
101 Sexton Mrs. Mary
99 Prosser Mrs.
97 Coombes George
95 Pemberton W. musician
93 Tivoli—void
492
91 Mayne Fred.
89 Sisters of St. Joseph
boarding and day
school
83
81 Edington R. solicitor
Edington R. jnr.
here is Victoria-place.
79 Canon John
77 Moore Mrs. Mary
75 Morris W. Chas. tailor
73 McLachland Archibald
71 Collins Wm. school atten-
dance officer
69 Relieving Officer's Pay
Station
67 House of REFUGE-W.
H. Davies, superintendent
65 Porter F. coachbuilder
63 New Albert Hall—Old
Boys' (B.B.) Institute
61 Snowdon Miss E.
Void
57 Matthews Ed. Hugh
55 Jones Edwin
51 Morgan John, crane drvr
49 Cox Elijah, pilot
Stow Hill Bible & Tract
Depôt
here is Charles-street.
47 Bevan M., Red Lion Hotel
45 Blackburn Ernest
43 Ranzatto Mrs.S., Oakdene
41 Little Robt., Beethoven
39 Flanders H., Ovingdean
37 Smith Edward J.
35 Monmouthshire Territo-
rial Force Association's 20
office—MajorMoore,sec.; 21
H. C. P. Mundy, clerk 22
33 James W. M. physician 23
and surgeon
31 Coburg Hotel—Mrs. A. 25
29 J. M. Riley, progress 25A
-building
HIGHER GRADE SCHOOLS
19 Edmonds Mrs. J. A.
17 Sewell C. sanitary engin'r 28
15
13 THE DRILL HALL
St. Mary's Presbytery—
Hickey Rev. D., B.A.
Butcher Rev. Edmund
Lyons Rev. J.
Nolan Rev. T.
Hoare Rev. Edward
Hill Rev. Samuel
S. MARIE'S CATHOLIC CH.
Catholicrepository—Mrs.
Alice Wood
Overstone Lloyd, solicitor
Green A. J. coal merch
1 Ballard W.L.photographr
Stow Park Av., D 6
From Waterloo-rd. to Stow-hill
[LEFT HAND SIDE.]
1 Lyne H. S., Cambridge h
2 Clements J., Ellesmere h
3 Pain Wynd. C., Glenthorne
4 Phillips Charles
5 Dunnll Mrs., Brynglas
Evans Miss
6 Hazelwood house—void
7 Mann R. T., Stow Park h
8 Wallis C. T., J.P., Chester-
holme
9 Liscombe A. J., Brendon
10 Bear A. R., J.P., Holme lea
11 Le Brasseur Hy., Woolner
(return)
STOW PARK GARDENS—
13 Adams C. H., Revelstoke
14 Burgess Sydney
15 Fothergill G. H.
16 Grunnah Nicholas
17 Fontaine A. J.
18 Pugsley Richard B.
Baker Mrs. H. D.
Anderson Rev. A. W.
Bartlett Godfrey T.
Llewellyn G. H.
24 Griffiths James H.
25 BrownRev. J. R., Eversley
Wood J. Martin, Cartref-
Melus
Homfray Mrs., Penllyn
Hearsey Mrs. do.
26 Toray house
27 Propert M. D., St. David's
28 Thompson Mrs., Bright-
holme
29 Handford T. L., Norwood
30 Powell Mrs. W. H.
31 Heard Mrs. G. O.
32 Winn James H.
Head Quarters 1st Mon.
Regiment
11 Void
R. H. Johns Ltd., Wholesale Stationers, 46 Commercial St., Newport.
33	Ingram S. D.	Ivington	-	-	-
34	Mollett Arthur R.	Newcot	-	-	-
35	Linton E.	Maples	-	-	-
36	Gratte Alfred	Preswyffa	-	-	-
37	Jones Mrs. Thos.	Seaview	-	-	-
38	Carney J. H.	Glengariffe	-	-	-
STOW PARK CIRCUS, D 6
1	Liscombe F. R.	The Hawthorns	-	-	-
3	Linton Mrs. J.	The Wood-view	-	-	-
5	Williams Mrs. M.	Lynwood	-	-	-
7	Vaughan Fred.	Rosetta	-	-	-
9	Orders W. J.	Brynholme	-	-	-
11	Mordey Mark, J.P.	Jes-les-mond	-	-	-
13	Craighafen	-	-	-	void
15	Moore W.	Lyndon, Croome	-	-	-
17	Jones W. J.	Ynys-môn	-	-	-
19	Couper J. Duncan	C.	-	-	Grouville
21	Howell T. H., J.P., Cader	-	-	Idris
23	Williams Col. W. H., V.D.	Kenilworth	-	-	Wynnstay
25	Payne Mrs. E.	Kenilworth	-	-	-
27	Banks R. C.	-	-	-
28	Cordey T., J.P.	The Grange	-	-	-
-	Chambers W. H.	St. Helens	-	-	Hughes R. E., St. Olaves
INNER CIRCLE
2	Stevens A. J., J.P.	Lawaside	-	-	-
4	Liscombe J.	Bron-y-gaer	-	-	-
6	Marsh C. W.	Earle, J.P.	-	-	-
ROCK DALE
9	Raikes F. W.	Fedlands	-	-	-
10	Dawson Thos.	Rothobury	-	-	-
11	Vachell T. J., S.	Gwynlliw	-	-	-
14	Rothesay	-	-	-	void
STOW PARK CRESCENT, D 6
-	-	-	-	-	[LEFT HAND SIDE]
1	Hunt J. W.	Fairlight	-	-	-
2	Stewart J. J.	Bron-gain	-	-	house
3	Heard W. E., J.P.	Winchester house	-	-	-
4	Budd F.	Clarendon	-	-	h
5	Gething Mrs. R.	Briar hill	-	-	-
6	Stentiford C. D.	Braeside	-	-	-
7	Griggs H. D.	Viletta	-	-	-
8	Martyn G. R., J.P.	Skelmorlie	-	-	-
10	Dibble Mrs. J. O.	Minerva	-	-	(return)
11	Jones Mrs. E. P.	Woodside	-	-	-
12	Davies J. E.	Dummarklyn	-	-	-
15	Phillips G.	Ferncliffe	-	-	-
16	Williams A. P.	Draycot	-	-	-
17	Hunter Walt.	Severn vil	-	-	-
18	Davies Miss S. E.	Holmes-view	-	-	-
STOW PARK GARDENS, NOS. 18-23 STOW PARK AVENUE
-	-	-	-	-	-
STOW PASSAGE, D 5
-	-	-	-	-	From 85 Stow-hill.
1	Smith Miss E.	-	-	-
2	Hemmings Fred.	labourer	-	-	-
3	Taylor Wynd.	labourer	-	-	-
4	Burgoyne Paul	-	-	-
5	Collier Chas.	labourer	-	-	-
6	Tovey Thomas	-	-	-
7	Pearn William	-	-	-
8	Pritchard	-	-	-	-
SUEDSHILL STREET, E 3
-	-	-	-	-	Off Corporation-road.
SUMMERHILL AVENUE, E 3
-	-	-	-	-	[RIGHT HAND SIDE]
12	Morgan W. H.	Brynview	-	-	-
13	Tarrant Fred.	Brynhaven	-	-	-
14	Glendenning Robt.	-	-	-
15	Kimpton F. J.	The Firs	-	-	-
16	Cockcroft Harry	-	-	-
17	Green Hy.	Northernhaye	-	-	-
18	Williams W. P.	The View	-	-	-
19	Lewis Mrs. Emma	-	-	-
20	Jones Mrs. S.	house	-	-	-
21	Webber Mrs. S.	Ilfracombe	-	-	-
22	Aberystwith villa	-	-	-	void
23	Ward Mrs. E.	Cardigan	-	-	-
-	-	-	-	-	Houses building
-	Venn Alfred Wm.	-	-	-
-	Dartnell George C.	-	-	-
-	Hill Henry	-	-	-
-	Turnbull William	-	-	-
-	-	-	-	-	Two houses building
-	-	-	-	-	Here is Albert-avenue.
30	Taylor S. Baker	-	-	(return)
31	Wells Arthur	clerk	-	-
32	Simpson Ed.	plasterer	-	-
33	Morris Jas. T.	builder	-	-
34	Void	-	-	-	-
35	Cheeseman Mrs. William	-	-	-
36	Williams Mrs. E.	-	-	-
37	Hando Alfred	-	-	-
38	Gough W. H.	-	-	-
40	Thorne G. F.	Rutland and surgeon, Arran villa	-	-
41	McGinn P. J.	physician and surgeon, Edward William, J.P.	-	-
42	Watkins Wm.	Peringa	-	-
43	Edwards William	Sunny Mount	-	-	-
SUMMER HILL VILLAS
44	Cook Rev. G. H.	Baptist	-	-
45	Twist R.	Clwyd villa	-	-
46	Watkins Mrs.	The Retreat	-	-
47	Reece Charles	-	-	-
48	Lewis E. Clyde	Glenview	-	-	-
49	Williams J.	Brynderwyu	-	-	-
SUTTON ROAD, B 3
-	-	-	-	-	West of Durham-road.
-	-	-	-	-	[LEFT HAND SIDE]
1	Cooper Allen Tom	-	-	-
3	Skinner George	-	-	-
5	Smith A. M.	-	-	-
7	Whitson Wm.	carpenter	-	-
9	Price G. I.	coach painter	-	-
11	Jones J. J.	printer	-	-
13	Green Fredk. E.	painter	-	-
15	Neill Wm.	G.W.R.	-	-
17	Jennings Fred.	waiter	-	-
19	Rhymes Albert	G.W.R.	-	-
21	Webb Geo. Hy.	guard	-	-
23	Jones Thos.	brick works	-	-
25	Davies Percy	-	-	-
27	Orum Albert	G.W.B.	-	-
29	Hill W. B.	G.W.R.	-	-
31	Townshend C. E.	plumber	-	-
33	Jewell Thomas C.	H.M.C.	-	-
35	Williams F. H. T.	postman	-	-
37	French W. J.	postman	-	-
39	Colman T. H.	guard	-	-
41	Moseley Albert	police	-	-
43	Galloway Wm. J.	plumber	-	-
45	Evans Robert O.	fitter	-	-
47	Lane Chas.	G.W.R.	-	-
49	Hill David Thos.	shunter	-	-
51	Dixon Harry W.	assistant	-	-
53	Renouf Chas.	watchman	-	-
55	Brown Cyrus A.	carpentr	-	-
57	Parsons A. F.	butcher	-	-
-	-	-	-	-	Here is Oak-street.
59	Dunning Wm.	shipwright	-	-
61	Phillips Fredk. E.	H.M.C.	-	-
Sut
SUTTON-ROAD—continued
63	Dawson	Geo. V.	hairdrssr		
65	Hale	Percy	carpenter		
68	Edwards	Geo.	plumber		
69	Anderson	Chas.	steward		
71	Sansom	Tom	baker		
73	Wall	Fredk. C.	mar. eng.	
75	Coggan	Harry	labourer		
77	Cale	Tom Wm.	police		
79	Howes	Alfred	police		
81	Saunders	Geo. H.	managr	
83	Hockridge	Bertram	Thos.	
85	Cromwell	John	printer	
87	Stephenson	Alfred			
89	Neighbours	Thos.	labr.	
91	Clarke	Robert			
93	Cook	Joseph	ins. agent	
95	Williams	T.	brickmaker	
97	Mathias	Edward			
99	Stinchcombe	Edgar	masn	
101	Rees	Fdk. E., Lavington (return)		
102	Hodges	Mrs. Mary		
100	Parker	Thos. Hy.		
98	Jasper	Wm.	traveller	
96	Nickisson	W. J.	ins. agt.	
94	Thomas	W. B.	ironworkr	
92	Nursey	Albt. E.	postman	
90	Miles	William			
88	Davies	Thomas	printer	
86	Ayliffe	Alfred J.		
84	Jenner	Henry	John	
82	Taylor	George	Hy. G.W.R.	
80	Owen	John	mason	
78	Hurn	Wm. Hy.	painter	
76	Evans	W. T.	drayman	
74	Crowther	James	printer	
72	Lightfoot	Alfred	John G.	
70	White	E. F.	carpenter	
68	Sully	Chas. H.	guard	
66	Davies	Thomas	smith	
64	Davies	John	bricklayer	
62	Price	George	carpenter	
here is Oak-street.		
60	Parven	William	clerk	
58	Edgington	Hy.	insur. agt	
56	Davies	D.Assist.	schoolmstr	
54	Chidzey	Jas. Thos.	guard	
52	Galloway	Chas. S.	fitter	
50	Newberry	J. engine	drivr	
48	Phillips	T. W.	drayman	
46	Taylor	Albert	factory hnd	
44	Stichbury	Reuben	A. fittr	
42	Mictohell	Chas.	mason	
40	Hancock	H. B.	boilermkr	
38	Hookway	Jno.	signalman	
36	French	Arthur	Edward	
34	Pask	J. P.	printer	
32	Pearce	Frederick	
30	Saunders	James	
28	Brooks	Charles	Samuel
26	Jeffries	William	
24	Hartland	Jas. Sid.	clerk
22	Wyatt	Hy. Jos.	railwymn
20	Rowe	John, engine	driver
18	Page	Herbt. Hy.	ironwkr
16	Price	Henry,	plasterer
14	Jenks	Thos. engine	driver
12	Williams	W. H.	manager
10	Whittle	John,	cooper
8	Bright	Henry		
6	Clarke	Ernest	J.	
4	Garnford			
2	Blake	Mrs. Sarah	
SYCAMORE CRESCENT
Somerton Garden Estate.
TALBOT LANE, D 5
From 5 Charles-street.
Fossett & Co.	gasfitters	
TEMPLE STREET, E 5
From 132 Commercial-road.
[LEFT HAND SIDE.]
1	White	James	fitter	
2	Baggs	James	labourer	
3	Bassett	Wm.	pilotsman	
4	Manship	Wm. Hy.	helper	
HOLY TRINITY CHURCH HALL
5	Earls	Wm.	pilotsman	
6	Roberts	Thos.	labourer	
7	Honeywell	Mrs. Mary	
Honeywell	Edwin	H.	prntr
8	Void		
NAVVIES' MISSION ROOM
10	Borcham	H. J.	decorator
BROWNCOMBE	A. W.	buil-
der and	contractor	
(return)		
11	Cambray	Harry,	painter
12	Elsworthy	Wm.	Robert
13	Kearns	Nicholas	
14	Godwin	John,	labourer
15	Ferris	E.	railway police
16	Lee	Anthony,	labourer
17	Waters	Mrs.	Louisa
18	Brown	Owen,	boilermakr
20	Hurley	John,	labourer
21	Braund	Joseph,	manager
22	Shea	Rd.	labourer
BRANCH READING ROOM.—
Thos. Lynch, caretaker
25	Hurley	Daniel,	trimmer
26	Spurrier	Thos.	H.	mariner
27	Lynch	John,	boilermaker
28	Void		
29	Evans	Mrs.		
30	Seamen's Home		
Mission to Seamen Society,	Church	and	Institute—Rev.	N.	S.
Milnes	Atkinson		
33	Dickens	Mrs.	caretaker
THOMAS STREET, C 4
From 64 High-street.
Post office (back entrance)
G.W.R. station	(back entrance)
Subway to Mill-street.
6	Lewis	David,	grocer
here is Oak-terrace.
7		
here is Powell's-court.
8	Cross	John,	mason	
9	Townsend	D.	hairdresser
Delancey	Albert,	sweep
10	McHale,	John,	Railway Inn
THOMPSON LANE, D 4
From 31 Emlyn-street.
1	Daley	Stephen,	labourer
2	Cousins	Frank,	moulder
3	Lee	William,	labourer
4	Ryan	John,	labourer
5	Bird	Richard,	painter
6	Demarco	Antonio	
TIPTON STREET, E 3
Coseley-street	to Soho-street.
TREDEGAR CHAMBERS
See 78	Bridge-street.
TREDEGAR PLACE.
Nos. 67-82 Bridge-street.
TREDEGAR STREET, E 4
From 26 Commercial-road to
Cattle Market.
1	Williams	M.	hairdresser
2	Miller	Morton	W.		
3	Miles	Edmund,	haulier
4	Westlake	Mrs.		
5	Howard	Wm. B.	decorator
Latch	Henry,	agent	
Tre
Lucey John, White Hart	White Hart	Cattle Market	Cattle Market		
CATTLE MARKET			Newcombe Bros. hay and corn merchants	Newcombe Bros.	
NEWPORT STREET DIRECTORY.			12 Hunt George L. salesman		
			13 Phillips A. J. traveller		
			14 Morgan Evan, fitter	(return)	
			15 Taylor Alf. electric jointer	47 Garrett T. P., Hazelhurst	
			16 Compton W. A.	46 Wood C. E., Pen-y-bryn	
Tregare Street, C 4			47 EvansHarry J.C.,Avalonh	
	East Usk-road.	Tunnel Terrace, C 5			
1 Chick Thomas, carpenter	West side of Railway Tunnel		Turner Street, C 3
2 Knight John, vanman	2 Ryder Wm. inspir. G.W.R.		From 61 Caerleon-road.
3 Shellard Charles, foreman	3 Townsend R. cabinet mkr	1 Marsh Henry, postman
4 S. W. Brattice Cloth & India Rubber Co.'s works	4 Martin Walter Owen,	2 Lale Albt. Hy. boots
5 Bond Mrs. K.	5 Branscombe Mrs. W.H.	James & Harris, monumental masons
6 Morgan A. S. & Co.'s, Ltd., stone yard	6 Brown Fredk. plasterer	Newport Fuel Company's works
	7 Haynes J. S. railway clerk	Davies Bros. timber mchts
Trinity Place, E 4	8 Watkins Reg. J. checker	(return)
Portland-st. to Trinity Church	9 Gibbs Joseph	3 Richard Arthur
1 McCarthy Den.warehsmn		4 Tucker T. B. clerk
1A Hurley Edwnd. J. labourer	Here is Ford-street.	5 Evans Thos. electrician
2 Wilkins Wm. Jos. guard	10 Haines David, gardener		
3 Morrison James	11 Stevens Wm. smith	Union Lane, D 4
4 Maher Chas. Ed. trimmer	12 Thomas William, sawyer	Dock-street to Union-street.
5 Gearon Michael, trimmer	13 Little Edward, chauffeur	Price John, marine stores
	14 Davies Edgar, compositor	Jones T. tinsmith
(return)	15 Hart Edmund, G.W.R.		
6 Mahoney J. marine dealer	16 Harris Miss L.	Union Street, D 4
7 Dermody William, mason		From 32 Llanarth-street.
8 O'Brien Daniel, labourer	17 Widcombe James, police	1 Crowley Wm. labourer
9 Westacott Jno. bricklayr	Here is Sidney-street.	2 Daley John, labourer
10 Donoghue James, hobbler	18 Slade Mrs. Maria	3 Thomas James, labourer
11 Desmond C. coal trimmer	19 Kerslake Mrs. M. L.	4 Stanton Wm. labourer
	Jordan Mrs. S.	5 Signot Herbert, haulier
Troston Road, G 2	20 Wixon George, G.W.R.	6 Kahaler Wm. labourer
	21 Phillips Hy.	7 Hobbs Wm. labourer
From Somerton-road.		8 Davies Evan John, labr
Jones William, haycutter	22 Morgan John Chas. fitter	9 Sweeney Michael, tailor
Harris Rees, labourer	23 Jones Mrs. Maria	10 Cox Daniel, haulier
Stevens John, haulier		11 Jones Fred. labourer
Jenkins Mrs. Ann	Jones Edgar C.	Avery & Sons, carriage
Murray Alexander	24 Taylor Cornelius, police	builders, Star works
house void	25 Joliffe Mrs. A.	(return)
Cox George, ironworker	26 Wood George, clerk	14 Sullivan Corn. labourer
Wheeler Fk., Little Troston	27 Jones Thomas	15 Welsh Thomas, labourer
Attewell W., Great Troston	28 Waters Henry		
	29 Hopkins Mrs. A.	Upton Place.
Trostrey Street, C 3	30 Powell Alfd. E. gardener	No. 182 to 196 Chepstow-rd.
From Turner-st. to Bath-st.	31 Tilley James		
1 Lewis Albert George	32 Hewertson J. W. mechanic	Upton Road, C 6
Newport Slate Quarry Co.	33 Stewart William	From 87 Risca-road to West
Collier's Machine Bakery	34 Comley Mrs. Ann	Park-road.
5 Furze George	35 Hopton William S.	[LEFT HAND SIDE.]
6 Casburn Wm. Fredk. agt.	36 Thomas Mrs. A.	1 Wilson W. H., Overdale
7 EdwardsSteph. R.haulier	37 Davies John G. coachman	3 Williams T. C.
8 Davies Ivor, fireman	38 Dowding Chas. greengrer	5 Davies Rees
9 Jacobs Albt. Henry	39 Dobson Joseph, gardener	7 Zeale John
10 Manning J. horsekeeper	40 Halse Samuel	9 Davies Richard
11 Hobbs Wm. A. plasterer	41 Ahearn Maurice	11 Davies Thos. J. engineer
	42 Wilkins Miss Kate	495
KINGS'MILL GARDENS—		
43 Adams George, grocer		
44 Jones Richard, Rockleigh		
Upt
Upton-road--continued,
13	Ellis	Joseph G.		
15	Giddings	Robt. gardener	
17	Hughes	Thomas		
	here is West Park-road.	
52	Rawlings	John		
50	Rose		(return)	
48	Jenkins	David, carpenter	
46	Jeffries	Frank		
44	Morgan	Wm. carpenter	
42	Davies	Henry, agent	
40	Batten	Mrs. Agnes		
38	Dibdin	Geo. E. cashier	
36	Cooper	Mrs. Catherine	
34	Jones	Fred. A. fitter	
32	Watkins	Albert, comp	
30	Heward	Mrs. J. L.		
28	Phillips	J. H. telegraphist	
26	Cox	Mrs. Louisa		
24	Richards	Miss A.		
22	Rendell	Wm. signalman	
20	Elliment	Geo. gardener	
18	Cleverly	Fredk. gardener	
16	Francis	Jenkyn		
14	Pobjoy	Chas. foreman	
12	Mitchell	Thos. William	
10	Garland	Herbt. gardener	
8	James	Miss M. G.		
6	Cooper	W. S. gym. instr.	
4	Eynon	Jas. Jos. mason	
2	Vaughan	Miss Jessie		
Usk Street, C 3
	Bath-street to Constance-street.	
[LEFT HAND SIDE.]
1	Plumley	Hy. Jas managr	
2	Pitman	Walter, carpenter	
3	Oliver	William, roadman	
4	Saddler	Albert Leonard	
5	Lovell	Mrs. Sarah		
6	Watt	John, mason		
7	Davies	W. H. shopkeeper	
	here is Gore-street.	
8	Knowler	A. E.		
9	Lodge	Chas. carpenter	
10	Hollister	Wm.		
11	Harvey	F. J. postman	
12	Jones	J. W. wagon exmnr	
13	Porter	James, wireman	
14	Bibby	Thomas, seaman	
15	Tucker	Thos. labourer	
16	Clarence	Leo.		
17	Bailey	Miss M. G.		
18	Richards	Thos. postman	
28	Webber	James, builder	
29	Powell	E. A. inspector	
30	Sharland	J., Glencoe villa	
31	Davies	John, traveller	
32	Holbrook	Wm. florist	
33	Spencer	George H. tailor	
34	Gillam	Henry		
35	Turner	H. A. W., May v	
36	Waters	Fred. W., carpenter	
37	Barrett	Mrs. A., Winifred	
38	Berry	James, verger	
39	Harwood	Mrs.		
40	Williams	Ralph, Tyntecot	
41	Jones	Joseph, blacksmith	
42	Rowlands	David, police	
43	Page	Paul, ironworker	
44	Shattock	James, ironwkr	
45	Thomas	Frederick	Allen William, painter	
	Davies	William		
46	Wilson	Miss		
47	Lawrence	John William	
48	Ball	Tom		
49	Hall	Mrs. Emma		
49B	Jones	Hy. plumber	
	here is Summerhill-avenue.	
	WRINGTON TERRACE--	
50	Metcalfe	James		
51	Cole	David		
52	Void		
53	Venn	John James		
54	Williams	J. C. gardener	
55	Hall	James		
56	Bell	H. P. traveller	
57	Harward	Miss M. A.		
58	Dix	George, Rosenheim	
59	Harper	Miss M., Lindens	
60	Thackwell	Fred. Wm.	
61	Harness	George, seaman	
62	Scaresbrook	James P.	
63	Bennett	Edwin		
64	Evans	Thos. ironworker	
65	Tweedy	Herbert, clerk	
66	Whitehouse	James	
67	McLellan	Mrs. R. J.		
	here is Brynderwen-road.	
68	Kirby	W. Conyers, Bryn-deryn	
69	Stowe	Sidney Duncan	
70	Taylor	Fred.		
71	Rowland	A., Gunnersbury (return)	
72	Stokes	R. G., Dundree (return)	
73	Manhire	Mrs., Sunnyside	
74	Fenton	T. J., Churchill v	
Victoria Avenue, D 5
	From the George hotel to Christchurch-road.	
[LEFT HAND SIDE.]
2	Daymond	Herbert, police	
3	Short	Sidney, labourer	
4	Evans	Samuel, carpenter	
5	Prosser	George S. builder	
6	Maddicks	Geo. compositor	
7	Edwards	Miss, dressmakr	
8	Callaghan	W. J. plasterer	
9	Canfield	Bert.		
10	Crum	Mrs. H.		
11	Llewellyn	Edm., Moss cot	
12	Florida	B. smith, Fern cot	
13	Martin	Henry, builder	
14	Bryant	Chas. labourer	
15	Boulton	Elijah, labourer	
16	Nelson	Mrs. M.		
VICTORIA WESLEYAN CHAPEL	
17	Victoria	Brotherhood Ins.	
18	Sims	John, labourer	
19-20	Bowns	E. shop		
	here is Crown-street.	
22	Hockey	Mrs. Miriam	
23	Jones	Henry, labourer	
24	Hughes	Edward, labourer	
25	Vowles	Richard, labr	
26	Beck	George, labourer	
27	Dixon	James, painter	
	Baynham	Mrs. Mary A.	
	Evans	Thos. Jas. lab	
	(return)	
	Dunstan	John T.		
	Gething	Isaac, postman	
	Workman	Fdk. W. G.W.R.	
	Tucker	Wm. seaman	
	Jones	Mrs. L. M.		
	Seyers	Ern. J. enameller	
	Poolkes	Thos. policeman	
	Smith	Thomas, traveller	
	Govard	John H. labourer	
	Harwood	Saml. coachbldr	
	Knapman	John Wm.		
	Gilpin	Henry		
	Pile	Alfred, engine drvr	
	Beer	Mrs. Eliza		
	O'Brien	Michael		
	Wyatt	W.J. brksmng.W.R.	
	Coughlin	George, baker	
	Davis	Jas. cab proprietor	
	NEWPORT STREET DIRECTORY.	497		
Vic		Viv		
	75	Hawkes	Capt. C. St. L., 128	Evans Alfred Aug.	
		R.F.A., Mendip villa			
	76	Bowns	E. grocer	Victoria Chambers.	
		Davies Benj. fitter's helper	See 20 Bridge-street.	
	77	Byrnes	T., Severn view		
	78	Davies	Wm. smith	Victoria Crescent, D 5	
	79	Thomas	Frank, engineer	[LEFT HAND SIDE.]	
	80	Belston	George, clerk	1	Hale Wm. Chas. builder
		Belston	Mrs. mater. nurse	2	Jones Mrs. Esther
	81	Winterbotham	Hy. T.	3	Deacon Fredk. fitter
		here is	Woodland-road.	4	Littlejohns Alexander C.
	82	Francis	Mrs. A. B.	5	Connell John, labourer
	83	Venn	Jas. rigger	6	Barton Mrs.
	84	Watkins	Frederick	7	Trace H. R. decorator,	
	85	Void		Dursley house	
	86	Alker	Jas. watchmaker	here is West-street.	
	87	Rees	Wm. ivor., ironwkr	8	Coxon Mrs. Ellen	
	88	Mills	Allen, florist	9	Buxton R., railway porter	
	89	Powell	Mrs. Louisa	10	Elworthy Ephrian	
	90	Coward	Edwd. gardener	11	Gove Percy John	
	91	Gibbons	Arthur R. P.O.	12	Brunt Frank, labourer	
	92	Maisey	Mrs. R. E.	13	Landers Wm. sawyer	
	93	Rutter	Jas., Avenue villa	14	Holmes Wm. postman	
		here is	Church-path.	15	Meredith Jas. carpenter	
	94	Bannister	G. A. schoolmr	16	Chamberlain John	
	95	Shopland	Chas. builder	17	Gale Joseph, painter	
	96	Hawkins	Ed., Fernside v	18	Sully Chas. steelworker	
	97	Lane	Geo., Holt villa.	19	Evans Henry George	
	98	Graham	John, Swiss villa	20	Nelmes Mrs. Mary	
	99	Parkinson	J., Marienburg	21	James William, labourer	
	100	Williams	C. G. registrar		(return)	
		of births and deaths	22	Harris Thomas, labourer	
	101	Williams	Miss S. A.	23	Wall T. R. sweep	
		Holbrook	W., Victoria	24	Farrow Wm. plumber	
		nursery	25	Williams Charles	
	102	Sturley	Wm. lathrender	26	Parker G. A. foreman	
	103	Turner	W. labourer	27	Curtis Mrs.	
	104	Williams	E. J. builder	28	Taylor Arthur	
	105	Taylor	Mrs., Cowling cot	29	Rideout Hubert, baker	
	106	Jory	Geo. cab proprietor		here is West-street.	
	107	Hayes	Geo., Clyde villa	Wreford	James, painter	
	108	Fry	Robt., Silverton vil	30	Capel Thos. warehousemn	
	110	Chesterman	W. butcher		Victoria Road, D 3	
		Fowler	Mrs.	Victoria-place to Park-square	
	112	Jenkins	Wm. gardener	Congregational Church	
	113	McCarthy	Geo. H. fitter		Victoria Square, D 5	
	114	Jones	Geo. assistant		From North-street.	
	120	Howells	David, factory	5	Connors Edmund, labr	
	121	Haines	A. E. seaman	6	Hyett James, haulier	
	122	Thomas	Andrew, agent	7	Saysill George, guard	
	123	Dodd	Robt. J. clerk	8	Knight Henry S. labourer	
	124	Thomas	Hy. G. carpntr	9	Allen John, labourer	
	125	Sanders	Joseph, assisstmt	10	Robson Chas. navvy	
	126	Reeves	Hy. John, printer	11	Long Mrs. Margaret	
	127	Chave	Mrs. H.	12	James George, smith	
		2	Moon	Miss M. K., Solva h	13	Woodruff Jarvis	
		Cooke	Thomas Eborall	14	Goulding Jas. lamplighter	
		3	Bowen	S. M.		
		4	Spurrier	W. B.	Vine Place, D 3	
		5	Knowles	Miss, nurse	From 32 Duckpool-road.	
		6	Garrett	Miss	1	Collins George, labourer	
		13	Hitchcox	Cyril W.	2	Wright George, carpenter	
		14	Gardener	Wm. architect	3	Edwards Chas. engineer	
			(return)	4	Jenkins Wm. J. labourer	
		7	Brewer	R. E. W. surgeon	5	Mitchell Fredk. bricklayer	
		8	Poole & Thompson, nurses		Vivian Road, D 3	
			Padget	Wm. H.	From Corporation-road.	
		9	Bezant	E., Hillstowe ho		[LEFT HAND SIDE.]	
			Johnson	Mrs. B. M.	1	Hayman Wm.	
		11	Roberts	Mrs. E. T.	3	Hennah Norm'ng.boatun	
		12	Bowden	A. W., Ain Garth	5	Maiden Francis, ironwkr	
			Victoria Road, D 5	7	Rogers Geo. watchman	
			Victoria-place to Park-square	9	Brady Chas. ironworker	
			Congregational Church	11	Percy Thomas, labourer	
				13	Simmonds Jos. ironwokr	
				15	Smith Heury	do.	
				17	Lavell Thos.	do.	
				19	Clarke Saml.	do.	
				21	Goodwin Jas.	do.	
Viv
NEWPORT STREET DIRECTORY
23	Edwards Jas.	ironworker		
25	Reardon	Jere.	do.		
27	Tully	Frank	do.		
29	Ashford	Charles	Henry		
31	Peters	Alfred,	ironworkr	
33	Void			
35	Barton	R.	ironworker	
37	Redman	Henry	G. factory	
39	Griffiths	Mrs.	Patience	
41	Worner	John,	fireman		
43	Kelson	Alfred,	ironworkr	
45	Goddard	John,	carpenter	
47	Hughes	Ern.	E. decorator	
49	Void			
51	Pullen	Thos.	fireman		
53	Moore	Fredk.	M. labourer	
55	Void			
57	Tovey	Mrs.	Ada		
	(return)		
58	Evans	Daniel		
56	Vwaughn	Fk.	bricklayer	
54	Davy	L.	general shop	
52	White	B.		
50	Lewis	Fredk.	bootmaker	
48	Curtis	Geo.	ironworker	
46	Dyer	James,	labourer	
44	Creed	Frank,	labourer	
42	Webber	Richd.G.carpentr	
40	Void			
38	Newbury	Hy.	labourer	
36	Summerhill	T.	ironworkr	
34	Bird	James	Henry		
32	Channing	Wm.	L.		
30	Reed	Edwd.	T. moulder	
28	Lewis	Ernest,	ironworker	
26	Wilcock	Rd.	ironworker	
24	Ellison	Percy		
22	Drury	Thos.	ironworker	
20	Butt	Geo.	roadman	
18	Thomas	John,	sawyer	
16	Warry	Benjamin,	butcher	
14	Lawley	Arthur		
12	Woodman	Robt.	labourer	
10	Edmunds	G.	H. ironwrkr	
8	Wells	Howard	do.		
6	Wilding	Joseph	do.		
4	Lewis	Alfred	do.		
2	Young	John		
Alsop & Hayes, carriage wrks	
Vivian-road—continued		
4	Lewis	Herbt.	R. j. foremn	
6	Dunning	F. J.	ironworker	
8	Roberts	Wm.	W. traveller	
10	James	Wm.	J. g.w.r.	
12	George	Illtyd,	labourer	
14	Vincent	J. J.	engineer	
16	Studholme	A.	H. carptr	
18	Hole	Samuel,	plasterer	
20	Doel	Arthur	J. haulier	
22	Void			
24	Bullock	Henry		
26	Honeywill	Mrs.	F.	
28	Day	Frederick		
30	Keal	John,	boilermaker	
32	Mason	George,	G.W.R.	
34	Astbury	Wm.	H.	gas wkr
36	Iles	Edward,	G.W.R.	
38	Prunner	Geo.	eng. driver	
40	Pobjoy	Edwin,	G.W.R.	
42	Swindley	William		
44	Telling	Robert	E. joiner	
46	Collins	Jas.	gas worker	
48	Quance	Wm.	John		
50	Morgan	Augustus		
52	Davies	David	J. painter	
54	Marlow	Wm.	plasterer	
56	Davies	David	Chas.	agent	
58	Morris	Walter,	factory	
60	Phillips	Jos.	F. musician	
62	Luke	William		
64	Hood	Er. S.	traffic foremn	
66	Jones	Percy,	clerk	
68	Tyler	Jas.	building inspt	
70	Watson	T.		
	(return)		
72	Void			
74	Dibbs	William		
53	Davis	G. P.		
51	Pope	William	J.	
49	Bradshaw	Wm.	moulder	
47	Washbourne	Henry	John	
45	Crubb	John	W. traveller	
43	Olds	Philip,	stoker	
41	Martin	Frederick		
39	Williams	Wm.	J. clerk	
37	Warne	Mrs.	S.	
35	Richardson	Jas.	R. tailor	
33	Bevan	Chas.	G.W.R.	
31	Westacott	Wm.	L.		
29	Evans	Cecil	J. G.W.R.	
27	Taylor	G. F.	eng. driver	
25	Sales	Thos.	bottlemaker	
23	Long	Albert		
21	Harding	Thomas		
19	Greening	Alfred,	G.W.R.	
17	Millard	Wm.	mason	
Wallis Street, E 4	
From West Side, Town Dock,	
to Castle-street.		
[LEFT HAND SIDE.]		
1	O'Shea	Wm.	W. labourer	
3	Weare	William,	labourer	
5	Miles	William,	labourer	
7	Void			
9	Void			
11	Lewis	Thos.	G. labourer	
13	McCarthy	John,	labourer	
15	Miles	Denis,	labourer	
17	McNamara	Mrs.	M.	
	(return)		
18	Dempsey	Wm.	labourer	
16	Salisbury	John		
14	Tolhurst	Wm.		
12	Void			
10	Walsh	I.		
8	Breeds	Robert		
6	Johnson	Wm.		
4	McCarthy	Wm.		
2	Baulch	John		
Walmer Road, D 2	
Off Chepstow-rd. nr. Eveswell.	
[LEFT HAND SIDE.]		
1	Griffiths	Howard,ironwkr	
3	Jones	F. Llewellyn		
5	Hopkins	David		
7	Green	T. J. manager	
9	Grant	Robert		
11	Graham	A. D.		
13	Roach	Mrs.	M. E.	
15	Wise	George		
17	Powell	Arthur	Edward	
19	Grocott	Harvey	Jas.	
21	Webb	William	Edward	
23	Tapper	G. W.		
25	Void			
27	Void			
29	Void			
31	Void			
	Vacant	sites		
	(return)		
	Vacant	sites		
28	Void			
15	Davies	John,	signal fitter	
13	Oliver	Geo.	eng.	driver	
11	Harper	Thos.	fitter's hlpr	
9	Reed	John	Hwy.	moulder	
7	Davies	Chas.	porter	
5	Hart	Arthur	J. eng. drvr	
3	Thomas	Wm.	J. bricklayr	
1	Holder	Charles,	painter	
Walford Street, B 4	
From Goodrich-crescent	
[MALPAS-ROAD.]		
[RIGHT HAND SIDE.]		
2	Parkin	E. sanitary enginr	
498		
Wal
26	Void			
24	Void			
22	Musker	Henry James		
20	Void			
18	Eaton	Abraham		
16	Evans	Hy. Howard		
14	Blair	Archibald		
12	Humphries	Jonathan		
10	Croft	Albert J. tailor	
8	Brown	Pask Mrs. E.		
6	Thomas	Harry T.		
4	Pask	Mrs. E.		
2	Day	J. B. gardener	
Walsall Street, E 3
[RIGHT HAND SIDE.]
2	Wooton	George, ironwrkr	
4	Minchin	J. C. ironworker	
6	Russell	Wm. ironworker	
8	Attwood	A. sen. carputr	
10	Griffiths	J. E. carpenter	
12	Warne	W. J. mason	
14	George	Geo. collier	
	Evans	Wm. tailor	
16	McMillan	W. H. ironwrkr	
18	Eatough	John L. assistnt	
20	Attwood	Anthony, jun.	
22	Davies	Wm. fitter	
24	Willey	Wm. E.	
26	Wilkes	Jos. C. ironwrkr	
28	Halfpenny	T. bricklayer	
30	Edwards	Geo. W. ironwrkr	
32	Neachell	Samuel, ironwrkr	
34	Wreford	Wm. ironworker	
36	Corbett	Saml. ironworker	
38	McMullen	Alexander	
40	Tuff	John T. ironworker	
42	Hutchings	Rd. ironwrkr	
44	Gustafson	Edward	
46	Payne	George, roller	
48	Cox	Saml. R. asst. mangr	
50	Payner	Charles	
52	Void			
54	Marchand	Louis, ironwrkr	
56	Poole	Thomas		
58	Jones	H. W. ironworker	
	(return)		
	Vacant sites		
51	Lovell	Wm. dock labr	
49	Gough	David, ironworker	
47	Brammah	John Jos.		
45	Jones	Thomas		
43	Evans	Dd. draper	
41	Ward	Edward Ernest	
NEWPORT STREET DIRECTORY.
39	Howe	Reginald, clerk	
37	Powell	Robert		
35	Morgan	Wm. ironworker	
33				
31	Davies	Thos. furnaceman	
29	Bell	James, com. agent	
27	Halford	Emmanuel		
25	Void			
23	Aston	Joseph, ironworkr	
21	Bagnall	H. W. assistant	
19	Void			
17	Noakes	Luke, irouworker	
15	Noakes	Alfred, ironworkr	
13	Ashburner	William	
11	Grey	Walter, ironworker	
9	Stanton	Frank, gas fitter	
7	Edwards	Chas. stevedore	
5	Tonks	Henry		
3	Collins	Richard H. mason	
1	Aston	Andrew, ironworkr	
Warwick Road, E 2
[LEFT HAND SIDE.]
1	Glover	George		
3	Addicott	Herbert	
5	Edwards	W. B.		
7	Badger	E. C. J.		
9	Pursehouse	Samuel	
11	Void			
	(return)		
	Vacant sites		
	Houses building	
12	Willis	Jas. Henry	
10	Cowie	George W.	
8	Lewis	William		
6	Greathead	Frank	
4	Taylor	Herbert	
2	Rowland	Walter	
Watchhouse Par., F 5
From Mill-parade.
1	Smith	Jesse H. inspector	
2	Phillis	Wm. fuel works	
3	Phillis	Geo. fuel works	
4	Yendall	Wm. coal trimr	
5	Morgan	Mrs. R.		
	F. T. Ellis, Waterloo Hotel	
	here is Alexandra-road.	
13	Minett	T. restaurant	
14	Tuck & Co., Ltd., India	
15	rubber merchants	
Wat
16	Thorn	S. manager	
17	Cardiff Channel Dry Docks	
	and Pontoon Co.'s branch	
	office		
18	Wickett	Thos. C.	
18	Wolfe & Co. family groers	
19	Brunt	Richard, butcher	
20	Void			
21	Void			
22	Crawford	Robt. rigger	
23	Bilbao	E. boarding house	
	here is Wolseley-street.	
24	Dodge	Samuel		
25	Ebsworth	Chas. pilot	
26	Thomas	Hy. boatman	
27	Void			
28	Void			
29	James	Edward		
30	Swift & Son, cab proptrs	
31	Swift	Uriah		
32	Morgan	W. & Son, mat	
	and bag merchants	
33	Dawson	T. & Co., Ltd.,	
34	ships chandlers	
35	Alexandra Dock Hotel—	
	A. Thomas, proprietor	
	Entrance to Alexandra Dock	
Waterloo Road, D 5
Cardiff-road to Friars-road.
1	Manley	Geo., Gaer cot	
2	Davies	John, Patterdale	
3	Lanfear	H. J., Osland ho	
4	Sach	Robt. G., Hillside	
5	Bowen	Wm., Raymond h	
6	Griffiths	M. H., Bodnant	
	here is Gaer-street		
7	Davies	Jno. pilot, Belmont	
8	Pearce	Wm. J., Parkfield	
9	Knowles	Thos., Rylstone	
10	Thompson	Mrs. J., Water-	
	loo house		
11	Jenkins	Asa, Cleved'n view	
12	Jones	Frank, Sea view	
13	Knight	Jas., Channel view	
14	Cutcliffe	F. W., Greyville	
15	Francis	Wm., South view	
16	Clubb	H. E., Essex house	
17	Jones	Fred., Harbour view	
18	Parkes	Wm., Fair view	
19	Lyle	John, Penmorva	
20	Evans	Dd. Robt., Parkside	
21	Ray	W. pilot, Creselly	
22	Radley	Robt., Fields view	
23	Griffiths	W., Danesbury h	
24	Fowler	R. J.		
Suppliers of Best Grade Stationery.	499
WATERLOO-ROAD—continued
25	Richards	Wm., Cranfield h		
26	Pratt	Stanley, Clovelly		
27	Waite	Jacob, Gadshill		
28	Heard	A. W., Rio Vista		
29	Morton	Rd. F., Penparc	3	
30	Simpson	Andrew		
31	Bland	E. C., Fernbank	3	
32	West	F. Hy.		
33	Smythe	C. F., Eryholme		
	here is Llandaff-street.		
34	Jenkins	Mrs. F. M., Tam-		
	worth		
35	Gilmore	John, Deepholm		
36	Howe	F. R., Bella Vista		
37	Morgan	Miss E. J., Penrhiw		
	here is Stow Park-avenue.		
	Burton's Almshouses		
	Belle Vue Park		
WATERS LANE, D 5		
	From 32 Stow-hill.		
1	Thomas	Albert		
2	Sr. Woolos Mission Room		
3	Foley	Miss Annie		
	Sister	Jay, parochial nurse	
WEDNESBURY ST., E 3		
	Left hand side Corporation-rd.		
	[LEFT HAND SIDE.]		
1	Hickman	Henry, ironwkr	1	
3	Bramley	Enos, ironworkr	3	
5	Lewis	Thomas, butcher	5	
7	Davies	Wm. ironworker	7	
	(return)		
12	Clewly	Geo. ironworker	12	
10	Osmond	Samuel, ironwkr	10	
8	Grandon	John, slater	8	
6	Void	6	
4	Knight	Daniel, roller	4	
2	Green	Geo. mortar mftr	2	
WELLINGTON ST., E 3		
	Off Corporation-road.		
WESLEY CHAMBERS.		
See 157 Commercial-street.		
WESLEY PLACE, D 5		
	From 42 Stow-hill.		
1	Turner	Charles, bricklayer	1	
2	void	2	
WESTGATE CHAMBERS.		
172 & 174 Commercial-street.		
WEST STREET, D 5		
	From 12 Baneswell-road.		
	[LEFT HAND SIDE.]		
1	Davies	J., grocer	1	
2	Orders	Fredk., plumber	2	
3	Redman	Jesse, labourer	3	
4	Tilley	James, labourer	4	
5	Tindley	Robert, haulier	5	
6	Shellard	Geo., painter	6	
7	Mortimore	Thos., Magnus	7	
8	Organ	Thos., Magnus	8	
9	Glover	Mrs. Jane	9	
10	Stevens	Edmd. platelyr	10	
11	Hector	Wm. haulier	11	
12	Knight	John, labourer	12	
13	Tanner	Chas. tailor	13	
14	Grant	James, wireman	14	
15	Watkins	Wm., plasterer	15	
16	Davies	Fredk. assistant	16	
17	Goddard	Mrs. Ann	17	
18	Welch	Arthur, checker	18	
19	Farrow	Brothers, plum-		
	bers, &c.		
	BANESWELL POST OFFICE		
	—T.S.O., M.O., S.B., A. & I.		
	here is Victoria-crescent.		
	BEAUFORT TERRACE—		
1	Huelin	P. music teacher	1	
2	Doughty	Robert	2	
3	Salter	Arthur, coachman	3	
4	Hemmings	Walt. porter	4	
5	Gladwell	Thos.	5	
6	Landers	Jas. grocer, etc.	6	
	( return )		
20	Hayter	Miss Agnes	20	
21	Bond	Herbert George	21	
22	Ingram	William, crane		
	driver		
23	Brewer	John, shopkeeper	23	
24	Jones	Mrs. tailoress	24	
25	Curran	Edward, builder	25	
26	Tripp	William Henry	26	
27	Mealing	Mrs. Eliza	27	
28	Dredge	George	28	
29	James	James	29	
30	Avery	Arthur, haulier	30	
31	Bromsgrove	Thomas	31	
32	Ingram	Edwin	32	
33	Mogford	Thos. painter	33	
34	Urðan	Chas. labourer	34	
35	Hale	Levi, machinist	35	
36	Huzzey	William	36	
37	Hale	Tobias	37	
38	Withers	Henry, saddler	38	
39	McCarthy	J., Angel Hotel	39	
WEST MARKET ST., E 4		
	From Albert-st. to Dolphin-st.		
	Curran	E. builders' yard		
1	Brace	Rd. John, labourer	1	
2	Lewis	Sidney, eng. driver	2	
3	Coombs	Saml. R. storekpr	3	
4	King	John, seaman	4	
5	Dawes	James, rly checker	5	
6	Robins	Geo. hawker	6	
	Prosser	George, builder		
WEST PARK, C 6		
	Right of Bassaleg-road.		
	See Ombersley, Upton, and		
	West Park-roads.		
WEST PARK ROAD, C 6		
	From 36 Bassaleg-road.		
	[RIGHT HAND SIDE.]		
2	Thomas	Mrs. J.	2	
4	Perry	Douglas	4	
6	Spencer	F. W., Twyford	6	
8	Chambers	E. accountant	8	
10	Winter	W. R.	10	
12	Jones	Hy. W., Clodagh h	12	
14	Davies	Thos., Pemberton	14	
16	Powell	Ed. J., Highclere	16	
18	Williams	Mrs. R. M.	18	
20	Morris	Mrs. Henry	20	
22	Weaver	B. W.	22	
24	Williams	W. J.	24	
26	Griffiths	Thomas O.	26	
28	Szewin	Hy. P.	28	
30	Lose	W. R.	30	
	here is Upton-road.		
	(return)		
33	Clubb	Henry Edgar	33	
31	Edwards	Thos. B.	31	
29	Harries	Wm. D., Clovelly	29	
27	Cocker	Mrs. Louisa	27	
25	Garth	Edward, manager	25	
23	Sparks	George, N.S.P.C.C.,		
	Snakin		
21	Deer	John, Silver Graig	21	
19	Smith	Henry	19	
17	Reider	Joseph J.	17	
15	Foxwell	Charles Herbert,		
	Springfield		
13	Brown	Mrs. E. A., Lisbert	13	
11	Darroch	Mrs. K.	11	
9	Parsons	Percy Jas.	9	
7	Lloyd	Wm. chauffeur	7	
5	Denman	John	5	
3	Davies	Mrs. M., Parkstone	3	
1	Orlidge	E. F., Ivyholme	1	
	R. H. Johns Ltd., Fine Art Printers, Commercial St., Newport.		
NEWPORT STREET DIRECTORY.
Wes
WESTFIELD ROAD, C 5
(Clytha Park.)
1	Goldsworthy	W. L., Dalry
2	Muller	J. A., The Knoll
2	Muller	S.
here is Parkfield-place.
3	Martin	R. T., Caederwen
4	Acomb	Leonard, Ty-gwyn
5	Hitchcox	W., Broughton
(return)
here is Hilla-road.
6	Oakfield—void
7	Davies	E. F., Rosemont
8	Davies	E. H., Westfield
9	Burpitt	F. E., Llanarthney
10	Smith	E. C., Parkfield
11	Perry	Rev. C. L., The
Laurels
12	Heard	W. S. N., The Ferns
Wharf Road, D 3
From 174 Chepstow-road to
Corporation-road.
[LEFT HAND SIDE.]
1	Blunt	F., cab proprietor
3	Rose	Charles, stoker
5	Shepherd	John, labourer
7	Pritchard	Mrs. Elizabeth
9	Salvation Army Quarters
—Finch Conrad.
11	Cutter	Charles, G.W.R.
13	Rogers	Ernest, ironworkr
15	Simpson	Albt. E. G.W.R.
17	Mutter	George, mason
19	Butler	Geo. H. labourer
21	Radford	Thomas, lab
23	Williams	J. H. & Son,
Ltd., wholesale grocers
and bakers
23A	—
25	Callaghan	John, labourer
27	Watkins	—
G. W. Wharf depôt for
coal, bricks, stones, etc.
here is Phillips-street.
here is Gordon-street.
31	Morgan	Uriah, butcher
here is May-street.
33	Blower	Wm. labourer
35	Bethell	Wm. painter
37	Lowther	Cuth. cellarman
39	Nash	Fred. engineer
41	Taylor	William
43	Smith	W. H., printr/scutter
45	Riddle	Ahiram, labourer
here is Essex-street.
47	Brunt	Henry, grocer
49	Phillips	J. I., sheet wghr
51	Grice	C. A., engine driver
53	Price	Melbourne
55	Ashton	Lambert, guard
57	Brend	W. R., coal mercht
here is Corporation-road.
(return)
112	Daley	John, cranedriver
110	Chapman	Mrs. A.
108	Lloyd	Thos. Crane driver
106	Harvey	Eli, ironworker
104	Cowell	John, motorman
102	Gill	John William
100	Riddle	Er. Jas. ironwrkr
98	Knowles	Henry, carpentr
96	Goldsmith	A.D.watchmkr
94	Griffiths	John, ironworker
92	Dahill	John, dock labr
90	Boswell	Mrs. A.
88	Williams	Geo. carpenter
86	Hopkins	A. G. wiredrawer
84	Webster	Reg. ironworker
82	Miles	Thomas
80	Lowe	John
78	Brind	Edwin, labourer
76	Davies	David, mason
74	Watkins	J. H. fireman
72	Hurford	Mrs. Wm.
70	Shortard	Geo. furnacemn
68	Hicks	Geo. traffic managr
66	Evett	William, labourer
64	Harris	Fredk. mechanic
62	Sheppard	Mrs.
60	Popham	H. baker
58	Matthews	W. H. ins. supt.
56	Pewtner	Geo. labourer
54	Richards	W. H. labourer
52	Morgan	Mrs. M.
50	Hill	E. C. mason
48	Stockwell	Albt.J.carpentr
46	Dunleavie	Jas. boilermkr
44	Shatford	Albert T.
42	Oke	Henry A. carpenter
40	Parker	Ronald H.
38	King	Wm. H. bricklayer
36	Shorney	Henry, plasterer
34	Edwards	Wm. shopkeepr
here is Jeffrey-street.
28	Lowe	David. marine stors
26	Void
24	Richards	E.
22	Claringbold	Mrs. A.
Littlejohns	Wm. cbt. mkr.
here is Glebe-street.
Wha
Wharves	(The),	&c.
From the Bridge.
WEST SIDE
Bangor	Wharf—Newport
Builders' Supply, Ltd.
Baltic	wharf—Nicholas	&	Co.
Ltd. timber & slate mercts
here is the Town Pill.
Cinderhill	Wharf—Star	Mills
-Smiths Newport Ltd.
Moderator	wharf	R. Burton
Beaufort	do	& Son	Ld.
Bristol	Packetdo	carriers	&
Nantyglo	do	w'fringers.
Guest, Keen & Nettlefolds,
Ltd., Patent Nut & Bolt wf
Liverpool	wharf—S.	Wales	&
Liverpool,'St Ship Co., Ltd.
--Robert Gilchrist & Co.
Lewis	C.	& Co. iron merchts.
Cox	Isaac, stone merchant
Ebbw	Vale	Steel,	Iron,	and
Coal Co.'s wharf
Powell's	Town	wharf—Budd	&
Co. colliery proprietors
Pontypool	wf.—E. Vale Co.
Mariner's	wharf—do.
Ebbw	Vale	Coal	Co.'s	wharf
-Fred Larcombe, foreman
Vipond	J. & Co.'s wharf
Gloucester	whf—G.W.R. Co.
Clements	J. iron merchant
Maybury	& Co.builders'mers
Victoria	wf.—Ebbw	Vale	Co.
-iron ore, pitwood. etc.
here is Jack's Pill.
Newport	(The) Dry	Docks--
Mordey, Carney & Co., Ltd.,
engineers,ironshipbuilders
and ship repairers
Llanarth	whf.—A.	J.	T. Goss,
oil and grease merchant
Harris & Coxou, ship repairers
501
20	Edwards	--, grocer
18	Hill	George, mason
16	Summers	Hy. L. cleaner
14	Orders	Charles, painter
12	Lewis	Henry
10	Harrison	John, tram drvr
8	Underwood	Edwd. labr
6	Little	Edwd. hay cutter
4	Williams	Wm. bootmaker
2	Hughes	& Son,cycle dealrs
Leadbetter	& Co. builders and
contractors
MAINDE	AND	EAST	WARD
LIBERAL CLUB
--Sanders	Chas.	fish	shop
Manufacturers of Ledgers and Account Books.
Wharves—continued
Blaina wharf—Dock Co.
Williams Walter
Evans John, wagon insptr
Payne Thomas, foreman
Tillery wharf—
Hughes Mrs. Louisa
London Adamant Plaster &
Keene's Cement works
Clapp's wharf—
Farmer James, platelayer
Stevens David & Co.smiths
Russell's wharf—Lancaster's
Steam Coal Collieries Co.
Williams John & Co. (C. F.
Williams)warfangers,sand
and gravel merchants
Rica wharf—Watts, Watts
and Co.
Newport Enamelled Slate
Co., Ltd.
Commercial wharf—
Deri wharf; {
Aberberg wharf
Cambrian wharf
and iron and brass founders
Rhynney wharf
Devonshire wharf
Penner wharf—James Poole
& Co. coal and pitwood
merchants
Edwards John
Phillips & Sons' malthouse—
C. R. Wilkinson, maltster
TOWN DOCK ENTRANCE
Customs' watch house
Phillips' wharf
Powell Duffryn wharf
Penmaen wharf
Campbell's Landing stage
Pillgwenlly wharf-Partridge,
Jones & Co., Ltd.
Newport Adamant Plaster &
Keene's Cement Co.
Andersen Julius
Kingdom Mrs. Maria
Larcombe Henry
Harding G. F. iron & steel
merchant
Tredegar Dry Dock & Wharf
Co., Ltd.
Latch's wharf—
Newport Engineering and
Ship Repairing Co., Ltd.
Newport Foundry Co.
Rock wharf—Lydney & Crump
Meadow Colliery Co.
502
Waterloo wharf—T.G. Cart-
wright,colliery proprietor-
Payne Thomas, foreman
Transporter Bridge,
Rhoswen wharf—Cardiff and
Newport Pat. Fuel Co.,Ltd.
Machen wharf—Geo. Scott
& Co.
Parry&Sons, coalmerchts
Cork wharf—
Taylor Mrs. Wm. Hy.
Alexandra Docks wharves
ALEXANDRA DOCKS.
The Watch house
South Docks Entrance.
Harbour Commissioners' bal-
last jetties
The Powder house
EAST SIDE—
See also Rodney-parade.
London wharf—Davies Bros.
(Newport) Ltd., builders'
merchants
Commissioners' Land'g stage
The Gridiron
Johns Matthew, Rodney whf.
lime kilns
Clarence Wharf Joinery Co.
Newport Box Co., Clarence wf
Kailton&Son,oil&greasemrs
Riverside Coal Co.'s yard
Imperial Works--Guest, Keen
& Nettlefolds, Ltd.
Great Western wharf--Hap-
perfield & Willans
Usk (The) Chemical works—
Morris & Griffin
here is Liswerry Pill.
Lysaght John, Ltd.,Orb works
here is Stephenson-road.
TRANSPORTER BRIDGE
Mordey, Carney & Co., Ltd.
Channel Dry Docks&Pontoon
Co., Ltd.
Wheeler Street, C 4
From 15 Pugley-street.
[LEFT HAND SIDE.]
1 Sweeney Abraham
2 Watts James, labourer
3 Sykes Edward, machinist
4 Radclifle Richd. carman
5 Williams Sid. upholstery
Wetter Wm. Hy. police
6 Godwin Philip, police
7 Cook Frederick
8 Andrews A. E. fireman
9 Boffin A. E. fireman
10 Griffiths John, factory
11 Davies Henry, engineer
12 Wilkinson Wm.confector
13 Evans Chas. A. labourer
14 Jenkins Rd. ironworker
15 Williams Fredk. labourer
16 Finch Harry, sugar boiler
17 Keefe Dennis, tailor
here is Evans-street.
18 Morris Chas. gas works
19 Jennings Henry, seaman
20 Murphy Mrs. H.
21 Jones —,
22 Harris John, watchman
23 Monks Stephen, mason
24 James Frank P.
25 Bryant William, labourer
26 Thomas Mrs. Ann
27 Dyer J. H. P. fish curer
(return)
Shaftesbury Park Lodge
—Jenkins Charles
here is Evans-street.
28 Fitzgerald Mrs. A.
29 Harris Thomas, G.W.R.
30 Harding Mrs.
31 Phillips Mrs. E.
Phillips Miss E. dressmkr
32 Lewis David, bricklayer
33 Lypiatt Charles, G.W.R.
34 Saysill Wm. carpenter
Whitby Place, C 3
From Prince-street.
1 Thickens Owen, fireman
2 Probert Thos. platelayer
3 Hourihane Jere. puddler
4 Chappell John, haulier
Whitstone Road, C 1
Off Christchurch-road.
[RIGHT HAND SIDE.]
Bull Charles, Mayfield
Greenway G. E. portr., Weston
Griffiths Charles, ironworker
Daykin Py. ironwkr, Penarthe
Toöman Herb., Fairholme
Bingall Benj. J. labr, Fir cot
Kettle Francis H., Violet cot
Clarke Jos., blrnkr, Beechw'd
Logie John, River view
Richards Nicholas
Shaw John, window cleaner
R. H. Johns Ltd., Wholesale Stationers, 46 Commercial St., Newport.
NEWPORT STREET DIRECTORY.
Whi
	Watkins C. C., Glendale	
	Phillips Godfrey	
	Warner W. dk.lab, Llandough	
	Evans William	
18	Harvey	Wm.	labourer	
19	void	
	Croome W. R., Chepstow	
20	Scrivens	Thomas,	striker	
	Sheppard Thomas, Wenvoe	
21	Evans	Mrs.	Mary	
	Packington Wm., Pursefield c	
22	Lavender	W.	E.	
	Sims T. H., Claremont cot	
23	Day	John,	ship carpenter	
	Weaver T. butchr, Holme Lea	24	Void	
	(return)	25	Morrison	Jno. brewers' lab	
	Rees S. E. shop	26	David	Alfred,	smith	
	here is Diana-street.	27	Gildings	W. R. & Sons,	decorators	
	Sivertson Peter, seaman	
	Snook Robert, labourer	28	Manly	Robt.	brass foundr	
	Smith Joseph, fitter	Manly Henry	
	Vincent Wm. insur. agent	29	Holmes	John,	guard	
	White Fk. W., Tintern cot	30	Flynn	J. H.	stevedore	
	Jenkins Charles, roller	here is Charlotte-street.	
	Wilkins Wm. Jas. labourer	31	Hannen	Thomas	
	Mills Mrs. R.	32	Baker	James,	plateleyer	
	Woodford William, checker	33	Hayman	Wm. eng. drvr	
	Hooper Walter, Yorkley cot	35	Knight	Chas. coal dealer	
	Manners John, signalman	36	Gillett	Thos. N.	haulier	
	PENYLAN MISSION ROOM	37	Vincent	Thos.	smith	
	Dimmack C. F., Fern cottage	38	Cole	Wm.	patternmaker	
	Smedley Thos., Rose cottage	39	Moore	James,	builder and	
	Noad W. E. garden, Hatherl'h	contractor	
	Grandin A., 1 Channel view	40	Wood	Wynd.	labourer	
	Rowe G. gdnr. 2 do.	41	Pugsley	E.	ship's officer	
	Cox C. stonemasn, Pleasant vw	42	Bird	Albt.	storekeeper	
	Collett H. butcher, The Firs	42A	Hill	J. H.,	Fern cottage	
	Ball T. eng. driver	(return)	
	Wood Jos. coachmn, Far view	43	Kirby	James,	bootmaker	
	Eardley Richard, Claremont	44	Johnson	Wm. labourer	
	45	Castle	Saml. ship carputr	
	Williams Street, E 546	Robinson	Walt. G. haulier	
	From 153 Commercial-road	47	Edwards	T. Fdk. fireman	
	[LEFT HAND SIDE.]	
	to Capel-crescent.	48	Fontaine	John, labourer	
	1	Stokes John, printer	49	Evans	William	John	
	2	Cooper William, fitter	50	Dean	John,	mason	
	3	Hill Walter, fuel worker	51	Gibbons	Edwd. moulder	
	4	Glover George, fitter	52	Davey	Thomas	James	
	5	Murrow Henry, sailmaker	53	Viner	Mrs.	Ellen	
	6	Chappell Albt. Hy. travlr	TREREGAR WHARFSCHOOLS	
	7	Thorne W. engine driver	here is Charlotte-street.	
	8	Simmonds Bert.	54	May	Miss	M. A.	
	9	Gardiner W. H. eng. drvr	55	Hall	Alfred,	shipper	
	10	Payne John, coal shipper	56	Clarke	Mrs. Sarah	
	11	Moore James, mason	57	Langmaid Miss M.	
	12	Crawley Patrick	58	Falser	Thomas	J.	
	13	Griffiths Walter, labourer	59	Manly	& Son,	brass fndrs	
	14	Cox William, fitter	60	Thomas	John	
	15	Berry Thomas, stoker	61	Kelly	George,	mason	
	16	Ford William	62	Jones	Mrs.	Kate	
	17	Williams Mrs. E. S.	63	Thomas	Chas.	trimmer	
	Win	
	65	Salter	Saml. J.	labourer	
	66	Cornick	Chas.	steward	
	67	Waite	Jas. Jno.	eng. drvr	
	68	Panting	Mrs.	Sarah	
	69	Graddon	Augustus	John	
	70	Manley	Alfd.	boilermaker	
	71	Griffiths	Chas.	hoistman	
	72	Williams	Hy. eng.	driver	
	73	Probert	Geo.	labourer	
	74	Taylor	Jas.	engine driver	
	75	Hill	George	
	76	Jones	Elijah	
	77	Void	
	78	Jacobsen	Wm.	
	79	Davies	William	
	80	Grant	Mrs.	William	
	81	Edwards	Morris,	boatmn	
	82	Cox	William	
	83	Davies	Benjamin,	laborer	
	84	Void	
	85	Nelson	Mrs.	boardg. ho	
	86	Warehouse	
	87	Stokes	J. printing	works	
	88	Ross	John	
	Wilson Street, E 4	
	King's-parade to Castle-street	
	[LEFT HAND SIDE.]	
	1	Challingsworth W. mouldr	
	3	Burke	William,	labourer	
	5	Mulcahy James,	labourer	
	7	Ganner John	
	9	Holmes John	
	11	Pitcher	Ben.	eng. driver	
	13	Baker	Frederick,	trimmer	
	15	Mulcahy William	
	17	Cogan	Charles,	carpenter	
	(return)	
	18	Persson	John,	seaman	
	16	O'Keefe	Thomas,	rigger	
	14	Stowell	John,	labourer	
	12	McCarthy	Daul.	labourer	
	10	Taylor Rd.	
	8	Morgan	Wm.	labourer	
	6	Sedgwick	John	
	4	Void	
	2	Haden	John,	labourer	
	Windsor Road, E 2	
	Right-hand side Chepstow-rd	
	[LEFT HAND SIDE.]	
	1	Perrins	H. A.	
	3	Hall	John Wm.	salesman	
	5	Stewart	James	K.	
	7	Evans	Taliesin	
	9	Harding	Thomas	John	
	11	Rees	Henry	
	503	
	Printers of Illustrated Catalogues and Price Lists.	
NEWPORT STREET DIRECTORY.
Win
Windsor-road—continued
13	Constance	Samuel	
15	Richardson	Rd. Wm.	
17	Hughes	George Henry	
19	Thomas	D. H.	
21	Williams	Albert	
23	Round	Frederick	
25	Temple	A.	
27	Bath	D. H.	
29	Hambling	J. W.	
31	Allen	Thomas F.	
33	Jones	H. E.	
35	Void	
37	Moss	A. E. builder, etc.	
Vacant sites	
( return )	
Vacant sites	
44	Racouchot	Henry	
42	Tonks	Alfred	
40	Wilson	Trevor James	
38	Morris	Wm. Jas.	
36	White	Edward C.	
34	Brooks	Samuel	
32	Woodhall	G. H.	
30	Morris	Ernest	
28	Fyfe	Andrew	
26	Void	
24	Woof	Henry	
22	Jones	John Henry	
20	Cobley	George F.	
18	Watkins	J. R.	
16	Morris	W. E. traveller	
14	Russell	Hubert Henry	
12	Allen	Charles	
10	Miller	George	
8	Morris	James	
6	Pullin	Reg. electrician	
4	Dyer	Frank	
2	Paynter	Miss A. M.	
Windsor Terrace, D 5
From Tunnel-terrace to	
Albert-terrace.	
[RIGHT HAND SIDE.]	
1	Probyn	Thomas	
2	Ashman	Geo. engineer	
3	Frost	William, agent	
4	Spencer	Amos	
5	Williams	W. H.	
6	Lovett	Wm. Hy. ins. agt	
7	Betterton	Chas. G.W.R.	
8	Gower	J. A.	
9	Rowe	Jos. drawing master	
10	Chambers	Mrs., Mossbank	
11	Nott	Mrs., Kelso villa	
Nott	Geo. music teacher	
504	
12	Bartholomew	A. W. music	
teacher	
( return )	
13	George	Mrs. A., Mabel vil	
14	Lewis	H. C., Rose cottage	
15	Jacobs	L., Ash cottage	
16	Pritchard	J., Stanway cot	
17	Watkins	Mrs. P., Hope cot	
18	Sutton	F. W., Sunnybank	
19	Williams	A. E., Springhill	
Wingate Street, F 5	
Mendalgief-rd. to Wolseley-st.	
[LEFT HAND SIDE.]	
1	Hughes	Thos. dock pilot	
3	Campbell	Malcolm	
5	Thomas	John, engine drvr	
7	Jones	David, trimmer	
9	Geary	Thomas, trimmer	
11	Merry	Elias, police	
13	Sully	Alfred, trimmer	
15	Evans	Wm. coal trimmer	
17	Carpenter	Robert John	
19	Purnall	John, trimmer	
21	Cracknell	Edwd. foreman	
23	Attewell	Mrs. Jane	
25	Bradbury	Arthur C.	
( return )	
24	Lawrence	Harry, grocer	
22	Davies	Fredk. boatman	
20	Harper	Benj. trimmer	
18	Evans	David, dk. gatemn	
16	Sims	Robert, trimmer	
14	Boyd	Charles	
12	Travers	Jasper, trimmer	
10	Jones	Samuel, smith	
8	Griffiths	John, labourer	
6	Irvine	Edwd. trimmer	
4	Hart	James, trimmer	
2	Blake	John, rigger	
Winmilli Street, E 4	
John-st. to South Market-st.	
1	James	Mrs. Margaret	
2	Davies	Edwd. ironworker	
3	Taier	Seth	
4	Purvis	Mrs. Caroline	
5	Benson	Charles, labourer	
Witham Street, D 3	
Off Covevack-road.	
Rt.-hand Side Corporation-rd.	
[LEFT HAND SIDE.]	
1	Ryan	Thomas, haulier	
3	Tutton	Joseph, labourer	
5	Overton	Wm. cleaner	
7	Goddard	Wm. labourer	
9	Griffiths	Frederick J.	
11	Weaving	Jas. eng. drvr	
13	Chadwick	Arthur	
15	Johnson	Fredk. ironwrkr	
17	Brown	Henry, labourer	
19	Sefton	Henry, labourer	
21	Palmer	Henry, eng. drvr	
23	Saunders	Wm. J.	
25	Lodge	John, ironworker	
27	Sealey	Edwd. J. fitter	
29	Allen	Tom J. eng. fitter	
31	McGowan	Robt. ironwrkr	
33	Stone	John, labourer	
35	Gallivan	Jeremiah, labr	
37	Dowler	Geo. E. ironwrkr	
39	Evans	Mrs. S.	
41	Pepper	Mrs. Esther	
43	Gallear	John, ironworker	
45	Jarvis	John Henry	
47	Ellis	George	
49	Smith	John, ironworker	
51	Hunt	Benj. ironworker	
53	Clarke	Wm. ironworker	
55	Whittaker	John, labourer	
57	Cregg	Geo. ironworker	
59	Weaver	Joseph, fireman	
61	Kenney	Albert, fireman	
63	Kidwell	John, navvy	
65	Void	
67	Evans	Fk. electric wiremn	
69	Wilks	Eli, fireman	
71	Void	
73	Bickerton	James, ironwrkr	
75	Allen	Garnet N. blksmth	
77	Warnet	James	
79	James	Alfred, G.W.R.	
81	Gatehouse	J. E. weigher	
( return )	
56	Davies	Rees, turner	
54	Lee	Isaac, labourer	
52	Wesson	Joseph. ironwrkr	
50	Adcock	Wm. labourer	
48	Sweeting	Frederick	
46	Sargent	Joseph, labourer	
44	Hyde John	
42	Staines	Thomas	
40	Richards	John, labourer	
38	Jones	John, shop	
36	Collier	Ralph, labourer	
34	Evans	Mrs. Lilian	
32	Ford	Alfd. Geo. labourer	
30	Bennett	John, labourer	
28	Parfitt	Charles, labourer	
26	Athay	Mrs. Sarah	
24	White	Thos. ironworker	
R. H. Johns Ltd., Paper Merchants, 46 Commercial Street, Newport.	
Wit		
22	Giblin	James	labourer		
20	Blackwell	Wm.	stoker		
18	Watts	Joseph		si	
16	Lewis	Edward	ironworker		
14	Sheen	Wm. Geo.	G.W.R.		
12	Easthope	F.	labourer		
10	Llewellyn	Hy. J.	labr		
8	Fox	Robert	labourer		
6	Price	Harry		si	
4	Meredith	Wm. J.	mason		
2	Wheaton	Alf. J.	labourer		
Withey Bed, B 4		
From 22 Dos-road.		
Nott	William,	mason		
Lewis	Mrs. Ann		si	
Stott	George,	waterman		
Nott	Victor	B. plumber		
Wolseley Street, F 5		
From 22 Watchhouse-parade.		
[RIGHT HAND SIDE.]		
1	Aguirre	Juan		si	
3	Jordan	Simon	ship pntr		
5	Clayton	John	labourer		
7	Bartlett	Jas. Hy.	labourer		
	Ottomar	Henry		
	here is David-street.		
9	Durrant	Percy	G. grocer		
13	Foulks	Richd.	labourer		
15	Dyer	Leonard		si	
17	Copall	Joseph	rigger		
19	Atwell	Edgar	G. trimmer		
21	Williams	Thos.	carpenter		
23	Unbuilt		si	
25	Jones	W. H.	rigger		
	Mahoney	Jno.	trimmer		
27	Blunt	Wm.	crane driver		
29	Young	Hy.	engine driver		
31	Walsh	Jas.	labourer		
33	Hughes	John		si	
35	Taylor	William	labourer		
37	Glynn	Fredk.	labourer		
39	Void		si	
41	Casburn	Fredk.	labourer		
43	Nicholson	Thos.	smith		
45	Wood	William	E.		
	(return)		si	
56	Harris	Wm.	labourer		
54	Thomas	Lewis	labourer		
52	Pollock	Hy.	Jno.	striker	
50	Dance	Thos.	coal trimmer	c	
48	Saunders	Wm.	trimmer		
46	Robinson	William		si	
44	Berry	Thos.	G.	labourer	
42	Williams	Jas.	boilermakr	25	
GG2		
NEWPORT STREET DIRECTORY.		
40	Berry	Mrs.	Charlotte		
38	Jones	William	fuel wks		
36	Jones	John	fuel works		
34	Atwell	William	labourer	45	
	Dobson	James	A.		
32	Atwell	Wm.	T.	trimmer	47	
30	Watkins	Wm. E.	carpentr	49	
28	Harris	Thos.	milk vendor	50	
26	Ricketts	Jos.		si	
24	Knapp	Alfred	mason		
22	Hood	William	coal trimr	53	
20	Thomas	Hy.	engine drivr	54	
18	Luxton	George	tipper		
16	Bartlett	David		si	
14	Berry	Francis	trimmer		
12	Pearson	Geo.	labourer		
10	Kimble	James		si	
	Wolseley	Street	Chapel	
8	Evans	William	hobbler		
6	Perkins	Wm. H.	labourer	62	
4	Bartlett	S. J.	labourer	63	
		64	
Woodland Road, D 2		
From 81 Victoria-avenue		
to Crescent-road.		
[LEFT HAND SIDE.]		
1	Yverdun	Training		
	College,	Kindergar-	
	ten	and	High	School-
	Miss	E.	M.	Strachan
2	Dix	W. J.,	Brighton villa		
3	Owen	E. D.,	S., The Laurels	5	
5	Southall	John	E.		
6	Percival	Naoh,	Fair view	9	
7	Smith	Robt.	H.	enameller	11	
8	Nicholas	David,	carpenter	13	
9	Jordan	Mrs.	M., Fernside	15	
10	Bray	Geo.	Wm.	traveller	17	
11	Dean	John,	signalman	19	
12	Dudley	Wm.	E.	merchant	21	
13	Dean	Ernest	Hy.	police	23	
	CLEVELOD	TERRACE-		
14	Davies	Alfred	gardener	25	
15	Townsend	H.	C.		
16	Atherton	Frank	police		
17	Birden	George,	mason		
18	Jenkins	Arth.	H.	traveller	
	(return)		si	
19	Boore	R.	schoolmaster		
20	Nicholas	Wm.	carpenter	22	
21	Pingel	Alfred	T.		
22	Woodland	house		
23	England	F.,	Woodland	c	10	
24	Spencer	Mrs.	M.,	Wood-	8	
	land	v		6	
	Wright	Robert	Henry	4	
	Williams	Jas.	Pucknall	Albert	2	
Woo		
Berlyn	J.,	The Woodlands		
here is Woodland-park.		
Williams	J. coal dealer		
Berzana	Geronthius,	jun.		
Stevens	H.	A.		
Meredith	A.		
Sim	Wm.	inspector		
Lander	F.G.schoolmaster		
Poynton	Edward		
Phillips	Chas.	R., postman		
Weston	W.	J.	carpenter		
Hale	Samuel,	ironworker		
Bertera	Mrs.	L.		
Caunter	Wm.	carpenter		
Stephens	C.T.,	Frankville		
Brewster	A.	G., Ivy lodge		
Davies	Mrs.	R., Glen villa		
Brookshaw	Thomas	Hy.,		
	Abbotsford		
Davies	Herbert,	slater		
Seary	Frank,	Roseville		
Woodland Park Rd.,		
D 2.		
[LEFT HAND SIDE.]		
From Woodland-road.		
1	Wilson	T.	B.	R., Methven		
3	Richards	Rev.	Morgan,		
	The Grove		
Allen	F.	Alex,	The Lees		
JenkinsW.H.,TheBeeches		
Morgan	A.	Somerset	v		
Bunning	Charles		
Gill	F.	J.P.O.		
Millward,J.K.,Nosworthy		
Romney	Edwd.,	Hillcrest		
Keene Percy, Chellowdene		
Milner Mrs.E.M.,IvyDeen		
Hough	C.	R.		
Reed	Fred.,	Beech house		
Tapson	A.	H.,	Rougemont		
Pugsley	Henry,	The Firs		
Howells	Rev.	T.	B.,	Pensbury		
	(return)		si	
	Vacant	sites		
30-24	Void		si	
20-14	Void		si	
12	Brown	E.	L.		
Wait	F.	L.,	Dulce Domum		
	Void		si	
	Rees	Bowen	T.		
	Thompson	C.F.,Glenbank		
	505		
R. H. Johns Ltd., “Directory” Office, Newport.		
Wyn
NEWPORT STREET DIRECTORY.
Yor
Wyndham Street, C. 4
From 96 Shaftesbury-street.
1 Embling D. confectioner
2 Cobelli Joseph
3 Cobelli John
Newport(Mon.) District Hide, Skin, Fat & Wool Co., Ltd.
Public Slaughter houses—
James Hooper, manager
37 Hancock Alfred
39 Taylor E. W.
41 Smith W. A. draper
43 Browne W. G.
45 Edwards W. E. prof.music
47 Morgan T. C.
49 Evans Rev.Geo.,The Glyn
51 Spiridion M., Fern Lea
53 Berryman T., Glen view
55 Vines C. S. physician and
surgeon, Broadawel
(return)
Head Quarters Boys' Brigade, 1st Co.
70 Stroud Mrs. E. A.
68 Everett Joseph
66 Curnuck Mrs. F.
Williams & Curnuck, photographic publishers
64 Pool James
62 Avery E. W.
Fisher Frederick
60 Rees Wm. F., Tenby ho
58 Rutherford Jas. Melton h
56 Evans C. E., Cotswood
54 Dix John, Rockwood
52 Ayliffe Mrs.E., Kingswood
50 Clark G. J., York villa
Davies Owen
48 Watson Mrs. R. L., Rose-
[berry
46 McKay Peter
44 Wood Chas.
42 Williams Howard
40 Liles W. H. clerk
38 West Wilmot
36 Tugwell Hubert
34 Harrison J. foreman prtr
32 Seigle Joseph
30 Murrow Fred. E.
28 Roberts John Hy.
26 Wilson Andrew
24 Downs W. P.
22 Williams P. P.
20 Griffiths Henry J.
18 Griffiths Thomas Wm.
16 Gunn William
14 Haskins Miss E. I.
12 Coombs Mrs. M. C.
10 Brain George
8 Williams William
6 Green Mrs. M., Ida house
4 Collier Misses, Clyde ho
2 Langmaid Henry, builder
York Road, C. 3
From 179 Caerleon-road to
Durham-road.
[LEFT HAND SIDE.]
1 Horton Edwd.sheet w'ghr
3 Budd Charles, carpenter
5 Martin Thos. H. fitter
7 Jackson Chas. engineer
Flesher, Millward & Co.
drysalters
(return)
Evans Reuben, bootmaker
Dicks T. builder
14 Price William S. postman
12 Leigh Frank, postman
10 Rendall Albert, painter
8 Slocombe Evan J.
6 Betts Jno. S. H. plasterer
4 Davies W. J. carpenter
2 Bartlett’Thos. H. p.o. insp.
Wyverne Road
Between Warwick and Kenilworth-roads.
(Chepstow-road.)
York Place, D. 5
[LEFT HAND SIDE.]
1 Williams R. E.
3 Harries Benjamin
5 Jennings Miss E. M.
7 Williams Wm. Rees
9 Woodhall Wm. verger
11 Butcher Miss M.
13 Brownscombe Mrs. John
15 Watkins S. R.
17 Hewinson William
19 Michael David, Wern ho
Michael D. F. A.
21 Nicholas Wm. Hy.
23 Connor Mrs. M. A.
25 Rees Miss L. J.
27 Mullock Henry
29 Jones B. G., Elmdene
31 Sherrin Mrs. E. B., St.
Gothard's
33 Richards Mrs. Hilda
35 Morse Wm. L., Shorwell
